id,name,email,address,date_joined
1,David Strickland,robinsongeoffrey@example.net,"4311 Daniel Islands North Bonnie, OR 22814",2024-07-26
2,Lisa Davis,kathryn24@example.org,"508 Thomas Square Apt. 321 Reidville, NY 01957",2023-02-21
3,Robert Bowman,ptaylor@example.net,"25280 Leonard Spurs Suite 288 Port Christopherhaven, MS 58362",2023-08-03
4,Ashley Christian,pamela15@example.com,"17850 Steven Run Apt. 037 West Bradley, VI 70998",2021-06-06
5,William Robinson,april34@example.org,"1346 Barrera Mount Suite 413 Port Kristintown, PR 29741",2024-03-15
6,Mrs. Anita Simpson,robertroberson@example.com,"336 Christian Meadow North Melissa, DE 67258",2023-09-24
7,Miranda Hartman,josephalicia@example.net,"4680 Michael Club Danielchester, DC 82291",2024-03-25
8,Ashley Friedman,allenemma@example.com,Unit 8091 Box 9071 DPO AP 47670,2022-10-19
9,Heather Reynolds,nunezsamuel@example.org,"648 Padilla Coves Murrayfort, AR 99042",2020-01-24
10,Ronald Sullivan,laura76@example.com,"6433 Abigail Run Suite 290 New Michaelfurt, KS 51279",2022-02-06
11,Andrew Li,xbrown@example.net,"1876 Ortiz Divide Alexandrahaven, TX 97488",2022-10-25
12,James Moore,cindybates@example.com,USNV Mills FPO AA 19847,2023-10-01
13,Philip Garcia,connie74@example.com,"8744 Meyers Mountain Apt. 348 Loweberg, CA 85947",2022-02-21
14,Matthew Roberts,victoriabryan@example.net,"7548 Jessica Forest New Ericberg, PR 05152",2021-06-26
15,Nathan Brown,ramossabrina@example.com,"1801 Spencer Islands Pamelastad, PW 03041",2021-01-20
16,Natalie Logan,pbrown@example.com,"254 Jill Estates Stephanieburgh, WY 24747",2021-01-08
17,Trevor Dodson,erikaluna@example.net,"28824 Kathleen Passage Suite 582 North Craigmouth, ID 11938",2022-02-06
18,Paula Kennedy,jgray@example.net,"12140 West Manor West Ashley, TN 46917",2024-06-01
19,Robert Bates,mcneilsarah@example.org,"16793 Faulkner Via North Kevinside, NH 60865",2021-06-02
20,Alexandra Nelson,alexanderjessica@example.com,"599 Heather Wall Conniestad, LA 35145",2023-08-22
21,Scott James,angelastone@example.com,"0851 Christopher Green Apt. 468 New Mary, SD 11950",2024-07-17
22,Amanda Foster,tthompson@example.net,"69582 Steven Viaduct New Michael, NV 47886",2020-11-03
23,Alex Moore,russellmoore@example.org,"188 Matthew Stravenue Joseview, PW 05345",2021-02-11
24,Diana Davis,zsmith@example.com,"321 Monica Harbors Suite 898 Robinsonton, PA 32119",2022-01-15
25,Robert Jennings,nsnyder@example.net,"4061 Porter Roads Suite 546 Ashleyport, VT 55140",2021-12-14
26,Jennifer Sutton,thompsonjohn@example.org,"619 Alexandra Radial East Christopher, MA 53130",2023-07-15
27,Diana Bright,ysmith@example.com,"20810 Thompson Circles Velasquezmouth, CO 06800",2020-12-19
28,Joseph Johnson,jose03@example.com,"5917 Heidi Vista Alvarezshire, AL 15186",2020-03-26
29,Jose Watson,meagan32@example.com,USNS Lyons FPO AE 07960,2021-09-21
30,Matthew Smith,gary89@example.org,"1527 Carroll Manors Suite 053 North Joseph, KS 17084",2022-10-05
31,Stephanie Lee,njordan@example.net,Unit 5472 Box 8722 DPO AE 07772,2021-03-31
32,Nathan Moore,qadams@example.com,"27585 Ruiz Trail West Pamela, RI 13281",2024-09-01
33,Matthew Levy,qclark@example.net,"226 Williams Coves West Michaelfort, KS 94167",2022-03-30
34,Lindsay Cruz,nicole80@example.net,"8389 Benton Station Apt. 691 New April, RI 58485",2020-06-18
35,Victor Davis,edgarpalmer@example.org,"760 Kelly Circle Suite 511 Georgemouth, AK 13796",2023-01-25
36,Christopher Davis,melissa75@example.org,Unit 1719 Box 9087 DPO AP 39010,2022-09-07
37,Randy Strong,anthonymurray@example.com,"224 Alex Estates Suite 032 North Alan, VI 43834",2021-02-23
38,Stephanie Lang,alan45@example.org,"06856 Loretta Station Port Matthewside, RI 05011",2021-11-02
39,Ashley Boyle,dianaleonard@example.net,"29114 Davis Avenue Port Jessica, PA 48575",2023-08-17
40,Robert Berry,carlsonrichard@example.com,"0307 James Throughway Nelsonmouth, MD 03693",2023-03-26
41,Robert Perez,huffmanwesley@example.org,"774 Caldwell Corners Emilystad, DC 92668",2022-01-31
42,George Hood,wharmon@example.net,"7480 John Junctions East Michelle, DC 79647",2020-10-04
43,Brett Jones,cwhitney@example.net,"9173 Torres Valley East Brianborough, GA 13650",2022-10-21
44,Emily Weber,mezabrittany@example.com,"7525 Jennifer Light Suite 814 Port Amberbury, AL 04148",2022-08-07
45,Michael Lynch,sydneyyoung@example.org,"5299 Jennifer Island Bakertown, HI 70045",2024-09-04
46,Julia Miller,cynthiagibbs@example.org,"7402 Tiffany Corner North Benjaminside, NH 31621",2021-05-06
47,John Jefferson,igarza@example.org,"6537 Renee Cove Apt. 122 Lake Victortown, WY 16744",2020-09-13
48,Kyle Sims,omiller@example.net,Unit 9721 Box 5676 DPO AA 67511,2020-06-21
49,Paul Burke,stephanie19@example.org,"9417 Laura Passage Brianberg, DC 41047",2021-09-14
50,Victoria Bradley,stephen34@example.org,"720 Shaw Junction Port Donald, VA 54729",2020-04-23
51,Mrs. Amy Wilson,angela28@example.org,"4504 Mary Park New Alicialand, CA 82232",2024-07-29
52,Jeffrey Houston,michelegregory@example.net,"627 Tracy Plaza Suite 628 Christinastad, NE 26198",2022-04-15
53,Brenda Lawson,ygreen@example.com,"95492 Olson Hills Jameschester, NY 09377",2020-06-04
54,Amanda Mendoza,taylormichael@example.org,"6402 Morales Forks Susanville, NV 33683",2024-04-02
55,Gerald Porter,zaguilar@example.com,Unit 9420 Box 8735 DPO AE 21670,2024-04-01
56,Tracy Duncan,samantha54@example.org,"45327 Wilson Trail Apt. 929 East Cesarshire, CO 96384",2022-03-15
57,Ann Kent,alvaradotaylor@example.net,"2049 Jennifer Tunnel Apt. 265 Lake Andrewport, DE 11955",2022-09-08
58,Jill Marks,tfoster@example.com,"11023 Mitchell Junction Apt. 260 Andreabury, AL 15358",2023-12-23
59,Lori Baird,lisaduncan@example.net,"39383 Shaw Squares Christianview, VI 38347",2023-06-07
60,Rhonda Odonnell,julie21@example.net,Unit 6772 Box 8587 DPO AA 60763,2021-10-14
61,Christopher Lopez,brownsara@example.net,"8073 Rachel Run Brittanymouth, MO 72979",2022-08-28
62,Ryan Ruiz,andrewramirez@example.org,"0831 Holland Fort Palmerhaven, SC 22128",2021-04-27
63,Amanda Frazier,rmorrison@example.org,"81292 Taylor Isle North James, KS 27874",2022-06-29
64,Andrea Brown,webbjustin@example.com,"173 Oneal Inlet East James, OR 98090",2020-11-09
65,Robert Lewis,patrick91@example.com,USCGC Miller FPO AE 97202,2020-01-08
66,Kendra Wagner,cfranklin@example.com,"169 James Rest Apt. 540 West Devonborough, MT 64176",2021-09-15
67,Samantha Conley,william11@example.org,"060 Tina Drive Suite 204 Lake Audreyside, UT 53826",2023-05-09
68,Michaela Palmer,ashley66@example.org,"3277 Mills Ridges West Oscar, IN 07501",2022-02-04
69,Anthony Smith,robert35@example.net,"301 Ronald Drive Nathanfurt, WI 07378",2023-02-20
70,James West,roberto91@example.net,"69010 Juarez Landing Port Eric, CA 11747",2020-03-29
71,Derrick Mendez,williamsdominique@example.net,"4071 John Junctions Apt. 703 Port Spencer, FL 61297",2022-05-28
72,Andrew Carter,katherinenielsen@example.com,"390 Darrell Crossing Gabrieltown, TN 65579",2023-01-27
73,Roger Morrow MD,garyweber@example.org,"11029 Ryan Drive North Cassandra, VI 39956",2023-03-15
74,Elizabeth Stephens,trevor88@example.net,"PSC 6173, Box 3471 APO AE 02697",2020-04-12
75,Mr. Paul Hall,ramirezspencer@example.com,"00300 Robert Alley Suite 819 Joshuaburgh, TX 10979",2022-02-26
76,Gary Lee,breynolds@example.org,Unit 7386 Box 7792 DPO AA 17733,2022-07-10
77,Ryan Rodriguez,john24@example.org,"6702 Paul Summit South Kayla, WV 48440",2021-09-07
78,Amy Griffin,fhill@example.org,"801 Lewis Trail Kevinmouth, MO 97735",2023-01-03
79,Michael Finley,psandoval@example.org,"29848 Torres Freeway Brianmouth, NJ 64071",2024-08-16
80,Brian Jackson,johnsonashley@example.com,"207 John Point Port James, MS 49344",2020-10-24
81,Jessica Wilson,andrewmarshall@example.net,"98155 James Hollow Apt. 842 Martinfurt, VT 71167",2024-01-09
82,Susan White,sotojoan@example.org,"992 Ryan Point Mayhaven, SD 04502",2023-08-12
83,Nicholas Smith,schultznancy@example.net,"9538 Barnes Street Apt. 092 New Jenniferport, MI 58462",2024-04-12
84,Tina Sanchez,marysimmons@example.net,"68964 Hancock Village Brittanyshire, OK 73017",2020-08-28
85,Heather Robinson,ggrant@example.com,"90163 Robinson Extension Trevinofurt, MP 73359",2020-04-10
86,Adrian Martin,john05@example.com,"3459 Johnson Turnpike Apt. 413 Raymondshire, CT 76719",2023-03-24
87,Brandon Hall,hayden15@example.org,"53652 Sanders Avenue Suite 427 Stuartberg, ND 01962",2020-06-07
88,Daniel Villa,dustinharris@example.org,"8632 Jones Brook West Michelle, CA 35179",2020-09-07
89,Jessica Patton,james23@example.com,"88800 Diana Fork Port Johnbury, WI 53573",2023-01-05
90,Andrew Fitzgerald,katiemcconnell@example.net,"50790 Weiss Oval Randallshire, NJ 63021",2021-03-10
91,Brandon Cole,chapmankevin@example.org,"52920 Evans Plaza Suite 121 Marthaton, NV 55619",2020-01-05
92,Jessica Neal,lisacox@example.com,"74016 Edgar Green Apt. 685 Thomasbury, MH 11282",2022-09-25
93,Andrew Becker,powersdiamond@example.net,"212 Allison Square Suite 873 South Suzanne, MN 09052",2023-12-09
94,Dillon Smith,hurstheather@example.org,"437 Danielle Locks Lake Lisa, UT 80987",2021-05-08
95,Casey Morgan,paulnicole@example.net,"8779 Molina Plains New George, OR 14402",2020-08-09
96,Joseph Villegas,hernandezdiana@example.com,"0282 Lam Pine Candiceshire, IA 11084",2020-02-19
97,Anthony Smith,xjenkins@example.net,"162 Gaines Light Berryville, CO 20879",2021-04-09
98,Taylor Brown,andrew70@example.org,"37215 Joyce Mountain Port Melindahaven, RI 73862",2024-03-11
99,Stephanie Jones MD,robert31@example.org,"79279 Fletcher Union Smithfurt, MD 84214",2020-06-30
100,Jonathan Stephens,ashleyunderwood@example.org,"3742 Leonard Mountain Destinystad, FL 79831",2021-04-16
101,Eric Smith,richard74@example.org,"93287 Foster Squares Apt. 206 Lake Jesse, PR 19092",2021-12-09
102,Robert Winters,blevinstodd@example.net,"325 Miller Summit Suite 646 Johnsonport, PW 56502",2021-07-22
103,Jennifer Hansen,craig59@example.org,"90131 Denise Loop Suite 751 New Jeffreyhaven, ND 05111",2021-08-26
104,Sara Delgado,stokesheather@example.org,USNV Mccullough FPO AP 48316,2024-04-05
105,Samantha Santiago,laurenwhite@example.org,"587 Karen Plain Suite 569 Adamsborough, NM 51684",2022-12-20
106,Joan Welch,sethmoore@example.com,"251 Shelton Plain Lake Shelbyton, SC 22611",2021-01-13
107,Ashley Lee,dwelch@example.org,"058 Knight Ville Suite 783 Brandychester, NE 59555",2020-06-28
108,Darlene Hudson,diane34@example.com,Unit 3553 Box 5704 DPO AE 43604,2024-04-22
109,Andrea Holland,cmccarthy@example.net,"91700 Gilbert Motorway Apt. 494 Darrylberg, FL 66918",2020-07-07
110,Theresa Nelson,maryjenkins@example.org,"7333 Gregory Radial Suite 761 Jonesborough, PA 04915",2022-09-03
111,Charlene White,jonesariana@example.net,"157 Emily Rapids Suite 363 South Annetteview, CA 43346",2024-03-06
112,Rebecca Bennett,thomasjessica@example.com,"66536 Jacob Forks Kevinland, AR 72251",2023-08-15
113,Jennifer Green,tgonzalez@example.net,"322 Simmons Ford South Ashley, ID 62219",2021-07-12
114,Joseph Lin,lhenry@example.org,Unit 5181 Box 2407 DPO AA 38435,2022-02-22
115,Christine Torres,allisondeborah@example.org,"098 Heather Orchard Jeanetteview, CO 30592",2024-07-05
116,Julian Rosales,steven87@example.com,"6873 Jones Isle Scottshire, AS 41713",2021-10-23
117,Meghan Harrison,belltodd@example.com,"932 Green Freeway Kimberlytown, AR 69043",2022-05-04
118,Jeffrey Harris,christopherlewis@example.org,"3172 Bell Springs Gregorymouth, RI 54146",2020-10-18
119,Andrea Hudson,craigcooke@example.org,"15045 Ray Freeway Apt. 775 New Tyler, ME 07949",2023-02-22
120,Jamie Esparza,csanchez@example.com,"129 Nicole Plain Apt. 686 East Tamaraville, TN 86878",2024-01-13
121,Brandon Hernandez,andrewwilliams@example.com,"55715 Whitehead Row New Jose, PA 14302",2021-08-22
122,Shawn Sanchez,gonzalesanthony@example.com,"64109 Barrett Viaduct Apt. 811 New Robertstad, PW 31648",2023-06-28
123,Jenna Kelley,ryanhurley@example.org,"234 Mcgrath Neck West Johnny, ID 60589",2024-07-09
124,Thomas Moss,tgibson@example.com,"9463 Hardy Walks West Patrickfurt, IN 65111",2024-05-06
125,Mason Bailey,nathanesparza@example.com,"89962 White Roads Apt. 480 West Kevinbury, PA 96204",2020-01-03
126,Jonathan Sheppard,raymond35@example.com,"PSC 7387, Box 1730 APO AA 41872",2024-06-18
127,Sean Adams,cervantesashley@example.com,"588 Deborah Coves Port Kayla, HI 52639",2023-03-26
128,Natalie Howard,henryjimenez@example.org,USS Smith FPO AP 65019,2021-06-24
129,Jennifer Moore,amy72@example.org,"471 Edwards Knolls Suite 497 West Shannon, UT 32621",2020-12-06
130,Sergio Wilson,juliepeck@example.net,"9488 Schaefer Street Williamview, AK 26440",2022-04-26
131,Kimberly Eaton,jerry65@example.net,"9605 Perkins Landing Daveberg, NJ 22517",2020-07-18
132,Anthony Nelson II,jamiewilliams@example.com,"0128 Franco Junction Port Robert, HI 10499",2022-12-19
133,Miranda Scott,kentfry@example.org,"2465 Martinez Spur Port Andrew, WI 00529",2020-01-21
134,Robin Bruce,amy76@example.net,"6667 Boyd Prairie North Maryburgh, VA 97123",2022-02-21
135,Jason Powell,scooper@example.org,"1250 Ramirez Terrace New Jamesport, CA 49843",2021-11-14
136,Rhonda Fox,rpeterson@example.org,"248 Murray Point Wrightland, VI 28200",2020-12-24
137,Patrick Evans,margaret85@example.org,"739 Joshua Run Apt. 474 Ramirezville, NM 75562",2022-07-02
138,Michelle Wood,fullerbenjamin@example.org,Unit 5888 Box 6303 DPO AP 46345,2024-07-13
139,Barbara Daniels,jayharper@example.net,"61638 Daniel Ports Davidmouth, GU 31377",2021-08-20
140,Edward Clayton,andrewnixon@example.net,"95804 Cynthia Lane Apt. 697 Port Amandastad, UT 52844",2021-09-09
141,Caroline Hanna,danny36@example.net,"55028 Tami Summit Apt. 508 North Rachelchester, AK 34008",2023-03-10
142,Charles Newman,billycarpenter@example.org,"01003 Matthew Place Apt. 573 Birdtown, CO 48879",2021-01-17
143,Anita Wyatt,rachel89@example.com,"25125 Christina Vista East Nicholasview, MP 09899",2022-03-06
144,Catherine Vaughn,kyle13@example.net,"71550 Lewis Island Apt. 643 New Cynthiaview, NE 96352",2023-11-19
145,Heather Newman,adambell@example.org,"9299 Eric Falls Johnshire, PW 79810",2020-03-07
146,Craig Walker,john75@example.org,"4404 Patricia Islands New Joshualand, KS 93423",2021-08-27
147,Nicole Stanton,jpotter@example.com,"52563 David Summit Savannahmouth, VA 26416",2024-05-11
148,Robert Carpenter,williejones@example.org,"85378 Hernandez Lane Suite 316 North Chaseberg, OR 74626",2023-07-01
149,Rebecca Jones,nathan16@example.com,"4102 May Harbors Apt. 912 Hunterville, MI 13955",2020-01-07
150,Shane Newton,jamesmatthew@example.org,"67994 Gonzalez Junctions Apt. 683 Swansontown, ME 05298",2022-04-18
151,Mr. Tyler Daniels,zdavidson@example.com,"0020 Ballard Knoll Apt. 049 Port Daniel, IL 07561",2021-01-13
152,Denise Williams,maldonadodanielle@example.org,"6405 Nguyen Summit Apt. 380 Josephmouth, CO 26420",2023-06-02
153,Laura Torres,wallacejulie@example.net,"44002 Jason Expressway West Heathermouth, DE 50696",2022-11-30
154,Joseph Farley,vmaldonado@example.net,Unit 5677 Box 1658 DPO AA 00812,2022-01-13
155,Laura Lyons,stephaniealvarez@example.net,"262 Beth Plaza Apt. 070 South Gregoryhaven, WI 79535",2021-12-10
156,Laura Williams MD,wsmith@example.org,"68770 Clayton Ridges Suite 659 South Mary, AS 55198",2023-11-28
157,Robert Miller,herreradeanna@example.net,"0819 Lopez Hills Joshualand, IA 36007",2020-12-09
158,Michael Keith,lesliebrown@example.org,USNV Rowe FPO AA 40689,2020-05-19
159,Andrea Lopez,stewartstephanie@example.org,"81770 Sanchez Prairie Philipstad, TX 46017",2021-08-22
160,Matthew Arroyo,fchen@example.net,"495 Daniel Square East Ginabury, HI 98877",2021-06-29
161,Adam Rodriguez,uboyle@example.com,USCGC Richardson FPO AA 57069,2021-05-25
162,Wendy Morse,lori02@example.net,"958 Oconnor Lodge Suite 615 North Charlesbury, NY 60005",2023-05-22
163,Danielle Johnson,gordonjames@example.net,"1809 Barbara Path Apt. 711 Sandovalborough, UT 67097",2021-08-27
164,Jennifer Fuller,lisahodges@example.org,"3792 Sawyer Way Apt. 472 Ramirezmouth, PW 60822",2023-07-02
165,Kerry Mcgee,devin34@example.com,"93078 Rowland Brooks Apt. 084 Cliffordside, NJ 80010",2021-10-07
166,Aaron Barnes,nathanleonard@example.net,"007 Stuart Manor Apt. 134 South Laura, OK 51462",2023-12-13
167,Cesar Maddox,amanda65@example.net,"61383 Lopez Place Suite 557 New Olivia, DC 20093",2024-05-05
168,Erik Tucker,judith77@example.com,"883 Byrd Circles North Timothytown, WA 07223",2024-07-29
169,Joseph Matthews,hmurphy@example.org,"63529 Elizabeth Pine Travishaven, TX 12213",2021-11-18
170,Nicholas Roberts,toni81@example.net,"505 Stephanie Prairie Suite 895 West Sherri, PR 36432",2022-05-06
171,David Gomez,joe63@example.org,"0553 Christensen Via Apt. 826 Larsonhaven, WA 10985",2020-10-28
172,Ashley Summers,michaelfernandez@example.org,"846 Wilson Union Apt. 456 Kimberlyland, DE 42505",2020-06-22
173,Heather Garcia,taylorbrett@example.com,"8486 Chelsea Greens Cruzstad, VT 87030",2022-01-11
174,Glen Bender,qkent@example.org,"435 Norman Prairie Apt. 639 South Leonburgh, TN 64004",2022-01-21
175,Roger Schmidt,lbowman@example.com,"7620 Jeffery Island Apt. 294 Vanessashire, NC 78641",2020-06-26
176,Travis Brock,amandarobinson@example.net,"84040 Joseph Fork Lake Taylorchester, VT 14167",2022-09-30
177,Kathryn Davis,qraymond@example.org,USNS Kennedy FPO AE 99757,2020-01-23
178,Isaac Phelps,courtney67@example.net,"29865 Jacobs Trace Murphyfurt, HI 42258",2022-12-22
179,Patricia Martinez,sjames@example.net,"512 Lawrence Trafficway Nicholsonfort, MP 22636",2022-09-12
180,Nicole Wells,kyle26@example.com,"9243 Nathaniel Branch East Ronald, ND 51128",2023-11-15
181,Kelly Rodriguez,igordon@example.org,"98095 Brent Stravenue Lake Kelsey, FM 61954",2022-03-29
182,Angela Smith,ksilva@example.com,Unit 8537 Box 4975 DPO AE 99737,2021-02-08
183,Erika Carr,timothy37@example.org,"4230 Jerry Wells Suite 980 Sarahchester, TX 94763",2024-01-13
184,John Foster PhD,burnettvalerie@example.com,"3140 James Square Edwardchester, ID 89762",2024-07-04
185,Joseph Delgado,mhinton@example.org,"01521 Kevin Roads Nelsonfurt, CT 20456",2023-06-24
186,Lisa Ashley,ruthperez@example.org,"50622 Michael Way Suite 271 East Teresa, IA 29366",2023-07-26
187,Thomas Dawson,richard69@example.com,"395 Flores Village Suite 295 New Kevin, MT 14149",2021-12-18
188,James Thompson,chadbrown@example.org,"22622 William Rapids East Jennifermouth, NE 45472",2023-05-29
189,Dwayne Nelson,alejandro83@example.net,"649 Spencer Green Victoriastad, NV 68458",2021-09-30
190,Jason Bradley,edward04@example.net,"259 Anna Creek Mariahburgh, CT 58439",2022-03-06
191,Jeffrey Koch,angela10@example.org,"6550 Sheryl Ranch Lake Jacob, DC 34589",2021-12-06
192,Joseph Allen,cnelson@example.net,USS Huff FPO AE 29975,2021-04-25
193,Diana Watson,alexis02@example.net,"93569 Olivia Summit East Charles, GU 23457",2020-02-14
194,Tommy Ortiz,owhitney@example.org,USNV Watson FPO AA 51547,2023-10-12
195,Karen Lewis,martinangela@example.com,"7926 Freeman Passage Suite 771 Jessetown, TN 39094",2024-02-12
196,Patricia Hughes,egreen@example.com,"15963 Lopez Union Apt. 060 Davishaven, OK 33000",2021-03-16
197,Janet Joseph,lsanchez@example.net,"3672 Summers Villages East Corey, SD 08801",2024-03-18
198,Joshua Lopez,ywarner@example.com,Unit 1403 Box 0682 DPO AE 07759,2022-11-25
199,Evelyn Richard,brittany37@example.org,"8768 Amanda Mill Suite 070 West Jenniferchester, MN 00944",2024-09-05
200,Megan Carter,xmyers@example.org,"2453 Jordan Crossing Suite 795 Adamsview, CA 21845",2022-02-03
201,Jonathan Barnes,hburton@example.org,"500 Johns Club Suite 507 Kellyton, KY 05784",2024-01-25
202,John Sanchez,zavalajason@example.net,"57419 Davis Meadows Port Garrett, SD 74990",2020-12-26
203,Sheri Hurst,carteraaron@example.org,"56045 Samantha Harbor Apt. 738 Angelashire, NY 76393",2021-11-16
204,Rebecca Scott,rodriguezjennifer@example.com,"58410 Shane Island Suite 837 Michaelfurt, IL 40373",2020-12-17
205,Rebecca Macias,andrewvaughan@example.org,"PSC 3628, Box 3724 APO AP 38880",2024-09-26
206,Carl Jensen,latasha56@example.com,"320 Pena Valleys Wernerfort, MP 84713",2021-03-18
207,Jacqueline Hicks,bthomas@example.net,"30802 Thompson Mission Apt. 363 Myersside, MS 73099",2022-07-13
208,Jennifer Harrington,ubenson@example.org,"903 Rice Plain Chungmouth, WA 29880",2021-02-12
209,Bryan Sanchez,weaverkatherine@example.org,"8035 Carla Flats Port Lori, SC 64980",2024-01-16
210,Bradley Garcia,coreyschroeder@example.com,"6969 Barker Lock Williamview, MA 29441",2021-04-29
211,Chelsea Baldwin,andrew13@example.com,"22467 Gary Road Saraport, ND 46141",2021-04-26
212,Taylor Watson,kevingriffin@example.org,"7748 Berger Station Candiceland, MO 99124",2023-06-07
213,Nicholas Anderson,jamesford@example.org,"140 Mary Drives Suite 418 West Roberttown, MD 54566",2022-08-18
214,Steven Cooper,dorseygregory@example.com,"150 Tran Green Port Johnfurt, ME 29137",2024-07-25
215,Alan Krueger,carlos67@example.org,"5601 Waller Shoals Apt. 872 Michellefurt, GU 93230",2024-01-17
216,Thomas Chan,christinahiggins@example.net,"8623 Jon Overpass Suite 073 Campbellburgh, VT 90977",2024-08-22
217,Michelle Patel,paul45@example.com,"613 Renee Springs Lambertside, MN 41126",2020-01-18
218,Christian Riley,johnguzman@example.net,"06014 Campbell Dam Suite 303 New Bradleymouth, MH 04258",2022-07-28
219,Michael Young,ipatterson@example.org,"8811 Thomas Prairie Apt. 940 Wendymouth, ME 04834",2020-09-12
220,Stephanie Wolfe,molinaandrew@example.com,"6905 Abigail Drive Wallaceberg, CT 71926",2023-03-02
221,Nicole Thomas,swansonashley@example.org,"60819 Sanchez Shoal Noahton, SC 10686",2020-04-26
222,Megan Cruz,janedillon@example.com,"6371 Scott Ways Lisaburgh, PW 15319",2020-05-20
223,Stacy Rogers,theresa96@example.net,"15071 Barr Square Apt. 451 South Kelsey, AK 32673",2022-07-27
224,James Petty,nromero@example.net,"79964 Thomas Court South Melanie, MO 59102",2020-10-29
225,April Davis,watkinspamela@example.com,"6234 Vazquez Rapids Apt. 021 Chelseyfurt, UT 62219",2020-07-27
226,Dustin Cohen,jill12@example.net,"08285 Kylie Village Apt. 660 Lake Jonathon, IL 24996",2020-08-03
227,Brenda Jimenez,youngdavid@example.com,"2057 Guy Ford Suite 094 East Ricardoview, KY 65923",2021-04-09
228,Micheal Knight,mary01@example.com,"7335 Miranda Villages West Allisonland, ME 51252",2022-02-21
229,William Ruiz,mark16@example.net,"98317 Johnson Throughway West Tylerchester, SC 26373",2021-10-18
230,Seth Smith,vguzman@example.com,"914 Kimberly Crossroad Lake Eugeneport, NE 28198",2020-04-15
231,Leonard Harvey,coloneric@example.com,"60844 Bryan Mills Aaronside, HI 05994",2020-08-11
232,Megan Vance,phillipsmark@example.com,"3595 Robert Unions Port Michael, NC 47385",2024-06-26
233,Ryan Hood,eflores@example.com,"595 Rogers Square Suite 665 South Patrick, NV 70879",2021-03-04
234,William Rose,rossashley@example.org,"776 Jesse Coves New Craig, UT 63225",2020-12-20
235,Kimberly Davis,lindadyer@example.net,"982 Elizabeth Island Suite 360 Lake Michelleport, IA 56084",2020-01-03
236,Thomas Wright,justin85@example.net,"7321 Washington Pine New Anthonyburgh, IA 39976",2022-09-20
237,Denise Figueroa,nthompson@example.com,"819 Andrew Ranch Marshmouth, NC 03312",2022-04-13
238,Anthony Adams,markhaynes@example.com,"364 Ayala Stream Donaldtown, IN 84706",2021-03-25
239,Jonathan Gregory,patricia20@example.com,"303 Shepherd Lodge Suite 678 South Johnstad, NH 22500",2024-04-28
240,Darlene Miller,matthew31@example.com,"49962 Abigail Crossroad Suite 970 Tammytown, MO 84504",2021-08-12
241,Karen Johnson,james17@example.com,"2394 Danny Haven Herrerafort, NV 01132",2022-05-19
242,Mark Weaver,cynthiawoods@example.net,"792 Ryan Key New Meganfurt, WV 46637",2020-05-01
243,Gary Houston,larry87@example.com,"729 Zimmerman Squares Singhview, ND 59535",2020-11-10
244,Sarah Brewer,dawn48@example.com,"92632 Crystal Streets West Brianborough, NJ 41677",2020-09-01
245,Jessica Good,khunt@example.net,"3594 Fleming Summit Suite 073 Ramirezport, NC 52811",2021-11-10
246,Emily Thomas,vasquezrandall@example.net,"275 Jacob Drives Jamesbury, NC 38096",2024-09-18
247,Cynthia Lee MD,sheila00@example.com,"472 Silva Summit Apt. 531 South Cynthiaville, CT 09042",2022-04-07
248,Megan Mills,kristina79@example.net,"70712 Baker Divide Apt. 179 North Ruthfurt, NV 32534",2021-07-06
249,Timothy Smith,carrollnicole@example.com,"863 Mendoza Hills Rodneyborough, SC 54193",2021-09-21
250,Julie Mitchell,nsanchez@example.org,"510 Ashley Stream North Jennifertown, NH 00900",2023-09-13
251,Michael French,robinbrock@example.net,"6845 Logan Squares Apt. 516 South Thomastown, MT 50229",2020-06-07
252,Sandra Moore,lauren74@example.org,"91765 Johnson Overpass Apt. 880 South Thomasport, UT 68886",2021-11-15
253,Katherine Butler,brian12@example.org,"PSC 6109, Box 9125 APO AP 89383",2021-10-15
254,Betty Velasquez,davidhernandez@example.net,"40579 Sean Stream Hendersonport, MH 40156",2020-09-03
255,Cathy Kemp,cisnerosdonald@example.com,"4948 Dawson Junction West Barbara, NY 64134",2024-06-13
256,Andrew Williams,smithbrady@example.com,"1123 Moore Unions Apt. 090 Johntown, MP 51189",2020-09-09
257,Jordan Johnson,barbaramiranda@example.org,"9908 Hannah Motorway Charlesport, IN 72339",2021-09-01
258,Susan Shaw,derekallen@example.net,Unit 7079 Box 3407 DPO AP 24259,2020-09-08
259,Brenda Sanders,johnnysullivan@example.com,"49563 Tucker Valley East Jacob, ID 12935",2024-03-21
260,Monica Jones,david65@example.com,"8006 Johnson Extension Suite 009 Ballport, DC 38098",2021-06-04
261,Katie Snyder,brandon78@example.org,"5568 Jessica Street East Debbietown, NM 09264",2024-04-16
262,Daniel Brown,davidsondennis@example.com,"027 Smith Circles Christophershire, GA 48492",2021-05-23
263,Maria Rivera,harriskimberly@example.net,"608 Martin Bypass Apt. 740 Ryanfort, MN 46474",2024-01-30
264,Rebekah Ware,hollysmith@example.net,"7609 Lisa Station Port Ryanborough, MH 85348",2021-09-28
265,Jamie Murphy,karenbrewer@example.net,"625 Kramer Lock Port Danielfort, SD 17696",2024-02-26
266,Randy Hopkins,dennis82@example.com,"38952 Velasquez Fields Apt. 322 Bernardborough, NJ 35050",2022-11-28
267,Jody Wilson,srojas@example.net,"5491 Johnny Fork Suite 539 North Courtneyside, LA 86058",2024-03-15
268,Nathan Jones,kimberly56@example.net,"30869 Frazier Rapids Apt. 842 Liufort, MS 95190",2020-09-23
269,Jacob Dodson,grodriguez@example.com,Unit 6975 Box 7480 DPO AE 78986,2020-02-15
270,Jacob Garcia,annryan@example.org,Unit 0790 Box 7913 DPO AE 08903,2024-06-29
271,Christopher Henderson,dwilkins@example.net,USS Alexander FPO AE 47761,2020-11-09
272,Anthony Simmons,christopherhammond@example.org,"677 Dean Falls Amychester, ID 04057",2023-11-08
273,Sarah Clark,eric15@example.org,"82094 David Rapids Lake Joshua, KY 67354",2020-11-09
274,Jodi Robinson,steve05@example.org,"0632 Callahan Stream Suite 818 East Jonathan, TX 04658",2020-12-03
275,Lindsey Estrada,amyreyes@example.com,"05710 Brandon Ridges Port Paula, WA 89824",2024-07-30
276,Laura Page,ann71@example.net,"5119 Vargas Light Suite 416 North Lisa, ND 09176",2021-06-27
277,Joshua Arroyo,brent61@example.com,"502 Anthony Field Suite 278 South Mark, OK 80889",2022-09-02
278,James James,lindsaygeorge@example.net,"0263 Mills Canyon Smithport, NV 82695",2020-04-13
279,Mark Stevens,karen02@example.net,"4208 Wilson Turnpike Millerhaven, MO 73768",2021-11-29
280,Austin Smith,whitekeith@example.com,"5242 Espinoza Road Apt. 065 Nathanfurt, ME 53816",2024-03-16
281,Edward Williams,timothy58@example.com,"8835 Benjamin Tunnel Sarahtown, GA 62872",2023-05-09
282,Tonya Horton,robin80@example.org,"3887 Rodriguez Parkways Suite 700 North Stephanie, MS 28126",2021-05-23
283,Cynthia Lee,mcdowelljason@example.com,"202 Andrea Place East Tina, MD 83288",2020-09-21
284,Dawn Smith,wryan@example.net,"04284 Perry Glen Apt. 961 Zunigachester, VT 22439",2023-11-06
285,Tyler Lam,uthomas@example.com,"8073 Cooper Club Christopherview, OH 70448",2020-11-10
286,Spencer Owens,hwilson@example.org,"88657 Spencer Mountain Apt. 070 Johnside, WY 97481",2022-05-04
287,Jerry Gonzalez,ophelps@example.org,"0078 Jacob Court Suite 724 Travisbury, AL 57734",2021-06-28
288,Bethany Miles MD,robinsontheresa@example.net,"27434 Alyssa Drive Suite 424 Heatherhaven, OR 80744",2021-11-11
289,Marissa Roberts,reynoldsvickie@example.com,"30963 Emily Wall Suite 933 Marissaburgh, NM 36865",2024-03-13
290,Ashley Ellis,jturner@example.net,"5711 Young Divide Abbottside, SC 61173",2023-06-01
291,Amy Wagner,adrianbooth@example.org,"3952 Bush Gardens Lake Connortown, NY 41789",2021-01-06
292,Destiny Reynolds,kiarajoseph@example.com,"0238 Walton Club Gonzalestown, NJ 03874",2024-10-09
293,Nathaniel Sandoval,danieladams@example.com,"99612 Billy Glens Apt. 162 Kevinside, WV 12755",2024-06-15
294,Courtney Morris,ymedina@example.com,"540 Brandt Light Jeffreyport, IL 54870",2024-07-23
295,Patrick Phillips,morrowjason@example.org,"354 George Loaf North Lauraland, LA 84204",2024-08-27
296,Laura Johnson,wattsgerald@example.org,"97420 Santiago Points Apt. 569 South Charles, CA 93641",2022-01-27
297,Nathan Jackson,teresa50@example.org,"4095 Phillip Forks Port Jacob, PA 53644",2021-08-30
298,Jason Walters,vbailey@example.net,"PSC 5428, Box 2507 APO AE 62120",2023-04-06
299,David Hart,donaldpatterson@example.net,"73534 Kidd Station Suite 878 Christinetown, AS 31430",2024-05-17
300,Jeffrey Young,vernon17@example.org,"84550 John Square Suite 597 West Ericaburgh, HI 70662",2020-05-08
301,Brian Walters,nathanrodriguez@example.com,"4992 Lawrence Fork Apt. 268 West Madison, NE 52138",2020-12-07
302,Pamela Collins,twallace@example.net,"43838 Woods Light Mackenziemouth, OR 84555",2023-10-08
303,Sharon Williams,william80@example.com,Unit 4898 Box 5538 DPO AP 74193,2021-12-31
304,Julie Thomas,vwilliams@example.com,"82009 Washington Underpass Suite 204 Whiteport, OK 89517",2020-11-13
305,Caitlin Barry,linda66@example.com,"PSC 4097, Box 5391 APO AE 86959",2022-09-05
306,Jose Jones,susan07@example.org,"562 Kimberly Landing Apt. 141 Wilkersonhaven, MO 20756",2024-02-25
307,Lisa Ward,ashley05@example.net,"17148 Myers Ways Brianland, PR 11862",2020-03-10
308,Thomas Mckenzie,vwilliams@example.net,"3316 Pamela Island Suite 553 Jeremyfurt, HI 90041",2024-06-21
309,Lisa Perez,rtran@example.com,"3063 Sharon Landing Martinville, OK 85074",2021-02-21
310,Thomas Moore,tthompson@example.org,"645 Rangel Drive Suite 281 Lisachester, GA 01960",2023-10-30
311,Nathan Cobb,ashleyfisher@example.net,Unit 6954 Box 5680 DPO AE 12320,2022-12-06
312,Carl Martin,wilsonholly@example.net,"1590 Julie Pines Apt. 563 Dustintown, CA 62981",2022-05-03
313,Sandra Owens,keith98@example.org,"79401 Perry Trace Reginachester, ME 28949",2020-10-30
314,Derek Lewis,imolina@example.net,"6058 Robinson Stream Port Katrina, MT 51220",2022-01-16
315,Laura Fisher,michael74@example.com,"461 Johnston Glen Suite 335 South Jennifermouth, AK 04544",2021-04-08
316,Taylor Wood,carrollsteve@example.net,"80116 Rachel Hill Jennifertown, IN 21442",2021-10-21
317,Jessica Ramsey,mhamilton@example.net,Unit 9825 Box 3916 DPO AA 37652,2024-08-12
318,Crystal Wallace,kimberlypope@example.com,"08862 Ballard Place Kellyfort, PR 45505",2022-10-06
319,Heather Wagner,jeffreylynch@example.org,"PSC 3760, Box 9541 APO AP 70313",2021-03-20
320,Jacqueline Rodriguez,david07@example.net,"565 Crystal Ports Suite 754 Melodyshire, WI 51973",2021-08-24
321,Anne Allen,derek93@example.net,"956 George Rue North Kathryn, HI 63861",2020-08-11
322,Kathryn Moon,millerjames@example.net,"146 Blake Estate Apt. 933 New Dennishaven, KS 50248",2024-08-02
323,Elizabeth Peterson,thomas69@example.org,"381 Cox Fort North Stephen, MA 03829",2020-02-14
324,Mrs. Kristina Foster,tavila@example.org,"6929 Tyler Haven Apt. 149 North Josephview, CT 68011",2020-08-29
325,Mary Hoffman,xduke@example.com,"18807 Howard Passage Lake Cindy, TN 32892",2022-11-28
326,Austin Brennan,antonio99@example.org,"8655 Craig Oval North Wendy, NC 65979",2021-07-29
327,Cheryl Daniels,sharon24@example.com,"513 Lucero Mission Johnsonburgh, GU 61210",2023-02-24
328,Mr. Benjamin Williams,mitchellgary@example.net,"34893 Reid Wells Apt. 181 Watkinshaven, CA 65572",2023-12-16
329,Joshua Burns,vdunn@example.net,"29503 Rojas Port Flowersburgh, SC 15396",2022-04-23
330,Patricia Walker DVM,steven54@example.net,"23661 Douglas Groves Jennifertown, PR 79427",2021-10-27
331,Mark Daugherty,sarahmccormick@example.net,Unit 9675 Box 5155 DPO AP 62694,2020-06-29
332,Dawn Banks MD,lambmatthew@example.net,"89102 Chad Row Robertton, ME 68913",2023-02-19
333,Clifford Cross,dawsonheather@example.com,"4668 Jonathan Circles Suite 944 South Dana, WA 88595",2022-05-08
334,Morgan Alexander,princechristina@example.org,"02560 Stephanie Points Lake Felicia, SD 90102",2024-02-14
335,Heather Winters,ashley38@example.com,Unit 0901 Box 9201 DPO AE 84527,2020-05-28
336,Christy Sanchez,cmontgomery@example.com,"31197 Parrish Prairie Schmittfort, DC 88439",2023-06-20
337,Robert Richards,bonnienunez@example.org,"784 Nicole Terrace Apt. 850 Stewartfort, PA 14643",2022-11-07
338,Ryan Mckinney,stevenlopez@example.net,"60347 Gentry Drive North Christopherside, CA 18191",2023-12-03
339,Deborah Higgins,thomas46@example.com,"40910 Shane Track Christianhaven, IA 45376",2023-05-15
340,Pamela Branch,jonathanbennett@example.com,USCGC Cox FPO AP 03319,2023-10-03
341,Nicholas Glenn,smorris@example.net,"732 Robertson Center New Jeffreyhaven, ID 44863",2023-05-17
342,Gregory Wilson,daniellewilliams@example.org,"495 White Shoals Suite 100 North Elizabethberg, SC 71539",2023-03-21
343,Jessica Underwood,curryhayley@example.org,"374 Tracy Divide Suite 231 Russellshire, CA 23019",2023-10-31
344,Kyle Turner,drivers@example.net,"68847 Ronald Port Suite 541 Kyleview, LA 42610",2022-03-24
345,Dr. Jessica Moon,kscott@example.org,"490 Cynthia Landing Lisaville, TN 79856",2023-09-17
346,Caleb Johnson,cohencody@example.org,"323 Pollard Stravenue Andrewstown, VI 61400",2021-07-04
347,Kathleen Smith,uburton@example.net,"0066 Elizabeth Branch Suite 745 North Savannah, MI 16072",2020-02-03
348,Bianca Hancock,nmedina@example.com,"922 Snyder Passage Suite 384 Scottmouth, IN 91293",2023-12-12
349,Michael Mullins,sarah15@example.org,"6306 Jonathan Parks Suite 456 Brandistad, MN 12129",2021-10-04
350,Jacqueline Campbell,daviscourtney@example.net,"076 Jones Throughway Brandontown, MP 03963",2024-03-04
351,Eileen Mahoney,jane87@example.org,"96360 Richard Station Suite 955 North Johnmouth, PA 13816",2021-09-28
352,Andrew West,qjones@example.net,"367 Pena Ville Suite 973 South Thomas, PW 22286",2024-03-31
353,Jamie Cox,tmichael@example.net,"136 Clarke Inlet Apt. 347 Marshallfurt, GU 73749",2022-11-02
354,Jonathan Velez DDS,ljones@example.com,"8309 Jodi Glen West Reginaldstad, NM 68656",2021-08-16
355,Madeline Bass,grantthomas@example.org,"979 Megan Court Suite 034 Floresburgh, CT 83849",2021-06-03
356,Jessica Herring,steven70@example.org,"99336 David Island Suite 171 Port Laurabury, VA 78172",2023-03-09
357,Rachel Edwards,millsstacy@example.net,"645 Stephanie Bypass Kevinshire, PA 65548",2022-07-10
358,Jennifer Lam,louis61@example.com,"7677 David Prairie Port Robert, RI 52467",2020-11-16
359,Cheryl Perez,tarellano@example.com,"465 Kenneth Lodge Lake Rebeccashire, NH 08984",2022-02-03
360,Joseph Boone,ctorres@example.com,"76195 Dean Trail Suite 145 New Ryan, SC 00758",2023-11-23
361,Andrew Foster,igarcia@example.com,"474 Smith Parkway South Franciscoport, FL 13965",2021-12-01
362,Michael Bolton,teresalester@example.org,"2173 Jonathan Ford Sparksstad, MT 64223",2021-03-27
363,Adam Gordon,michele41@example.net,"6838 Perez Track Richardsonfort, WY 24321",2023-11-06
364,Edward Dougherty,jamescardenas@example.org,"61863 Drake Hills Christinaborough, NJ 78892",2022-07-19
365,Christopher Johnson,romerochristina@example.org,"81915 Jennifer Ports Suite 166 Port Tina, GA 60149",2024-05-31
366,Gregory Ramirez,ugarcia@example.org,"14592 Price Drives Suite 944 South Lisabury, NJ 58730",2021-09-06
367,Jennifer Carter,alice01@example.com,"61325 Mary Ville Suite 207 Ashleyshire, NV 06002",2024-03-06
368,Brandon Smith,hallmorgan@example.net,"1218 Chavez Route Cookfurt, NY 69191",2023-03-16
369,Chelsea Williams,kimberly10@example.com,"48277 Angela Isle New Kevin, MT 59125",2020-10-01
370,Sara Francis,cmurray@example.com,"42600 Hansen Parkway Apt. 536 West Kevin, AK 01053",2023-06-29
371,Brandon Wright,stevenespinoza@example.net,"11964 Mathis Drive Javierberg, NM 05149",2022-03-31
372,Steven Perez,erikpaul@example.com,"752 Calderon Knoll New Reginaburgh, GU 03163",2021-07-16
373,Andrea Vega,alvarezalexander@example.com,"719 Carrie Street South Michele, DE 09991",2022-07-18
374,Jonathan Bowen,morgan47@example.com,"37627 Kenneth Rest Suite 083 Baileystad, WV 53753",2020-11-27
375,Daniel Johnson,donna31@example.org,"57266 Montes Locks North Cindybury, MO 25720",2021-10-07
376,Douglas Hogan,walterpruitt@example.net,"430 Gray Fords Apt. 554 Danielborough, RI 60446",2020-06-06
377,John Wong,melissa13@example.net,"70794 Reyes Parkway Apt. 119 West Sheilaland, PA 63190",2020-04-16
378,Sheri Ellis,mariarobinson@example.org,"796 Derek Mountains Christinetown, VA 86065",2022-05-18
379,Anthony Mcdaniel,larsonhenry@example.net,"7752 Mathis Motorway Cannonville, MT 36327",2021-05-17
380,Madison Ellis,hollyayers@example.com,"3613 Joseph Inlet Apt. 424 Snyderport, MH 21990",2023-05-22
381,Mrs. Paula Silva,jeremytaylor@example.net,"07119 Ortiz Fords Apt. 876 Riverachester, WI 94207",2023-05-30
382,Mark Moran,elliottpeter@example.com,"50373 Grant Lodge North Melanieborough, SD 76275",2022-09-01
383,Christopher Moore,reginamoore@example.com,"854 Kathy Shoal Mooremouth, NM 11213",2022-03-17
384,Douglas Guzman,dale34@example.com,"24741 Park Plaza Apt. 531 South Carolynbury, VA 02439",2022-02-08
385,Mary Mcneil,ltate@example.org,"4089 Kirby Oval Garrettfurt, AS 72123",2021-01-17
386,Lindsay Cardenas,lindsay17@example.org,"921 Bishop Valley Apt. 283 Port Douglasstad, KY 71645",2021-08-21
387,Rodney Watts,gharris@example.com,"07135 Morales Orchard Joeton, MI 65018",2023-07-05
388,John Evans,clayton92@example.org,"5653 Bennett Viaduct Richardburgh, TX 03562",2022-09-16
389,Melissa Carr,harold79@example.org,"5207 Jackson Point Kirkhaven, LA 03682",2022-03-24
390,Matthew Castillo,gtaylor@example.org,"8789 Holmes Throughway Suite 797 Port Justin, WI 09790",2020-10-30
391,Joseph Williamson,rkeller@example.net,"25231 Jackson Fields Suite 433 Housefort, AS 98075",2023-07-21
392,Jennifer Wright,vsims@example.net,"429 Jennifer Loop Wrightmouth, ID 68811",2020-04-11
393,Laura Alexander,benjamingould@example.com,USNS Stewart FPO AE 22738,2022-01-28
394,Joel Martin,ginashort@example.org,"808 Linda Stream Suite 633 Port Gregoryfort, WV 28550",2024-02-03
395,Kevin Johnston,timothycrawford@example.net,"21110 Juan Rue East Brian, SD 58671",2022-08-11
396,James Cruz,cowanrichard@example.com,"109 Stewart Divide South Isaac, WA 72116",2022-03-06
397,Brandy Harrison,megan78@example.com,"112 Maria Fields Apt. 574 Kimberlytown, ND 28122",2020-03-07
398,Kathleen Rowland,jaredcalhoun@example.com,"661 Sarah Locks Leeshire, HI 10419",2023-11-26
399,Ashley Sexton,cooksamantha@example.net,"249 Cheryl Harbors North Michelle, OR 06182",2021-04-20
400,Alice Martinez,martinjohnson@example.org,"085 Stephen Pines Ramirezmouth, ID 35273",2022-06-11
