id,name,email,address,date_joined
1,Rebekah Jackson,holmescarlos@example.com,"96684 Richard Square Apt. 613 North Shawnfurt, NJ 74909",2022-09-10
2,Douglas Hernandez,stanleydennis@example.net,"444 Derek Light Catherineborough, SD 37845",2024-08-05
3,Mrs. Linda Garza MD,kayla32@example.com,"PSC 2099, Box 7030 APO AE 56815",2021-07-14
4,Kenneth Smith,matthew99@example.org,"8168 Karen Trail Apt. 104 Walkertown, MS 73971",2020-12-04
5,Maria Nelson,heidiberger@example.net,"41291 Gregory Rapids Apt. 558 New John, NC 00861",2020-06-09
6,Monique Irwin,paulmedina@example.com,"97125 Horn Path South Jessicaberg, PA 90306",2020-04-13
7,Michael Travis,colliermichael@example.com,"506 James Prairie Suite 018 Kennethfurt, PR 95615",2021-01-13
8,Kyle Ferguson,lindseydean@example.com,"13586 Daniel Valley Port Vanessamouth, NC 76032",2024-07-19
9,Andrew Jackson,gregorycole@example.net,"19412 Veronica Parkways Apt. 719 North Zachary, PA 74554",2024-09-28
10,Jennifer Juarez,terrylinda@example.com,"39767 Daniel Bypass Kellyport, NE 56357",2021-01-17
11,Robert Taylor,kelseyrose@example.com,"829 Fischer Road Suite 576 South Warrentown, IA 28731",2023-02-22
12,Stephanie Oliver,sbrown@example.org,"2044 Tammy Pine South Sarahtown, TN 13347",2020-01-19
13,Casey Castillo,michael66@example.com,"29107 James Corners Suite 906 Lake Jameston, MD 42642",2020-03-12
14,John Johnson,goodwinmark@example.net,"476 Kimberly Crest Suite 729 Lake Tammyland, WA 05744",2024-03-15
15,Carl Brown,curtis20@example.org,"0010 Virginia Fields Brianville, MO 89608",2022-01-21
16,Casey Williams,samuelgonzales@example.com,"88384 Brian Ridge Apt. 943 East Angelburgh, SC 98295",2023-09-22
17,Joshua Cruz,fclark@example.com,"83505 Sara Loop Christopherland, MT 36478",2023-06-10
18,Sheila Cunningham,elliottpamela@example.org,"0301 Hernandez Passage Suite 586 Frazierberg, NE 65452",2021-12-15
19,Christopher Morgan,gibsonamanda@example.com,"92494 Derek Junctions Suite 933 Smithville, AZ 31722",2020-04-12
20,Jonathan Lyons,meyerpeter@example.com,"1360 Ferguson Island Cortezbury, TX 62795",2020-03-16
21,Jill Berry,trujillokathryn@example.org,"7309 Tamara Divide Apt. 828 North Rebeccatown, VI 21551",2020-01-21
22,Martin Wyatt,dana83@example.net,"190 Rachael Canyon Apt. 098 South Joshua, VA 82991",2023-01-15
23,Connie Carter,kmccarty@example.net,"65909 Richardson Skyway Suite 321 North Jenniferland, ND 01476",2024-04-28
24,Jamie Shannon,bwilson@example.net,"76393 Jackson Way Apt. 926 South Chad, AK 35518",2020-06-03
25,Samantha Silva,davidchapman@example.net,"0934 Becker Turnpike Reesemouth, GU 79584",2023-11-24
26,Janice Mckinney,anthony41@example.net,"02890 Valdez Mission Suite 796 Port Joshua, ND 42986",2021-02-25
27,Daniel Spencer,cindyjackson@example.com,Unit 2213 Box 9580 DPO AP 86838,2023-04-02
28,Lindsay Brown,jimmy14@example.org,"907 Walker Loop South Robertmouth, GU 22874",2024-07-27
29,Kelly Cain,brownkristen@example.com,"71605 Brown Ridge Apt. 796 North Stephanieland, IA 26471",2024-01-16
30,Michelle Harmon,johnsonanne@example.com,"2496 Bobby Brook Suite 935 Rachelside, WY 24980",2023-05-24
31,Kimberly Thomas,cstanton@example.org,"91089 Spencer Brook Apt. 164 Coleville, NC 31697",2021-09-16
32,Christopher Walton,gomezapril@example.org,"7094 Jeffrey Drive Port Mikaylaborough, NH 50740",2024-07-04
33,Carolyn Carr,danny68@example.net,"1784 Paula Village Lake Georgeview, PW 15663",2022-01-15
34,Judy Bennett,gconway@example.org,"740 Carroll Land Apt. 200 North Autumnland, ND 73135",2021-12-23
35,Julie Shaffer,mperry@example.org,"71407 Holder Fords Joetown, RI 82423",2023-03-27
36,Anthony Hall,jillianstevenson@example.com,"64100 Campbell Terrace Port Richardberg, FM 66191",2021-05-14
37,Charles Gardner,scott55@example.net,"11530 Jones Pike Apt. 249 Waterston, CT 42924",2022-06-16
38,Kathy Cook,hollandjoshua@example.com,"8264 Mike Drives Katherineside, FL 01311",2024-03-25
39,Samantha Cruz,alexis47@example.org,"83809 Walker Square Taraberg, MP 20716",2020-04-02
40,Mr. Howard Pruitt,samanthasullivan@example.org,"010 Jones Union Perezville, MN 41543",2022-05-18
41,Shannon Espinoza,joseph91@example.net,"839 Taylor Extensions Susanside, VT 41315",2020-04-27
42,Tyler Dean,bwilliams@example.org,"7239 Brittany Stream Suite 251 Mirandaberg, WY 38300",2022-02-07
43,Dana Anderson,jasondiaz@example.com,"119 Webb Manor New Amy, LA 13109",2023-12-25
44,Jeffrey Shaffer,gpark@example.org,Unit 6632 Box 8259 DPO AP 88354,2020-10-22
45,Jennifer White,charles96@example.com,"93507 Shaffer Green Apt. 799 Willisside, LA 04831",2020-05-16
46,Lisa Rogers,medinajessica@example.org,"1550 Marissa Circles Suite 310 West Heidiburgh, ND 76189",2023-05-22
47,Richard Rubio,rochavirginia@example.net,"5788 Michael Key Apt. 846 Campbellview, AK 69946",2020-12-20
48,Rebecca Howe,wolfebrian@example.com,"100 John Land Apt. 742 Lake Markport, MT 38710",2022-12-02
49,Megan Harris,qreyes@example.com,"761 Rice Mews Apt. 165 Trujilloville, CT 38123",2021-01-03
50,Dr. Jodi Brown,rsmith@example.org,"08105 Eaton Course Apt. 961 Toddville, OK 77958",2023-04-08
51,Todd Nixon,nathaniel84@example.net,"672 Kenneth Knoll Suite 453 Port Gailfurt, NM 83260",2023-04-13
52,Danielle Williams,cliffordfrank@example.com,"41226 Webb Squares Debrashire, DC 33238",2023-03-15
53,Christina Petersen,careyjulie@example.net,"9566 Tracy Meadow Apt. 980 Vincentstad, MS 19612",2022-06-21
54,Christian Alexander,bhughes@example.net,"674 Thornton Junctions Suite 474 East Aprilburgh, AL 05563",2021-03-27
55,Evan Larson,barkerlindsey@example.net,"036 Mccall Flat Josephstad, KY 83048",2020-01-08
56,Barry Wilson,fchristensen@example.com,"472 Thomas Meadows Romanstad, VT 07645",2024-07-12
57,Thomas Fisher,anitascott@example.org,"PSC 1051, Box 3781 APO AE 77295",2024-08-06
58,Thomas Stewart,larmstrong@example.com,"32445 Emily Port North Alexandermouth, TX 82508",2024-05-31
59,Lisa Baker,fosterkelsey@example.org,Unit 4114 Box 4061 DPO AA 20838,2024-07-23
60,Stephen Sosa,ljackson@example.net,"518 Anthony Forest Port Oliviaborough, PR 21900",2023-08-23
61,Samuel Edwards,martinwayne@example.org,"637 Frank Stream Suite 939 Port Sergio, NC 31310",2023-05-27
62,Jeremy Miller,kristenfox@example.net,"668 Elizabeth Cove Oliverberg, WV 63570",2023-10-20
63,Roger Mcbride,kimberlyrobinson@example.com,"452 Steven Haven Suite 738 East Latashachester, NM 84891",2022-03-01
64,Michelle Anderson,terri19@example.net,Unit 0165 Box 0843 DPO AP 14140,2022-11-23
65,Julie Pratt,ymurphy@example.net,"27395 Jennifer Junction Suite 292 Joanview, ND 03824",2020-07-27
66,Maria Hunt,deborahgreen@example.org,"4242 Mike Club Jamieton, MH 98425",2023-11-25
67,Joshua Nelson,michael93@example.org,"487 Gonzales Grove Port Joyce, GA 02206",2023-07-26
68,Victoria Shaw,ljackson@example.net,"3708 Jimenez Ford New Kevin, WA 84002",2020-03-02
69,Jonathan Hayden,christinasmall@example.org,"12410 Arthur Rue Petersenborough, MH 57711",2020-12-01
70,Daniel Chen,grayrhonda@example.org,"789 Catherine Trace Apt. 271 Port Kayla, WA 97015",2023-09-13
71,Alexa Gibson,zellis@example.net,"6479 Nicole Crossroad Apt. 182 Codybury, AZ 95722",2022-07-18
72,Selena Lopez,richardbryant@example.com,"146 Traci Mills Apt. 964 Yvettetown, IA 06091",2024-01-22
73,Eric Robertson,kherrera@example.net,"605 Edward Lodge Suite 244 Port William, NJ 37913",2023-11-28
74,Tina Wagner,ehampton@example.com,"411 Benitez Village Suite 092 Jamesmouth, KY 93388",2024-07-07
75,Kristina Cantrell,hsmith@example.com,"89623 Wood Drive South Mary, MI 51695",2024-07-04
76,Jennifer Griffin,rharris@example.org,"52955 Courtney Fords Suite 089 Littleland, NY 23519",2022-11-08
77,Robert Anderson,donnapennington@example.org,"19109 Mary Well Apt. 262 East Christopher, CA 21060",2020-04-06
78,Corey Rosario DDS,vmckenzie@example.com,"299 John Mountains New Kellyfort, ND 59318",2022-05-06
79,Faith Ball,fburgess@example.net,"0313 Dominguez Lodge North Peter, LA 06135",2023-12-04
80,Katelyn Peterson,torresthomas@example.com,"1959 Brittany Union Jamesborough, FL 56053",2021-08-08
81,Victoria Rogers,lgrant@example.org,"505 Goodwin Island Suite 926 Smithport, LA 08959",2021-09-16
82,Sheila Roberts,debbie84@example.org,"792 Courtney Vista Suite 492 Lake Danielborough, PR 19190",2023-12-07
83,Todd Crawford,josephlong@example.net,"808 Garcia Estate Suite 264 Williamview, MH 26199",2023-07-26
84,Norman Pennington,omelendez@example.com,"85333 Kirk Grove Brandyport, PA 30206",2022-11-19
85,Dawn Henderson,michael18@example.org,"6045 Holly Shore Apt. 315 Reidfort, GU 54877",2024-09-30
86,Victor Arroyo,dominguezcindy@example.org,"760 Oconnell Spur Allisonhaven, MA 39743",2021-11-07
87,Mark Peterson,kelsey33@example.org,"924 Jones Run Apt. 714 Kellychester, NE 52892",2020-03-20
88,Gregory Gonzalez,krystalrichardson@example.net,"33469 Megan Stravenue Apt. 417 Villanuevaland, AZ 25271",2020-08-16
89,Troy Armstrong,ayalawayne@example.com,"027 Baxter Mission East Bethville, CT 25266",2023-02-27
90,Allison Holloway,debracook@example.net,"7206 Ashley Burgs West Loristad, MA 99025",2023-12-30
91,Paul Romero,cflynn@example.com,"827 Jeffrey Freeway Apt. 716 Davidshire, MH 76604",2021-03-02
92,Kenneth Gay,richardkelley@example.net,"0489 Lisa Rest Amberchester, LA 66024",2022-07-13
93,Laurie French,santiagolisa@example.org,USCGC Hernandez FPO AE 40896,2023-11-01
94,Martha Austin,frederick36@example.net,"6384 Ashley Islands Rebeccatown, OH 26707",2021-11-05
95,Robert Hunt,ghunt@example.net,"795 Fowler Lock Suite 076 South Roberthaven, ME 29225",2022-02-16
96,Tracy Jordan,floresmatthew@example.org,"9798 Amanda Forges North Margaret, ID 56894",2021-07-02
97,Jared Allen,lindsay52@example.com,"0711 Mitchell Ways Apt. 149 Dianastad, RI 87552",2020-02-27
98,Jose White,usims@example.org,"619 Martha Points Apt. 995 Herreramouth, VA 43069",2021-11-23
99,Jennifer Wilson,amywashington@example.net,"20214 Matthews Drive Suite 676 Nunezton, GU 44881",2022-03-28
100,Anthony Barber,paulsteele@example.com,"77884 Parker Springs Apt. 849 Georgeton, NE 44284",2020-10-22
101,Krista Evans,ostanley@example.com,"26000 Sandra Mews Cooperburgh, MP 71770",2021-07-06
102,Robert Miranda,buckgail@example.net,"6711 Stephanie Pine Hortonhaven, OK 94633",2023-01-20
103,Robert Richards,kchapman@example.com,"27534 Jill Locks Johnside, WY 31094",2020-07-30
104,Jamie Hudson,johncarlson@example.net,"376 Cynthia Lodge New Edwardport, PW 59389",2023-12-02
105,Kenneth Garrison,victoriajohnston@example.net,"49750 Velez Wall South Brandon, DE 77853",2024-05-15
106,Eric Campbell II,garciamichelle@example.org,"16397 Donna Forges Suite 102 North Gregory, WY 65974",2023-08-25
107,Blake Bailey,thomasemily@example.net,"867 Santos Greens Apt. 819 East Stephenside, FL 46850",2024-05-31
108,Mary Bishop,allisonhernandez@example.com,"7507 Lisa Pike Apt. 668 New Glorialand, VT 45113",2023-05-23
109,Anna Shaw,theresa83@example.org,"4001 Douglas Crossing Apt. 509 West Cynthia, PW 49242",2024-03-03
110,Jose Gomez,ronald66@example.com,"63530 Aaron Lights South Shawn, NY 91026",2023-08-09
111,Kelly Sanders,lmyers@example.net,"PSC 9822, Box 5791 APO AA 30626",2020-11-09
112,Juan Parker,qoneal@example.org,"PSC 1322, Box 2774 APO AA 31755",2024-07-19
113,Eric Rivas,zpruitt@example.net,"0022 Samantha Forges Moranview, WA 25357",2022-12-01
114,Teresa Parsons,patrick44@example.org,"4235 Patrick Plaza Suite 901 Johnsonfort, VI 65510",2023-10-28
115,Kevin Beck,saracollins@example.net,"0543 Joel Skyway Apt. 124 Victoriaberg, MA 82702",2024-07-31
116,Gordon Harper,danagutierrez@example.com,"209 Sanders Vista North Ericshire, OH 86907",2023-06-22
117,Caleb Myers Jr.,haydendana@example.org,"796 Davis Well Lake Wayne, MT 97416",2023-06-13
118,Mary Knight,williamsjames@example.net,"3828 Anna Roads Popebury, MT 70976",2023-05-30
119,Isabella York,elizabeth49@example.org,"725 Kirby Lakes North Luisstad, IL 04180",2020-10-01
120,Scott Sanford,donna51@example.com,"854 Daniels Union Suite 633 Port Randyville, ND 65035",2021-02-02
121,Kevin Garrett,david72@example.com,"391 Janice Plaza Suite 745 Deannaview, HI 67104",2022-06-25
122,Andrew Wang,ubeard@example.org,USNV Jackson FPO AE 85693,2020-07-05
123,Amanda Rogers MD,hensonbrenda@example.com,"44012 Kelley Ranch Jessicamouth, VI 70753",2023-07-17
124,Julie Barton,lewisbrittany@example.net,"79118 Carla Roads Suite 807 North Stevenland, MH 02188",2021-07-21
125,Lauren Stevenson,jeffreywilliams@example.org,"1006 Clark Junctions Suite 790 Georgemouth, NM 52160",2022-07-18
126,Carol Cook,robert94@example.org,"635 Velazquez Junctions Amandabury, KY 47280",2022-04-10
127,Erin Chandler,aaronsilva@example.com,"9193 Mueller Prairie West Denise, CA 98460",2023-04-29
128,Margaret Glenn,whitealexander@example.net,"45508 Robert Land Apt. 434 Robinsonhaven, WI 00544",2023-12-11
129,Katrina Harmon,tmitchell@example.org,"2127 Jessica Pike Suite 405 New Stevenstad, OR 92366",2021-08-02
130,Erika Jackson,keith88@example.org,"6311 Richard Walk Apt. 332 Lake Yvonne, MH 39352",2020-06-09
131,Rebecca Vazquez,daniel75@example.com,"5923 Sharon Divide Suite 464 North Robertstad, OR 39493",2020-01-14
132,Francisco Howell,johnsontyler@example.org,"04400 Larry Ferry Suite 237 Lake Robertborough, MA 48744",2022-06-27
133,Jacqueline Hunt,janet45@example.net,"55486 Mark Underpass West Jennifermouth, FM 75021",2022-12-24
134,Anthony Wu,rsanders@example.org,"201 Howard Parks Heatherside, NM 56332",2021-06-08
135,Anna Young,madeline42@example.net,"562 Andrea Crossroad Apt. 519 Port Jamesside, FM 94479",2024-08-24
136,Sara Mckinney,david19@example.com,"3933 Singleton Lights East Amybury, MO 90586",2024-02-18
137,Joseph Larson,michelle43@example.net,Unit 8710 Box 2281 DPO AP 20260,2020-06-29
138,Shannon Nguyen,mmurphy@example.com,"1537 Derrick Corner Apt. 469 Daltonstad, NM 48043",2020-11-16
139,Henry Mckee,antonio49@example.com,"5241 Stephanie Island Moralesland, RI 09360",2022-03-28
140,Crystal Brown,kempvictoria@example.com,"528 Melissa Parks Suite 781 Elizabethhaven, NY 25795",2021-08-12
141,Todd Day,tammycohen@example.net,"24807 Price Park Suite 805 East Jenniferburgh, NY 68770",2021-07-31
142,Julia Brady,ryancamacho@example.net,"1097 Rivera Valley South Donaldville, AK 96969",2020-11-13
143,Kerri Hardy,vwhite@example.com,"9235 Nguyen Track North Ericaton, IL 93711",2022-01-17
144,Antonio Walsh,dmarks@example.com,"039 Phillips Passage Apt. 480 New Daniel, AZ 70415",2020-05-08
145,Diana Golden,smithdennis@example.net,Unit 5799 Box 4186 DPO AP 62354,2023-07-15
146,Courtney Garcia,kevinmueller@example.net,"2383 Foster Centers Port Sydneymouth, UT 52898",2024-07-13
147,Felicia Dean,ugutierrez@example.net,"60398 Thompson Mall Suite 194 Dillonstad, NJ 92116",2021-05-11
148,Travis Hernandez,lorijones@example.net,"2465 Gina Hollow Parkerchester, WI 66539",2020-12-05
149,Kathleen Shelton,jacob61@example.com,"618 Williams Dam New Stephanie, WY 30319",2021-09-25
150,Elizabeth Hunter,melissa67@example.com,"412 Cohen Canyon Apt. 161 Brianstad, TX 60652",2021-11-23
151,Dawn Smith,daltonamanda@example.org,"2625 Lutz Viaduct Suite 916 East Guy, NV 88088",2021-03-09
152,Lindsey Brown,umoses@example.net,"5614 Karen Parkways Port Brianton, CO 87632",2021-03-01
153,Joyce Galloway,powelljamie@example.com,"29356 Valerie Isle Apt. 526 Gabrielleberg, OK 37797",2023-03-14
154,Joseph Bailey,andrewjohnson@example.org,"46611 Sullivan Underpass Elizabethland, IL 35912",2022-10-25
155,Katherine Jimenez,james20@example.net,"44703 Kelley Turnpike Apt. 670 Port Ashley, ME 39392",2020-06-08
156,Alyssa Poole,gilllawrence@example.org,USS Haas FPO AP 87540,2022-07-22
157,Mr. Jose Garcia,xperez@example.com,"78026 Justin Field West Lori, MO 13589",2021-09-06
158,Sean Ayala,fwolfe@example.net,"43027 Kevin Drives Clarkberg, SC 84231",2024-05-12
159,Cheryl Shannon,yhaley@example.net,"074 Johnson Ford North Karenmouth, VT 62576",2020-04-10
160,Lori Bradley,lsaunders@example.com,"644 Vargas Lakes Apt. 120 New Caleb, AK 79450",2022-10-05
161,Tyrone Parker,jeansmith@example.com,"4233 Smith Ridges Apt. 556 Lake Katherineport, WV 97681",2022-03-11
162,Susan Johnson,jonathan67@example.net,"694 Wiggins Cliffs Apt. 405 North Jessica, MO 06727",2021-01-25
163,Troy Flores,pcampbell@example.com,"56841 Briana Glen Suite 767 Kristinmouth, IL 73734",2021-08-26
164,Curtis Pearson,evansholly@example.net,Unit 3311 Box 9571 DPO AP 88668,2023-06-19
165,Glenn Bush,tracyruiz@example.com,"94237 Isaiah Circles Apt. 977 Williamfurt, TX 19037",2022-01-06
166,Jason Mcgee,haileyfoster@example.org,"672 Bernard Locks Vincentburgh, HI 37553",2021-04-18
167,Erica Burke,frederickelizabeth@example.org,"63288 Deleon Village New Michaeltown, MS 80594",2022-01-27
168,Ricardo Mitchell,zcooper@example.org,USS Rangel FPO AA 43250,2021-01-14
169,Brendan Little,johnsmith@example.com,"402 Frances Plaza Suite 562 North Kathleenport, NC 58237",2022-11-29
170,David Turner,snyderchristopher@example.com,"111 Christine Bypass East Markburgh, GA 60835",2020-03-04
171,Ernest Wells,nicolerogers@example.net,"01516 Gaines Plain Jasonport, ND 49289",2021-03-16
172,Alexander Cruz,ericfox@example.net,"1587 Catherine Union Suite 380 North Michaelberg, ME 37019",2022-10-06
173,Christopher Scott,wvaughan@example.net,"299 Jonathan Track New Josephhaven, WY 78460",2024-04-15
174,Amy Clark,jacquelinewright@example.org,"342 Fitzgerald Corner Apt. 369 New Mark, AS 13532",2020-07-18
175,Wendy Weber,ashley01@example.com,"000 Joshua Field Apt. 337 Smithbury, KY 07965",2022-11-06
176,Mr. David Guzman,ufreeman@example.net,"4510 Virginia Street New Robertborough, IA 59596",2020-05-07
177,Samuel Harmon,joehanson@example.org,"924 Wright Streets Apt. 347 Jacquelineborough, VI 28336",2023-08-26
178,Shaun Odonnell,erikdickson@example.net,"9844 Paul Expressway Suite 291 Laurahaven, MO 28951",2021-09-04
179,Dominic Jones,taylordavid@example.net,"843 Anna Turnpike Apt. 596 Jenniferfort, MH 46732",2022-07-04
180,Amanda Sweeney,jimmy56@example.net,"3611 Michael Creek Suite 320 Lake Michaelton, HI 84151",2022-09-27
181,Michael Rodriguez,lopezdonald@example.com,"435 Cathy Expressway Apt. 282 Millertown, MS 37453",2020-06-13
182,Ronald Sparks,hannahjones@example.com,"1753 Brandon Lodge Port Zacharyville, PA 78101",2024-07-24
183,Raymond Reeves,smithemily@example.org,"613 David River Loweton, GA 73762",2022-04-19
184,Jessica Williams,garciakimberly@example.com,"68455 Richard Pines Suite 410 East Carolview, ME 66909",2023-01-20
185,David Davenport,nwilson@example.com,"9467 Ortiz Estates Port Gregory, MI 35574",2024-01-29
186,Shannon Mason,johnhunt@example.com,"302 Richard Ville Port Mariah, TN 24635",2024-07-07
187,Adam Meadows,bakerjacqueline@example.com,"2907 Carol Island Apt. 209 Port Christina, MT 47487",2021-02-23
188,Charles Taylor,kelly13@example.net,"1113 Andrew Tunnel East Stacychester, NH 67692",2021-01-08
189,Raymond Oliver,vdean@example.com,"9244 Phillips Path Connieberg, VI 73154",2021-12-14
190,Rachael Escobar,parkerkayla@example.com,Unit 0749 Box 4153 DPO AE 26300,2021-01-09
191,Jackson Martin,sheryl58@example.net,"8871 Tracy Locks Suite 863 Lake Aaron, DE 00870",2023-10-12
192,James Harris,scottbryan@example.net,"0347 Butler Stream South Sharon, NJ 19284",2022-06-16
193,Katherine Smith,smithlisa@example.com,"211 Yvonne Roads Suite 694 West Michael, IN 92293",2022-08-01
194,Gabriel Marshall,daviscynthia@example.org,"6525 Martinez Cliffs Ianton, RI 91739",2024-06-08
195,Sierra Carter,robinsonwilliam@example.com,"411 Wade Bypass Apt. 387 East Jenniferview, OR 13250",2023-04-03
196,Julie Thompson,nmoore@example.org,"997 Allen Inlet Sandraberg, MP 45418",2021-12-23
197,Timothy Fox,lisa22@example.net,"85956 Stacey Cape Apt. 141 South Joan, IL 88949",2021-07-13
198,Rebecca Young,iparker@example.com,"5099 Joshua Common Durhamfort, CT 82993",2020-07-30
199,Robert Vargas,dproctor@example.net,"1908 Hughes Plaza Suite 609 Monicamouth, AS 90977",2023-06-29
200,Chelsey Weber,kristen90@example.net,"8094 Martin Port Apt. 001 Wilsonton, NM 50921",2023-06-29
201,Julie Villegas,angeladavis@example.com,"241 Julie Shores Suite 226 Thompsonmouth, NV 41055",2023-09-03
202,Susan Henderson,arnoldryan@example.com,"82082 Edward Center Suite 907 Noahville, PR 35343",2024-04-16
203,Zachary Sanders,jessica79@example.com,"0333 Phillips Glens South Alejandrafurt, HI 67214",2021-02-02
204,Laura Arellano,ddavila@example.com,"3117 Robinson Circles Rodriguezton, NE 40454",2022-09-26
205,Casey Gibson,salinasjodi@example.net,"141 Brandon Squares Lake Bobland, MH 55310",2022-02-11
206,Stacey Wagner,potteraustin@example.org,"95030 Reyes Street Archerfort, TX 74499",2023-11-22
207,David Hunter,michaelrobinson@example.net,"316 Sullivan Walks Apt. 935 Jonesfurt, NY 30876",2020-01-27
208,Alexis Chavez,jerry49@example.org,"666 Leonard Way Jasonside, AK 88952",2022-11-12
209,Amanda Ball,davidgraham@example.com,"387 Davenport Turnpike Suite 908 East Bryanmouth, WI 38590",2021-10-10
210,Patrick Jackson,qayala@example.net,"714 Rodriguez Drive Suite 869 South Lauren, LA 83078",2023-09-12
211,Daniel Perez,jaime01@example.org,"936 Bradley Spring Apt. 352 Mcgrathshire, NH 57272",2022-12-27
212,Heather Adams,danieltaylor@example.org,"79410 Alan Fort Suite 829 Ericport, NV 34948",2022-12-08
213,Kathy Caldwell,normangeorge@example.net,"6489 Charles Knoll Riveramouth, VA 34127",2022-08-13
214,John Perez,michael76@example.net,"42841 Mark Village Apt. 916 South Robert, CA 72762",2020-08-29
215,Laura King,chaneyterry@example.com,"PSC 0680, Box 2388 APO AA 79671",2022-03-08
216,Wyatt Velasquez,donherman@example.org,"54287 Lori Ports West Kimberly, MI 29425",2022-01-15
217,Donna Pena,vgrant@example.com,"82393 Hill Way Apt. 279 South Alexander, MO 05510",2023-05-22
218,Jennifer Glover,dominiquehall@example.org,USS Turner FPO AE 48029,2024-09-08
219,Joshua Nelson,gallegoskimberly@example.org,"28371 Swanson Square Suite 784 South Sandy, MA 08180",2021-11-01
220,Martin Stanley,xcoleman@example.com,"421 Grant Spurs Lake Tanya, OK 19639",2022-07-10
221,Christina Perez,ejackson@example.org,"92949 Wheeler Estates New Linda, NJ 95211",2020-09-22
222,Jacob Patel,jason04@example.com,"9866 Hernandez Rue Johnside, TX 36330",2020-09-13
223,Jennifer Torres,alexneal@example.com,"4564 Butler Turnpike Suite 073 North Ryanview, CT 43670",2020-07-12
224,Rebecca Ward,chelseaoconnell@example.com,"8392 Todd Expressway East Joseph, SD 59379",2023-07-28
225,Jeremy Duncan,jacquelinewalsh@example.org,"PSC 1340, Box 7804 APO AP 42137",2020-04-15
226,William Morton,bsherman@example.org,"87040 Henson Squares Port Heather, ND 31889",2022-10-10
227,Michelle Williams,wbarnes@example.org,USNS Lee FPO AA 69610,2020-02-11
228,Emily Meyers,james40@example.org,"4391 Collins Cove Suite 959 West Arthur, MP 98991",2021-08-14
229,Paul Best,sandramiller@example.com,"27819 Ward Dale Rebeccaview, NV 51379",2024-04-13
230,Anne Grimes,abrown@example.net,"72430 Virginia Cove Suite 442 East Angelabury, AK 83119",2024-07-24
231,Nathan Curry,kellymichael@example.com,"6899 Woods Passage North Josephbury, OH 31194",2021-11-09
232,Lisa Gates,dleon@example.com,"00437 Hernandez Mission Apt. 618 Floydberg, FM 67287",2023-06-03
233,Thomas Moore,john10@example.com,"2370 Amanda Mills North Johnhaven, LA 21867",2022-12-28
234,Angela Gardner,leerobert@example.net,"483 Crystal Light Apt. 949 South Melissashire, MO 79714",2024-09-12
235,Mark Green,fdaniels@example.com,"794 Jeremy Hills Lake Rebeccaburgh, IN 73445",2023-11-12
236,Kathryn Campbell,petersonchristina@example.org,"081 Barnes Centers East Jimmouth, NJ 27457",2023-06-02
237,Matthew Griffin,flynnmark@example.net,"305 Bryan Ranch South Paulhaven, AS 59908",2024-02-10
238,Thomas Munoz,chill@example.org,Unit 2426 Box 9125 DPO AP 03314,2020-02-02
239,Brooke Stone,espencer@example.org,"27495 Jamie Plain North Brenda, UT 53996",2023-07-02
240,Ruth Roberts,walkerkarina@example.net,Unit 2123 Box 8821 DPO AP 28622,2022-10-17
241,Sergio Castillo,nicoleleonard@example.com,"7266 Scott Glen Suite 373 Jessicaport, OH 93791",2020-11-19
242,Mrs. Cindy Jones,qhenry@example.net,"42265 Hunter Meadows Apt. 475 Dominiqueview, DE 00642",2020-06-09
243,Grant Smith,thomasreynolds@example.net,"3739 Sean Inlet Apt. 140 Nancyberg, PR 67883",2021-05-31
244,Rebecca Chavez,audrey76@example.com,"987 Roberts Brooks Apt. 743 West Zacharymouth, DC 05174",2021-08-09
245,Jonathan Owens,richard14@example.com,"042 William Prairie Apt. 622 North Walter, AL 58972",2020-11-28
246,Victoria Johnson,sarah92@example.com,"85396 Chavez Skyway Suite 389 West Vincent, WA 22185",2020-11-25
247,John Patterson,dennisray@example.org,"561 Gentry Flats Suite 054 East Sarah, PA 43180",2021-02-13
248,Kelly Smith,sabrinapreston@example.com,"26462 Peters Rue Brianside, DE 01965",2020-03-02
249,Michael Walker,martinezluis@example.net,"70570 Ana Lake South Chadshire, WA 26129",2020-03-23
250,Candace Molina,rebeccamcmahon@example.org,"0923 Richardson Ramp Apt. 773 Christianfort, PW 12200",2021-09-15
251,Denise Lewis,leslieroberson@example.org,"654 Phillips Ferry Apt. 619 Matthewtown, WA 16089",2022-02-26
252,Ian Alexander,elizabeth32@example.com,"08325 Ramos Fall Gregoryshire, PW 20215",2020-02-04
253,Patricia Reed,carrolltammy@example.org,"772 Don Trail Cummingsmouth, CO 33052",2022-01-13
254,Madison Harper,patriciagarcia@example.net,"13285 Mathew Ramp Jackmouth, IL 39907",2020-02-29
255,Steve Weaver,sstevens@example.com,Unit 4966 Box 9014 DPO AA 93670,2020-10-04
256,Jacqueline Burke,nicholasblake@example.net,"9125 Jennifer Street Apt. 944 North Robert, DE 76285",2023-09-10
257,Patricia Lee,matthewthompson@example.net,"023 Alexis Falls Port Julie, AR 89494",2022-11-21
258,Robert Adams,jacob64@example.com,"50666 Austin Pike Apt. 454 Aaronfort, TN 15267",2021-07-02
259,Brittany Weber,rjohnson@example.net,"2559 Geoffrey Flats Suite 045 Hollyborough, AR 56253",2021-08-30
260,Ms. Chloe Williams,jamesbrown@example.org,"6997 Gregory Square Apt. 044 Branchmouth, FM 09322",2021-04-07
261,Ashley Grant,daniel86@example.org,"1287 Greer Point Suite 415 Karistad, CA 17325",2020-07-17
262,Jeffrey Arnold,christophercrawford@example.org,"7979 James Island Apt. 489 New Richardland, NM 01324",2021-10-01
263,Vincent Cobb,andersonjacqueline@example.com,"708 Wood Greens Apt. 133 Anthonyberg, PR 50535",2022-02-24
264,Anthony Mcdaniel,swright@example.com,"1871 John Stravenue Port Sherimouth, MD 65519",2024-01-15
265,Jamie Parker,scottwilson@example.com,"01163 Mcmillan Shores Suite 300 Jessicastad, OR 76452",2020-03-29
266,Jasmine King,patrick96@example.net,"929 Larry Route Suite 944 Jasmintown, FL 07647",2020-02-29
267,Mark Dunn,daviddaniels@example.com,"4619 William Mews Suite 679 North Robertmouth, GU 46546",2022-01-06
268,Wesley Hodge,ashleydavis@example.net,"18847 Andrea Mall Fergusonborough, CA 37430",2024-09-11
269,Deborah Waters,stevejones@example.net,"68269 Rodriguez Run Suite 844 Jodystad, HI 65835",2021-11-29
270,Joshua Weiss,qdavid@example.org,"252 Wyatt Points Apt. 535 East Matthewton, CO 18897",2023-12-28
271,Jessica Young,bmartin@example.net,"21003 John Lock West Barbara, TN 55727",2022-06-18
272,Abigail Hernandez,lcarlson@example.com,"61975 Leonard Path Apt. 224 South Brandonchester, WI 37108",2024-06-02
273,Laurie Brown,ronald11@example.org,"818 Clements Radial Suite 510 Port Renee, NV 57367",2023-11-17
274,Zachary Decker,davisbrendan@example.com,"184 Martinez Lights Apt. 751 Mackshire, TX 13817",2021-07-15
275,Alexander Palmer,alex99@example.org,"184 Rasmussen Underpass Suite 041 North Karen, OH 68151",2020-02-03
276,Brenda Cruz,jonesdarrell@example.com,"20087 Joseph Rest Alyssachester, KS 73954",2020-09-11
277,Craig Howe,tony20@example.org,"368 Joshua Ports Suite 997 South Jimmyville, WY 52570",2024-07-05
278,Misty Thomas,ydelgado@example.net,"1389 Julie Mountains Woodbury, VA 82463",2023-12-27
279,Nicole Carter,rebecca43@example.org,USCGC Robinson FPO AA 61728,2024-02-21
280,Ricky Pham,campbellerica@example.net,"85147 Timothy Walk Suite 958 Raymondburgh, FM 02485",2020-06-17
281,Dr. Andre Horton,wileycory@example.org,"00638 Cole Via Suite 129 North Danielhaven, WI 84128",2024-02-17
282,Brenda Davis,nharrington@example.org,USS Lawson FPO AE 17146,2023-03-25
283,Mr. Jason Holder MD,vincentlauren@example.org,"317 Saunders Estates Suite 939 North Lisaport, WI 55812",2023-12-17
284,Stephanie Jackson,jamesjohnson@example.net,"4510 Smith Points Suite 064 Lake Lisahaven, WY 96521",2024-03-01
285,Brenda Evans,nicholasmay@example.org,"501 Melissa Drive Olsonchester, PR 96981",2022-05-07
286,Deborah Navarro,wmcconnell@example.com,"21017 Kelley River North Rebecca, ID 39324",2021-11-11
287,Erica Green,daniel99@example.net,"PSC 0209, Box 2556 APO AP 21600",2022-04-11
288,Angela Lopez,rossjoshua@example.com,"37830 Ramirez Village New Mary, ND 14010",2023-12-07
289,Johnny Kane,georgerich@example.com,Unit 7965 Box 5374 DPO AA 12992,2020-07-10
290,Diana Miller,cruzangela@example.org,"148 Traci Estates South Tracy, AS 66847",2022-09-12
291,Elaine Phillips,bmoore@example.com,"16466 Nunez Passage East Sarahaven, TN 39373",2024-03-04
292,Jackson Alexander,bakerjustin@example.org,"054 Kristen Locks Apt. 020 West Amber, VT 78660",2023-08-21
293,Adam Martinez,andersenjay@example.org,"643 Rice Mews Port Deborahfurt, UT 07863",2023-08-30
294,Virginia Sullivan,danielhill@example.com,"0585 Bruce Rapid Smithhaven, MP 81189",2022-04-07
295,Angela Wood,jerryramos@example.com,Unit 1115 Box 0726 DPO AA 26076,2024-03-11
296,Patricia Church,bsullivan@example.org,"185 Wendy Mountains Francistown, IN 53028",2023-04-11
297,Brandon Velez,chelsey21@example.org,"354 Thomas Well Suite 932 East Markborough, GU 91305",2023-11-02
298,George Hart,sharon24@example.net,"03442 Dylan Canyon Karlaport, NM 84135",2021-08-23
299,William Davis,samuellee@example.com,"02501 Richardson Greens Kevinfort, LA 04164",2020-08-27
300,Daniel Reynolds,crystalthompson@example.org,"84361 Marissa Freeway Amyport, WV 63271",2020-02-21
301,John Thomas,zoe11@example.net,"564 Jessica Mountains Suite 210 New James, OK 87272",2023-09-27
302,Courtney Cardenas,fischerchad@example.com,"90460 Adam Rest West Sara, VA 79356",2023-09-28
303,Jodi Ortiz,molinajulie@example.com,"912 Ford Stravenue North Michael, OK 22632",2021-08-03
304,Corey Rogers,apope@example.com,"380 Katelyn Stravenue Apt. 803 Branditown, CT 73889",2022-08-16
305,Leslie Norton,michelle94@example.com,"20220 Ray Tunnel Gentryhaven, AR 37790",2021-12-05
306,Christopher Caldwell,qflores@example.com,"8662 Brandon Terrace Rollinsfort, VT 08847",2022-10-02
307,Mary Munoz,andersonkatherine@example.org,"0274 Todd Harbors Suite 191 Richardsonmouth, CO 58639",2021-12-04
308,Ryan Brown,umeyers@example.com,"27227 Nicole Divide Apt. 320 New Loretta, SC 27644",2020-06-08
309,Tiffany Branch,hubbardnatalie@example.com,"862 Clark Crest Lake Jameshaven, AK 82282",2022-11-22
310,Jodi Robinson,brittany33@example.net,"0450 Cooper Mews New Julieville, VA 54673",2020-05-12
311,Paul Hernandez,salazarmichelle@example.org,"6225 Graham Motorway Apt. 481 Lake Robin, PW 48623",2022-12-14
312,Brandon Kim,juliangonzales@example.org,"47185 Alex Pines Rodneyburgh, PA 06223",2021-08-22
313,Melissa Macdonald,frank55@example.net,"8428 Anita Crest Ballborough, MA 67244",2021-11-20
314,John Dunn,smoore@example.net,"37085 Monica Road Suite 870 Williamsfurt, PW 68018",2021-12-09
315,Michael Russell,margaretsmith@example.net,"3836 Anthony Place Feliciafort, NV 58757",2022-06-29
316,Richard Owens,pattersonjonathan@example.net,"60424 Hahn Flats West Jessefort, AZ 77973",2021-04-26
317,Dave Myers,aoconnor@example.net,"76478 Norris Coves Debrafurt, GU 79052",2023-11-02
318,Savannah Medina,dgonzalez@example.net,"50393 Alicia Pass Suite 405 Smithville, CA 91450",2023-10-28
319,Shirley James,johnmartin@example.com,"8352 Powers Burgs Apt. 852 Ronaldview, MT 86826",2023-11-19
320,Isabel Cervantes,qporter@example.org,USCGC Navarro FPO AA 61882,2020-04-13
321,Sarah Martin,williamsbrandon@example.com,"511 Willie Wall Suite 012 South Ericside, MA 91479",2020-07-13
322,Sarah Anderson,cbooker@example.net,"53111 Dale Ways Brownberg, IL 57986",2024-03-29
323,Anthony Schmidt,sdunn@example.com,"4517 John Cape Apt. 038 South Jenniferside, NM 25357",2021-08-02
324,Justin Campbell,darleneyoung@example.org,"8625 Sarah Neck Johnsonville, OK 15563",2022-09-22
325,David Williams,josephcarter@example.com,"23686 Meyer Square Apt. 119 Wesleyton, TX 75507",2022-07-14
326,Robert Knight,hayesanthony@example.org,"90374 Meyers Squares Apt. 715 East Sylvia, VI 95423",2021-12-16
327,Kenneth Richardson,rmassey@example.org,"623 Gregory Light Suite 000 Loweton, NM 43161",2024-01-21
328,Sarah Sanchez,hollymorse@example.com,"6402 Gail Plaza East Jenniferburgh, AL 16283",2022-12-15
329,Sheila Hall,debra43@example.org,"86944 Harold Mountains Kristenberg, PW 41836",2024-01-31
330,Sarah Velasquez,douglas56@example.org,"7118 Scott Circle Dominguezbury, FL 51346",2022-11-02
331,Stephanie Boyd,monique59@example.net,"4600 Cowan Place Suite 618 Joshuaburgh, DE 02629",2024-08-02
332,Jennifer Brown,shelby88@example.com,"769 James Mountain Suite 972 Dayburgh, MP 40983",2023-04-27
333,Troy Lopez,adamsallison@example.net,"4114 Waters Inlet Suite 113 Toddview, MS 18401",2024-02-13
334,Robert Gray,davidmiller@example.net,Unit 3072 Box 2614 DPO AE 54870,2024-02-06
335,Donna Chavez MD,kathleenwilcox@example.org,"93118 Hamilton Parkways Suite 434 East Chelseaside, AL 80322",2023-09-06
336,Carol Stephenson,angela43@example.com,"00564 Griffin Inlet Suite 285 North Vincentport, SC 53707",2023-09-16
337,Tiffany Fox,amy39@example.net,"1322 Mendoza Mountain Suite 811 Kendratown, LA 32743",2020-01-13
338,Sara Everett,rossrobert@example.net,"7129 Trevino Oval Apt. 171 South Karinaland, VA 52238",2023-07-17
339,Casey Contreras,vjones@example.com,"31515 Kimberly Bypass Kaylashire, LA 82484",2022-11-24
340,Marcus Smith,fwood@example.org,"80806 Ann Ports Wrightmouth, CO 62892",2022-03-02
341,Charles Wilson,allenbrooke@example.net,"520 Hernandez Prairie North Jessicashire, TN 42666",2021-04-04
342,Tina Mejia,jacksonmary@example.net,"9119 David Turnpike Suite 173 East Alan, HI 75653",2023-08-23
343,Sarah Ford,bbarker@example.com,"692 Christine Centers South Amy, NC 64430",2021-01-14
344,Robert Rodriguez,garciavincent@example.net,"0426 Landry Stravenue Suite 361 Kimberlyfort, FM 08417",2022-04-24
345,Amber Torres,gjones@example.com,"00037 Webb Course Apt. 698 Karenland, WY 65749",2021-11-12
346,Annette Cook,russell44@example.com,"811 Lowery Coves South Erikaburgh, NC 16362",2022-11-24
347,Julie Riley,griffinkimberly@example.net,"2774 Soto Heights Youngtown, AR 14084",2024-06-10
348,Marc Davis,hchambers@example.net,"945 Jennifer Dam New Thomashaven, ID 44588",2023-07-02
349,Teresa Pruitt,christy23@example.org,"15179 Billy Square Suite 947 North Sandra, MA 60168",2020-06-18
350,Timothy Villa,joseph10@example.com,"424 Robinson Courts North Nicole, DC 95604",2021-10-28
351,Megan Padilla,ashley85@example.org,"PSC 9831, Box 7514 APO AP 24639",2024-07-01
352,Donald Moody,kristinawhite@example.net,"7667 Sanchez Centers Huntberg, TN 57117",2022-12-29
353,Melinda Craig,craig49@example.net,"813 Farrell Lodge Pattersonside, NV 23119",2021-05-25
354,Ashley Williamson,kbutler@example.com,"4438 Barber Lights Apt. 618 Glovertown, FL 44497",2021-10-19
355,Stephanie Peck MD,daniel95@example.org,"PSC 7564, Box 6091 APO AE 36879",2022-06-10
356,Jill Browning,stephensonluis@example.net,"659 Sellers Grove Port Juliechester, GU 90727",2022-07-24
357,Fernando Garner,griffindonna@example.org,Unit 0036 Box 6732 DPO AA 52728,2021-07-15
358,James Sims,shawnbentley@example.com,Unit 9310 Box 9681 DPO AP 33850,2023-05-04
359,Christina White,karenoneal@example.com,"64998 Hawkins Lakes Apt. 803 Colleenburgh, VA 39488",2022-01-14
360,Thomas Adams,hmiller@example.org,"57322 Johnson Lakes Suite 900 Lake Patricia, FL 36905",2020-05-03
361,Timothy Cuevas,staffordscott@example.org,"65667 Zachary Run Suite 003 Eduardoland, TN 10387",2024-04-18
362,Anthony Hernandez,beckerika@example.com,"38047 Natasha Via Suite 455 Jamesfurt, CO 33908",2022-05-04
363,Curtis Wilcox,michael53@example.com,"5348 Kelly Groves South Terrifort, WI 03440",2024-08-13
364,Pamela Ellis,gilbertmichele@example.com,"159 Kerry Causeway Rileyshire, MA 87757",2024-03-10
365,Rachael Flynn,fross@example.net,"9094 Charles Harbors East Madisonview, OK 50705",2021-06-06
366,Ronald Suarez,laurenpatel@example.org,"600 Teresa Hill New Shannonton, KS 43818",2024-03-31
367,Oscar Alexander,ybrady@example.com,"923 Ryan Ridges Suite 867 Aimeechester, AS 95893",2023-10-22
368,Kayla Taylor,bakerjames@example.org,"3243 Garcia Summit Suite 681 Lake Richardland, MA 01317",2024-02-22
369,Maria Washington,richard15@example.com,"519 Smith Junction South Rachelborough, NE 87068",2023-03-31
370,Patricia Valdez,kevinnorris@example.net,"273 Eric Center Suite 166 Heatherport, GA 08018",2023-10-02
371,Stacey Gregory,gardnergregory@example.org,"594 Hunter Pine East Sarafort, IN 26649",2024-07-29
372,Ryan Cardenas,mooreleslie@example.net,"76263 Ashley Highway Genemouth, MD 03193",2020-10-23
373,Laurie Shaffer,susan76@example.org,"90545 Jenna Avenue Apt. 563 New Crystalmouth, VI 83327",2020-10-01
374,David Medina,grantrodriguez@example.org,"463 Wiggins Burgs Suite 414 East Colton, UT 61508",2020-01-14
375,Brittany Kim,westthomas@example.net,"8264 Armstrong Branch West Kelly, MA 04474",2020-02-27
376,Kathryn Clark,shelby73@example.com,Unit 2423 Box 8076 DPO AE 69324,2023-09-14
377,Tyler Farmer,npeterson@example.net,"344 Kenneth Mission Suite 525 Port Connieberg, IA 66456",2020-04-16
378,Morgan Hall,vasquezzachary@example.net,"4902 Lyons Viaduct Apt. 889 East Nicholas, MT 66547",2024-08-30
379,Veronica Mcfarland,johnsonterri@example.org,USNS Eaton FPO AP 54001,2020-01-02
380,Mary Barron,gregoryduarte@example.net,"65959 Lopez Rapid Suite 301 Kevinfort, CA 25610",2023-01-19
381,Mary Reyes,younggabriel@example.com,"2772 Eduardo Place Apt. 632 West Amandaland, WY 20119",2023-12-26
382,William Frost,acook@example.org,"776 Stacey Hill Riveraville, MA 70999",2022-12-23
383,Gail Fisher,wlopez@example.com,"81048 Autumn Parkways East Aliciaberg, AR 93421",2022-09-06
384,Daniel Perkins,cbrown@example.org,"995 Pena Court Suite 094 Smithport, CO 77712",2022-09-16
385,Yvonne Ewing,holmesnathan@example.net,"320 Sarah Flats Port Richardtown, CO 91810",2021-03-01
386,Kayla Miller,michael59@example.net,Unit 8362 Box 4249 DPO AE 44865,2021-05-28
387,Katherine Butler,scottalyssa@example.net,"297 Donald Pike East John, AK 19566",2021-03-16
388,Jordan Goodman,pjames@example.net,"PSC 9841, Box 1572 APO AA 91936",2024-06-28
389,Michael Johnson,stephaniesmith@example.net,"1660 Theresa Extensions Suite 632 Olsonshire, UT 65323",2024-09-16
390,Melissa Harper,paul17@example.com,"6184 Marvin Pike South Tiffany, FM 24053",2024-04-28
391,Casey Hart,kevinjohnston@example.net,"40174 Larson Trail South Jenniferhaven, AS 04541",2020-07-03
392,Katherine Holland,brittanyswanson@example.com,"079 Derek Squares Suite 839 Lake Kurtburgh, ND 13374",2023-08-03
393,Misty Vazquez,kellyashley@example.org,"6602 Walker Path Apt. 702 Dillontown, MD 74717",2021-10-15
394,John Patel,smithscott@example.net,"56675 Vargas Orchard Williamsmouth, SD 60739",2022-01-31
395,Sandra Faulkner MD,john89@example.org,Unit 3203 Box 5992 DPO AP 75391,2024-06-12
396,Austin Summers,ashley19@example.com,"PSC 7212, Box 1093 APO AP 75663",2022-03-13
397,Craig Campbell,brewerjoseph@example.net,"250 Aaron Centers Durhamborough, PA 53953",2022-12-02
398,Marie Smith,mendozasean@example.net,"6119 Steven Route Suite 064 Mcmillanburgh, MH 33494",2022-02-10
399,Miguel Gilbert,jennifer88@example.net,"6537 Shawn Parkways South Sandystad, AS 57338",2021-04-20
400,James Silva,kevin46@example.org,"73086 John Mount Suite 660 Jensenmouth, AL 35905",2023-10-15
