id,name,email,address,date_joined
1,Stephanie Thomas,victorpearson@example.net,"4465 Marie Creek Lake Pamelachester, MO 73918",2022-07-07
2,Matthew Lewis,cjohnson@example.org,"33480 Thomas Heights Suite 215 Smithchester, AZ 04202",2021-06-08
3,Joshua Daugherty,jeremydaniel@example.org,"5404 Anthony Fork Apt. 662 Samanthatown, GA 51991",2023-02-18
4,Jessica Wood,jennifer03@example.com,"4369 Jennifer Corner North Timothy, SC 70348",2022-05-05
5,Randy Smith,timothy94@example.net,"363 Butler Landing New Carol, MA 17657",2021-04-05
6,Christine Lee,christina38@example.net,Unit 3884 Box 2039 DPO AA 99019,2023-10-23
7,Patrick Smith,tayloramy@example.net,"21429 Molly Overpass Kristenville, IL 64412",2020-10-14
8,Kimberly Ball,robert84@example.org,"24326 Webb Keys Longborough, AS 60662",2024-07-03
9,Bradley Scott,patricia61@example.org,Unit 7576 Box 3534 DPO AE 05240,2020-03-20
10,Eugene Bush,jonathanjackson@example.com,"75241 Michael Lake East Kevinmouth, NJ 96327",2023-03-04
11,Tamara Patterson,sdavenport@example.net,"55947 Victoria Street Apt. 631 South Kaylaview, VI 15831",2022-06-01
12,Tammy Cordova,jenniferlopez@example.com,"650 Meyers Locks Suite 677 Lake Nicholasburgh, GU 54444",2022-02-07
13,Jennifer Thompson,qbarker@example.com,"87132 Gomez Rapids Coryberg, TN 17406",2024-03-27
14,Chloe Fuller,krobinson@example.org,"40674 Hernandez Courts Suite 793 Karenstad, OH 80339",2023-11-13
15,Roy Jenkins,theresacrawford@example.net,"582 Ronnie Stravenue Fernandezburgh, MD 68223",2024-04-25
16,Timothy Garcia,chad55@example.net,"10593 Jones Station Jonesview, AL 31497",2021-08-15
17,Jennifer Davis,williamterry@example.org,"309 Benjamin Greens Lake Jasonstad, PA 78462",2024-08-23
18,Taylor Olson,brucehall@example.com,"00963 Robert Union North Amber, FL 99582",2022-10-29
19,James Little,mullenmichael@example.org,"2725 Wells Ville Lesterfurt, VI 16956",2020-06-27
20,Justin Franklin,frankhaas@example.org,"20346 Rodney Mountain Suite 101 Lake Patrick, WA 17267",2020-12-03
21,Thomas Johnson,jennifer54@example.com,Unit 8337 Box 8071 DPO AE 23819,2024-01-17
22,Ricardo Ruiz DDS,gouldandrew@example.com,"2433 Alexandria Port Hensleyton, ND 91686",2020-05-18
23,Michael Lara,handerson@example.org,"6571 Nelson Junctions Suite 790 New Luis, DC 68570",2021-09-13
24,Carlos Perry,wclark@example.com,"1863 Brian Fork Apt. 720 Tranmouth, NH 65243",2021-11-19
25,Timothy Flores,woodmonica@example.net,"454 Jose Views Garrettburgh, NM 16689",2024-09-13
26,Brent King,perezlogan@example.net,"872 James Terrace Taylorbury, NY 59270",2023-06-12
27,Lisa Howard,itucker@example.org,"79103 Gardner Rest Kellyfort, MP 96204",2023-05-16
28,Kayla Gray,michaelhobbs@example.com,"1700 Joyce Cape New Michael, MH 77567",2021-11-20
29,Kimberly Fleming,porterkelly@example.net,"5664 Sarah Vista Lefort, TX 44084",2023-12-23
30,Tamara Lopez,ryansutton@example.com,"42967 Odom Burg Apt. 074 North Geoffrey, AR 46123",2022-12-01
31,Roy Aguirre MD,tsims@example.net,"385 Wright Loaf South Vincentton, PA 70265",2024-07-06
32,Melinda Gregory,miguelreed@example.net,"1924 Lopez Burg Apt. 784 West Rebecca, KS 92277",2021-03-09
33,Jeffrey Whitaker,robertsdavid@example.com,"677 Peck Alley Karenville, NC 95829",2022-04-28
34,James Andersen,robert91@example.net,"125 Waters Locks Gonzalesstad, MH 36873",2022-10-17
35,Steven Harrison,tiffany65@example.com,"38410 Thompson Loaf Apt. 724 West Michele, MI 49204",2021-11-07
36,Jessica Fowler,priscilla87@example.com,"2212 Steven Estate Apt. 248 Bonnieview, NM 33587",2024-04-19
37,Vincent Cooper,joshuaesparza@example.net,"041 Smith Station Richardside, DC 80954",2020-10-06
38,Matthew Mills,bretttaylor@example.com,Unit 7828 Box 6037 DPO AE 72075,2023-05-04
39,Veronica Sexton,john86@example.com,"35890 Hudson Rest Carterside, NH 58014",2023-01-28
40,Johnny Cabrera,rjohnson@example.com,"289 Reynolds Viaduct Harringtonmouth, DE 51699",2024-01-20
41,Zachary Townsend,estevenson@example.com,"9913 Gilbert Union Suite 333 North Michael, ND 95672",2024-06-24
42,Noah Wilson,alejandrocurtis@example.net,"4180 Smith Neck New Andrewborough, MA 19100",2022-03-13
43,Richard Oconnell,mfranklin@example.com,"890 Megan Ramp Rasmussenshire, CA 95984",2020-02-28
44,Jerry Norris,tdaniel@example.org,"57842 Ortiz Ridges Teresafort, NH 44105",2020-08-15
45,Dr. Shannon Rocha,georgecardenas@example.net,"777 Katie View Hamptonchester, HI 34910",2021-05-10
46,Jonathan Wolfe,cevans@example.net,"464 Mann Corners Salinashaven, NM 65930",2021-12-17
47,Rhonda Romero,julieshaffer@example.org,"688 Vanessa Canyon Theresastad, WY 44701",2023-01-29
48,Christopher Holt,christopherhensley@example.org,"609 Danielle Well Apt. 369 South Mariafort, ND 11075",2023-01-23
49,Angela Brown,wendyjohnson@example.net,"6426 Gardner Run Allisonport, UT 01525",2021-11-21
50,Chad Shepherd,singhdeanna@example.com,"86758 Clay Freeway Acostatown, AR 04414",2023-05-20
51,Kristina Burton,jason44@example.com,"7666 Cassandra Track Suite 943 Swansonville, UT 03809",2020-01-23
52,Kathryn Hunt,qwright@example.net,"7901 Marshall Meadow Apt. 594 East Jonathan, VI 99617",2023-09-18
53,Spencer Smith,davisvictoria@example.com,"2346 Adrian Shore New Julie, DE 19029",2024-05-28
54,Lisa Baker,johnsonpaula@example.net,"07472 Meyer Wall West Albert, IN 18118",2023-02-01
55,Edward Barrera,chaserogers@example.org,USCGC Vasquez FPO AE 45912,2021-10-11
56,Jacob Newton,lopezgeorge@example.com,Unit 8677 Box 3298 DPO AP 70842,2021-01-13
57,Daniel Wells,cherylmorgan@example.net,"0455 Willie Burg Suite 823 South Stephen, AZ 98886",2022-07-20
58,Michael Hall,abbottgrace@example.net,"2000 April Points Hallberg, IN 91671",2023-07-07
59,Monique Foster,wilsonmichael@example.org,"81337 Hernandez Prairie Thomasfort, WV 70117",2022-08-22
60,Kristina Levine,dvazquez@example.net,"933 Cohen Expressway Suite 201 South Karenmouth, NC 60563",2024-07-07
61,Kimberly Fleming,anngolden@example.org,"66700 Foster Ridge Wellston, DE 02897",2023-05-28
62,Joshua Barnett,harold65@example.org,"98947 Lee Mills Robertfort, GU 93237",2023-03-13
63,Joshua Harris,umyers@example.com,"9917 John Springs South Emily, SD 44040",2022-01-19
64,Colin Hernandez MD,robertsimpson@example.com,"3363 Jones Islands Lake Lisastad, MO 81234",2024-06-06
65,James Hart,april44@example.com,"52278 Crystal Junction Apt. 832 East Joseph, MN 35992",2020-07-06
66,Paul Jones,stevenevans@example.org,"203 Ashley Groves Suite 716 Ricehaven, CT 13751",2021-05-06
67,Leonard Lutz,vdudley@example.com,"359 Richard Cliffs Marshallhaven, ME 83417",2024-04-15
68,Dustin Kelley,louisstevenson@example.net,USNS Yu FPO AA 42196,2020-03-17
69,Jessica Coleman,joshua49@example.net,"9241 Tracey Trace North Norma, FM 72682",2023-09-24
70,Cheryl Abbott,piercejessica@example.com,"196 Sheppard Groves Charleshaven, GU 80610",2023-04-24
71,James Edwards,amanda60@example.com,"6672 Acosta Dam Suite 070 Powellhaven, AK 78446",2023-06-04
72,Mary Perez,cynthia21@example.net,"435 Alex Lake Apt. 861 Mariafort, LA 92636",2022-02-08
73,Theresa Massey,samanthagarza@example.org,"3896 Edward Islands Lake Heather, HI 34128",2020-10-13
74,Ian Sparks,khughes@example.com,"19618 Benjamin Ridge Apt. 724 Branditown, AS 26913",2021-05-13
75,Amanda Thompson,christine29@example.net,USNV Phillips FPO AE 85111,2021-12-17
76,Christopher Sharp,briankelly@example.org,"5391 Reese Freeway Suite 542 Marymouth, ID 74905",2024-03-24
77,Anna Baker,pguzman@example.com,"637 Page Bypass Tinatown, NM 18042",2022-05-19
78,Brandon Johnson,riveraelizabeth@example.com,"3364 Patrick Prairie Suite 801 Jeffmouth, LA 69361",2020-01-29
79,Ronald Shaffer,brianhuff@example.net,"5428 John Heights Suite 048 Port Cathymouth, MA 96072",2020-10-02
80,Tracy Burns,kelly17@example.com,"09796 Robert Turnpike Robinsonport, MS 09679",2022-11-18
81,Brittany Lopez,jenkinsspencer@example.org,Unit 0578 Box 7552 DPO AP 74093,2020-10-13
82,Margaret Jackson,terrence91@example.com,Unit 3784 Box 1772 DPO AP 70333,2023-11-12
83,Amy Thomas,jessicasnow@example.org,"00194 Ethan Inlet Lake Madison, FM 34187",2022-09-29
84,Andrea Bailey,jonesjordan@example.com,"0649 Jimmy Ports North Katherine, NC 65409",2023-04-24
85,Richard Davis,pamelaharmon@example.net,"0931 Frank Center Christopherton, MH 83899",2023-11-22
86,Steven Fisher,jgreen@example.com,"72189 Shannon Plaza Apt. 451 New Stephen, LA 31803",2024-08-10
87,Micheal Valdez,christopher21@example.org,"62136 Richard Light Apt. 220 Lucasport, PW 99079",2022-04-19
88,Ebony Murray,warrencharles@example.org,"36439 Kristina Manor West Michael, LA 43240",2020-07-06
89,Emily George,kflowers@example.com,"2615 Fuller Trafficway East Jackchester, MT 08522",2022-02-18
90,Kristen Mendoza,carrnathaniel@example.org,"7423 Roy Fords East Billmouth, AL 09941",2022-08-19
91,Paul Bryant,isabellahicks@example.com,"66689 Green Fords Taylorton, NY 07174",2022-11-25
92,Melissa Benjamin,breyes@example.org,"0056 Marc Island Suite 147 Lake Jamesfort, FL 30614",2022-01-04
93,David Jones,amybennett@example.net,"7514 Perez Shoal Apt. 043 South Jessica, PW 57179",2022-06-27
94,Ryan Bauer,dodsoneric@example.net,"6032 Tonya Locks Apt. 117 West Haley, NH 15115",2020-03-01
95,Nicholas Baldwin,uharrison@example.net,"81655 Maurice Tunnel New Jefferyfort, MA 21227",2020-03-16
96,Isabel Wright,cherylholloway@example.org,"121 Brittany Squares Suite 713 Adamfort, GU 28775",2022-08-12
97,Emily Singleton,dennisolson@example.org,"8590 Nathan Station Lake Sherry, LA 52313",2021-10-15
98,Nancy Gray,patricia04@example.com,"PSC 3413, Box 4688 APO AP 88350",2022-03-02
99,Eric Foster,hramos@example.net,"7377 Fry Plaza East Thomas, IL 14291",2021-08-18
100,Jimmy Goodman,seanvaldez@example.com,USCGC Brown FPO AA 67156,2022-10-09
101,Katherine Collier,agomez@example.com,"72530 Diana Plaza Richardfurt, KY 73839",2023-09-15
102,Julia Smith,david35@example.org,"56064 Lewis Stravenue Apt. 668 Jenkinschester, OH 24015",2023-05-03
103,Curtis Robles,zking@example.com,"5490 Anthony Brook Valdezstad, WY 77727",2020-08-16
104,Anthony West,garrettcallahan@example.org,"965 Vincent Mission Hannahchester, VT 65373",2020-03-08
105,Kimberly Key,rjuarez@example.net,"445 Huynh Heights Kyleview, MI 88782",2022-11-13
106,Timothy Johnson,vdrake@example.com,"260 Emily Mill Mathisport, GA 01260",2021-06-08
107,Christina Johnson,tdavis@example.org,"2818 Wolfe Meadows Suite 202 Davidshire, WY 78607",2022-08-29
108,Erica Valdez,ericafernandez@example.org,"9504 Simmons Gardens Apt. 761 North Eric, ID 58038",2020-01-08
109,Gloria Bowman,thomasscott@example.net,"397 Adams Union Port Jonathantown, TN 10387",2020-09-16
110,Holly Roy,johnhiggins@example.net,"4197 Katherine Estate Port Laura, ID 42826",2021-08-19
111,Anthony Holland,anna82@example.org,"8224 Jared Cliffs Apt. 936 North Michaelburgh, CA 43480",2023-04-05
112,Brittany Estrada,qsteele@example.net,"219 Obrien Plains Michaelchester, AK 11943",2020-05-27
113,Aaron Davis,fhuber@example.org,"PSC 0684, Box 1550 APO AA 41045",2021-05-30
114,Mercedes Lee,salazarjohn@example.com,"4746 Kristina View Lake Melissamouth, NY 60597",2020-04-07
115,Emily Mayer,jessicahunt@example.org,"PSC 7218, Box 1826 APO AA 40277",2023-06-03
116,Heather Villanueva,dawn32@example.net,Unit 6634 Box 6191 DPO AA 58399,2023-05-16
117,Barbara Smith,victorlopez@example.org,"6704 Kristi Terrace South Dawnshire, AK 67049",2020-02-02
118,Anna Potter,jennifertaylor@example.org,"76807 Cole Lakes Apt. 112 Richardsonfort, PW 49039",2022-02-01
119,Heidi Smith,rwilson@example.com,"580 Johnson Locks Margaretfort, NV 30003",2024-07-15
120,Adam Arnold,qlynn@example.org,USNS Roman FPO AP 82978,2023-12-10
121,Courtney Hoffman,phillipthompson@example.org,"51552 Cassandra Expressway Apt. 095 Lake Carlmouth, UT 22651",2023-07-15
122,Darlene Reilly,kevinmelton@example.net,"1945 Benitez Island Port Reginald, VI 49563",2021-06-04
123,Cole Martinez,rothjenny@example.org,"898 Justin Point Wadestad, ME 29229",2022-07-28
124,Kristina Marks,lindafleming@example.com,"184 Jo Valley Suite 519 Bryantton, ME 42785",2024-01-18
125,Elizabeth Navarro,csimmons@example.com,"9094 Lucas Hill West Amyburgh, SC 49785",2021-06-09
126,Michelle Hunter,nancylawrence@example.com,"66107 Newman Forge Karaside, VA 85488",2021-04-23
127,Richard Webb,stephenjordan@example.org,Unit 9026 Box 5751 DPO AE 41519,2021-01-18
128,Robert Fletcher,yford@example.com,"5723 Jennifer Unions Apt. 138 Crystalfort, WA 58614",2021-11-06
129,Valerie Vance,farrelladam@example.org,"0602 Chandler Cove Suite 993 New Amandaberg, VT 88585",2020-08-23
130,Jeffrey Alvarez,cookbreanna@example.org,"1200 Jessica Ridges Jacobsonmouth, TX 42182",2023-09-25
131,April Ferrell,johnsonbobby@example.net,"389 Jensen Course Katrinafort, PA 76922",2022-08-16
132,Travis Patton,browndavid@example.net,"3330 Mary Hill Melissaport, FM 69459",2022-02-15
133,Erica Drake,sheri18@example.org,"5076 Paula Ville Apt. 173 Pooleburgh, WY 38201",2022-11-27
134,Richard Flores,scott63@example.com,"105 Lisa Dam Suite 334 New Kathleenmouth, AL 12294",2022-02-06
135,Robert Wilson,egeorge@example.net,"8317 Taylor Brook Alvarezland, HI 44548",2024-01-01
136,Ronald Singleton,jacquelineperez@example.org,"7614 Jennifer Stravenue Apt. 093 Lake Daniel, SC 79057",2021-04-01
137,Alexander Ford,juan49@example.com,"733 Gibson Forks Apt. 500 Kathrynberg, NH 03933",2020-08-13
138,Chelsea Jackson,alyssamoore@example.net,"16567 Tonya Squares Port Robin, CA 45336",2023-05-17
139,Donna Powell,mark04@example.org,"6759 Brittany Village Port Alexanderborough, LA 65307",2022-04-11
140,David Johnson,ryan72@example.net,"024 April Hollow Suite 472 Gonzalezfurt, DC 45051",2024-04-02
141,Philip Boone,coxdanielle@example.net,"960 Justin Unions Apt. 477 Lake Janiceberg, IL 84533",2021-11-10
142,Christopher Crosby,ronald38@example.org,"7231 Jones Common New Heather, CO 18901",2022-04-14
143,Mark Collins,andrewbennett@example.org,"4052 White Crossroad Apt. 233 Johnsonburgh, CA 24319",2020-07-02
144,Ricky Cummings,tanya68@example.com,"62332 Dorsey Villages Apt. 898 Davidshire, MT 26059",2024-05-16
145,Lauren Maldonado,rebeccahenderson@example.net,"153 Wilson Via Suite 445 Williamsonfort, DC 57743",2023-02-12
146,Jeffrey Sanford,joshuacampbell@example.org,"9139 Contreras Fork Ginaland, TX 73957",2023-02-02
147,Melissa Smith,pbrown@example.com,"PSC 9298, Box 4925 APO AP 24693",2020-01-03
148,Spencer Anderson,julie22@example.org,"8046 Huff Passage Suite 381 Bentleyhaven, NY 37597",2022-09-04
149,Cheryl Davis,zavalahelen@example.com,"818 Davis Rapid Suite 314 Crystalton, TN 78974",2023-09-04
150,Christina Reed,herreramathew@example.net,"84496 Miller Pine Apt. 767 Ashleyshire, ME 25150",2022-02-28
151,Henry Wang MD,michael19@example.com,"62161 Marissa Street Hughesfort, MI 78664",2020-08-12
152,Laura Moore,tinarivas@example.com,"17443 Travis Turnpike Suite 331 Port Amyburgh, SD 69506",2023-03-11
153,Mary Rojas,jane92@example.net,"3604 Thornton Manor Apt. 302 Lake Dylan, UT 59988",2021-10-05
154,Angela Carlson,dwilliams@example.com,"PSC 2272, Box 2698 APO AP 63754",2021-08-15
155,Destiny Anderson,qcole@example.org,"17813 Latoya Knolls Suite 484 West Barbaramouth, AR 02269",2023-04-09
156,Diana Snow,danajones@example.com,"43425 Maria Skyway Suite 810 West Matthew, WI 63515",2023-03-21
157,Kimberly Jarvis,angela09@example.com,"294 Dalton Prairie Nicolehaven, CA 34361",2020-11-16
158,Christina Armstrong,davisjohn@example.com,"510 Medina Flat Apt. 707 South Jeffreyside, MS 96989",2021-09-07
159,Chad Santiago,alisonsantos@example.org,"583 Bush Circles Apt. 418 Danielview, SD 18322",2024-07-02
160,Steven Bell Jr.,mckinneypenny@example.net,"81805 Daniel Inlet Hullland, NM 50609",2024-04-22
161,Anthony Olsen,benjaminschaefer@example.com,"18829 Edward Crossroad Suite 445 South Marioborough, MI 64667",2024-05-12
162,Linda Doyle,ynorris@example.org,"47020 Harvey Extensions North Nataliestad, AK 21713",2023-05-10
163,Amber Freeman,vchan@example.org,"6762 York Wells North Helenview, WY 55105",2020-03-06
164,Richard Chavez,chelsea64@example.org,Unit 0815 Box 6177 DPO AA 50916,2020-07-31
165,Jennifer Thompson,jessica24@example.com,"6079 Meyer Pines Apt. 136 East Brittanyport, PA 48268",2024-08-02
166,Barbara Salazar,ltownsend@example.net,"42443 Alyssa Key Sanchezhaven, GU 58399",2020-05-11
167,Barbara Holloway,willie37@example.com,"0379 Weaver Vista Suite 501 Kimberlymouth, RI 48884",2023-04-18
168,Todd Schmidt,aguilarlaurie@example.org,"93247 Jones Orchard Suite 658 Douglaschester, FM 24855",2020-08-25
169,Kristen Aguilar MD,daniellecarr@example.com,"9644 Kerry Harbors North Kimberlyburgh, RI 71635",2022-10-23
170,Ruth Tapia,brenda10@example.net,"122 Novak Mission Suite 869 Lake Kimberly, TN 86189",2020-04-28
171,Andrew Williams MD,smithcheryl@example.com,"97249 Ashley Stream Suite 740 West Elizabeth, OR 90563",2023-12-31
172,James Lynch,crystaltate@example.org,"09641 Winters Knoll Apt. 585 East Heatherhaven, KS 50040",2020-10-12
173,Megan Dunn,ashleyschwartz@example.org,"5117 Anthony Locks Apt. 609 Lake Stephanie, MH 51386",2024-06-24
174,Jason Weber,aaron09@example.com,"612 Sandra Mountains Suite 927 Davemouth, ME 65603",2023-03-19
175,Cheryl Gray,vmoore@example.org,"579 Mendoza Coves Suite 775 Mckinneychester, NM 17789",2020-01-31
176,Jill Mccormick,brianjohnson@example.org,"70403 James Extensions Apt. 181 Pottsfurt, CO 46498",2023-07-21
177,Paul Fletcher,cartersharon@example.org,"8154 Leah Ramp Apt. 269 Thomasshire, PW 44769",2024-05-02
178,Dorothy Harper,angela23@example.org,"288 Sanchez Dale Suite 830 New Dakota, RI 42418",2021-08-25
179,Melissa James,patrick45@example.com,Unit 3368 Box 6943 DPO AA 79372,2022-07-31
180,Mr. William Clark PhD,martin83@example.net,"501 Hunter Burgs Apt. 440 Christyborough, VT 75325",2020-06-17
181,Daniel Manning,brianhoward@example.com,"29383 Troy Park Apt. 484 New Joshualand, LA 22506",2024-01-22
182,Tiffany Olson,gomezbeth@example.com,"782 Cheryl Forge East Priscillafurt, WI 06471",2022-02-25
183,Aaron Contreras,tiffanyrogers@example.net,"59567 Morris Road Port Emilyton, NC 35728",2020-02-01
184,Amy Crawford,rogersjoseph@example.com,USCGC Adams FPO AA 30138,2023-06-10
185,Kenneth Webster,rsmith@example.net,"257 Thomas Valley Port Brenttown, AL 65690",2020-08-18
186,Brian Hart,johnsonchristopher@example.org,"PSC 3027, Box 5938 APO AP 33282",2020-05-23
187,Bryan Davis DVM,danieljohnston@example.org,"3838 Randall Route Vanessaland, ND 64915",2021-04-21
188,Nathan Bradley,eugenesheppard@example.org,"PSC 1914, Box 1107 APO AE 57484",2021-01-23
189,Kristin Moss,david92@example.org,"25114 Stanley Burg Suite 347 Davidport, PR 65120",2022-05-29
190,Jonathan Gray,david01@example.com,"492 Kimberly Locks Curtisside, SD 78250",2022-01-17
191,Ronald Wilson,russellshort@example.com,"46320 Johnson Flats Suite 394 Alexandershire, IA 26236",2021-09-30
192,Shelley Vazquez,vsmith@example.net,"0390 Angela Groves Jessicaland, NE 39659",2023-02-06
193,Susan Kent,williamsjay@example.com,"562 Bowen Tunnel Raymondmouth, SD 38267",2024-04-19
194,Shawn Davis,sandersandrea@example.org,"0463 Terry Lake Apt. 464 South Brandon, NM 74557",2022-10-12
195,Breanna Brewer,ywarren@example.net,"81455 Clark Ridges Apt. 557 North Marc, NH 22906",2022-10-28
196,Heather Franklin,cmorgan@example.org,"536 Pruitt Plaza Apt. 528 East Gary, KS 48656",2021-12-13
197,Christopher Reynolds,ipetersen@example.com,"9817 Nicole Divide Lake Emilyberg, ID 27572",2020-09-21
198,Bernard Buck,darren27@example.org,"2992 Lacey Flats West Bailey, FL 53628",2024-01-27
199,Christopher Williams,browndavid@example.net,"80477 Miller Manors Madelinefurt, AZ 21093",2022-10-08
200,Eugene Garcia,bellkimberly@example.org,"88384 Lauren Field Davidland, HI 65872",2022-11-18
201,Mr. Luke Anderson,edward22@example.net,"56456 Sloan Extensions Apt. 256 Joneshaven, MT 33793",2023-05-04
202,Robert Kelly,adamscassandra@example.com,"1210 Brown Flats North Cynthiaburgh, MI 68208",2020-11-13
203,Brittany Stewart,michaelmcdonald@example.net,"80060 Cynthia Tunnel Apt. 158 Wardshire, MN 98393",2023-04-01
204,Emily Wheeler,qknight@example.net,"7080 Campbell Mews Suite 415 Port Nicholas, DC 26351",2020-04-06
205,Megan Howard,holmeskaren@example.org,"5435 Cooper Spurs Apt. 487 Port Erika, RI 26024",2020-01-10
206,Julie Smith,odomcatherine@example.org,"55478 Jennifer Inlet Darinfort, NH 42542",2020-04-28
207,Felicia Brown,monicawright@example.org,"28915 Fitzpatrick Estate North Dannyville, KS 89648",2020-08-30
208,Joy Ramirez,jasonmcdaniel@example.com,"793 Heather Stream Suite 684 Alvaradoborough, CT 61484",2024-01-28
209,Jeffrey Brewer,ucarrillo@example.org,"542 Daniel Knolls Apt. 473 Juliastad, MI 30855",2023-04-17
210,Jennifer Cook,parkswilliam@example.com,"80589 John Fords Suite 594 New Austinfurt, FL 12662",2022-12-19
211,Chris Tran,griffinkathryn@example.org,"33920 Michael Walks Kimland, ME 64156",2024-01-16
212,Dave Johnson,jacksonchristopher@example.com,"2206 Thompson Light Apt. 968 Josephborough, CO 44444",2020-10-31
213,Tina Patterson,dixondawn@example.com,"187 Mcpherson Motorway East Jordan, PW 98581",2024-07-07
214,Megan Flores,nmiller@example.com,"PSC 0315, Box 1063 APO AA 86083",2024-03-30
215,Gary Brady,sharilawson@example.org,"PSC 4957, Box 3241 APO AE 66108",2021-07-30
216,Ashley Williams,james47@example.com,"7713 David Union Suite 515 New Austin, OH 58515",2022-09-03
217,Monica Edwards,kochelizabeth@example.org,"3795 White Roads Suite 854 Lisafort, MD 56426",2022-05-25
218,Brian Reed,martinezcole@example.org,"687 Moreno Inlet East Paulchester, MH 12101",2021-04-17
219,Carl Hernandez,katelynhorton@example.com,"0467 William Mountain Suite 773 East Marilynchester, MA 09527",2023-03-18
220,Heather Archer,bonnie14@example.org,"89432 Smith Square Apt. 600 West Maryville, MT 98568",2020-12-06
221,Mr. Ethan Lopez DDS,odomnathan@example.org,"59988 Chambers Views New Davidview, ID 36339",2023-09-16
222,Lisa Clark MD,brandi63@example.org,"4021 Montes Shores Lake Tonyborough, VA 98622",2021-11-30
223,Larry Bailey,jessica31@example.net,Unit 2599 Box 8834 DPO AE 17157,2023-01-01
224,Michelle Estrada,lmathis@example.org,"1060 Rollins Curve Bryanton, NH 90799",2022-11-11
225,Donald Nichols,charles62@example.com,"2242 Fuentes Views Georgeland, VT 07387",2023-08-24
226,Joseph Roberts,smoran@example.net,USS Walker FPO AA 10614,2021-10-05
227,David Dixon,thanson@example.org,"1444 Garcia Burgs Suite 303 North Ebony, PW 95684",2022-03-13
228,John Dougherty,osweeney@example.org,"7299 Jacqueline Fields West David, WY 42354",2022-04-27
229,Timothy Lewis,shannonking@example.net,"790 Chad Drive Fletchertown, NH 28750",2022-11-08
230,Faith Maxwell,brandtjacqueline@example.net,"772 Aaron Circle Harrellhaven, OH 69830",2024-04-08
231,Joseph Stewart,garciapatricia@example.org,"613 Gilbert Knolls Suite 927 Garciamouth, KS 53077",2021-07-12
232,Crystal Walker,kellyhernandez@example.net,"844 Clayton Flat North Thomas, WI 95285",2020-07-04
233,Joshua Thomas,sheena00@example.org,"442 Dunn Coves Ryanshire, AL 05688",2021-01-07
234,Andrew Garrett,christina24@example.net,Unit 4488 Box 8850 DPO AA 77259,2023-10-30
235,Melissa Glover,ykennedy@example.org,Unit 7167 Box 1116 DPO AA 41967,2024-03-10
236,James Davis,kimberly33@example.net,"169 Burgess Trail Apt. 950 Lake Michael, TN 96327",2024-05-15
237,Valerie Howe,keith80@example.net,"41575 Flores Row South Jonathanberg, TX 82739",2020-10-22
238,Joseph Irwin,timothy63@example.com,"57313 Hudson Loaf Brownmouth, WY 86349",2021-02-23
239,Marisa Carlson,justin96@example.com,"71943 Barker Cliff Apt. 167 Melissaborough, MS 77053",2020-03-14
240,Lisa Hernandez,noahgross@example.com,"431 Sherman Plains Apt. 214 Port Hunterview, NE 29190",2022-07-23
241,Melissa Phelps,xwilson@example.com,"86969 Eric Forge Suite 474 Michaelberg, WV 26675",2020-01-26
242,Katelyn Lee,patriciaking@example.com,"922 Holly Vista Kendraland, ME 69074",2024-09-27
243,Stephen Parsons,eobrien@example.org,"44278 James Harbor East Donnatown, MN 48070",2022-03-11
244,Monica Lucas,kristi36@example.org,USNS Richards FPO AP 20877,2024-04-22
245,Robert Anderson,stonekimberly@example.com,"8322 Crawford Valleys Suite 097 North Nicoleview, AL 11411",2020-06-12
246,Monica Jennings,wilsonjeffrey@example.com,"2129 Johnston Plains New Jamesmouth, MH 74451",2024-01-04
247,Samuel Trevino,lindsey45@example.net,"518 Bradshaw Flats Suite 722 Calderonburgh, NJ 61808",2022-10-18
248,Scott Hood,kirkmike@example.com,"89869 Alexander Manor Jonathanshire, HI 06717",2020-03-19
249,Christina Wagner,ugordon@example.org,"327 Oscar Trail South Dawnview, GA 79000",2024-05-25
250,Loretta Ortiz,michael04@example.com,"0313 Davis Ferry New Jessica, OR 89584",2024-05-14
251,Monica Franco,nburnett@example.net,"329 Powers Lodge Tanyaside, UT 80450",2023-08-05
252,Kaylee Lopez,lisabarnes@example.com,"56979 Gonzalez Shore Suite 189 East Johnberg, LA 01755",2024-08-22
253,Angela Ochoa,imichael@example.org,"498 Rogers Branch Port Shelleyton, WA 39429",2022-03-28
254,Pamela Martin,andrew18@example.com,"847 Dana Mall Cruzstad, KY 41689",2020-11-12
255,Melissa Vargas,jrobinson@example.org,"509 Gregory Fords Suite 020 Sextonborough, SD 53661",2020-11-08
256,Tara Sutton,psmith@example.net,"6548 Jake Centers Suite 990 Donnaton, GA 09854",2023-01-10
257,Brad Little,chelseaphillips@example.net,"2945 Jason Land Apt. 780 Melissatown, UT 93389",2020-04-26
258,Joe Lee,robert66@example.net,"91816 Matthew Circles Apt. 431 Lake Derrick, VT 50734",2022-12-13
259,Rachel Maxwell,sstewart@example.com,"846 Bradley Radial Apt. 516 Lake Lauren, NJ 24011",2023-07-31
260,Lauren Cole,seangamble@example.net,"511 Martinez Vista Donaldton, OR 26454",2024-03-30
261,Kathleen Hicks,erika70@example.com,"09814 Collier Fork Suite 193 North Henryfort, AZ 54686",2024-05-18
262,Darren Walker,npark@example.net,"54149 Adams Underpass Apt. 487 West Nicole, UT 92395",2021-09-18
263,Tammy Stephens,jennifermadden@example.net,"24148 Brandon Parkways Apt. 944 Lake Meganbury, VT 91931",2020-02-24
264,Hayden Mercado,edward09@example.org,"035 Rivas Run Fordborough, HI 95512",2024-07-05
265,Anna Wright,donaldgarner@example.com,"92245 Walker Square Apt. 605 Geraldberg, VA 83362",2024-08-19
266,James Peters,randalleric@example.org,Unit 3702 Box 2977 DPO AA 26829,2023-09-14
267,Angela Miller,mpoole@example.net,"64017 David Mountain Apt. 845 North Kathrynfort, MD 43787",2020-04-09
268,Troy Stewart,lisa64@example.com,"1789 Marie Wells Apt. 717 Lake Edward, MI 54159",2022-07-31
269,Monique Franklin,wharris@example.org,"5954 Thompson Loaf Apt. 266 Shawnburgh, GU 71610",2020-12-27
270,Charles Smith,kylebradley@example.org,"250 Brown Springs South Tiffanyport, IL 05385",2021-03-24
271,Cassandra Jensen,davidbarnes@example.net,"66976 Christina Square Apt. 222 Murraybury, NE 99696",2023-06-20
272,Amy Jenkins,amber17@example.com,"202 Tom Keys Suite 420 New Cherylview, PA 97243",2023-04-13
273,Matthew Dunn,wbraun@example.net,"840 Johnson Spurs Apt. 645 Stevenchester, SC 59240",2022-03-03
274,Daniel Mahoney,perrykristie@example.org,"95856 Howell Lights New Samantha, FM 11926",2020-02-14
275,Andrew Brooks,jessicawilson@example.com,USCGC Brown FPO AP 51872,2022-08-13
276,Randall Taylor,racheljones@example.com,"6539 Julian Knoll Apt. 101 New Kevin, GA 99374",2021-08-19
277,Donna Bailey,thomaslogan@example.com,"2031 Jesus Mill Apt. 262 East Cherylstad, OK 05090",2023-05-10
278,Catherine Jones,lkeller@example.net,"77461 Malone Mission Apt. 483 East Lonnieport, MT 26540",2020-01-03
279,Tammy Murillo,andresrose@example.net,"539 Reeves Rue Apt. 034 Lake Mariafurt, AS 47613",2023-09-24
280,Brendan Reynolds,markallen@example.com,"3134 Russell Rapids Apt. 832 Lake Jeffrey, OH 40252",2022-04-12
281,Hayden Bass DDS,pmitchell@example.net,"195 Chloe Mountain New Pamelatown, HI 78326",2023-06-14
282,Christine Valencia,astewart@example.org,"505 Yolanda Views Laurashire, MI 57249",2021-08-22
283,Heather Flynn,dhale@example.com,"257 Scott Dale West Georgeborough, IL 65497",2022-10-15
284,Ethan Mitchell,laurenlong@example.net,"8818 Peter Cliff North Deniseberg, MP 26233",2021-06-25
285,Kimberly Weber,connor20@example.org,"03667 Tiffany Ways Suite 107 Johnberg, NC 08741",2024-08-17
286,Vanessa Conway,ashleykeller@example.org,"500 Andrew Valleys Apt. 876 Marieville, KY 02833",2022-06-13
287,Kenneth Woods,laura27@example.net,USS Crane FPO AP 92803,2022-06-07
288,Gilbert Russell,reynoldsdanny@example.net,"94434 Charles Loaf Suite 286 Danielbury, IL 77846",2023-08-07
289,Megan Ellis,jasmine12@example.org,"446 Brian Falls South Jessica, WY 48570",2020-11-30
290,Spencer Murphy,troybrown@example.com,"6376 Cole Port Apt. 372 Hortonside, MP 05012",2024-01-13
291,Jason Christensen,tinaaguilar@example.org,USCGC Mercado FPO AA 21026,2021-11-05
292,Nicholas Solis,mccluretina@example.com,"0413 Thomas Courts Apt. 618 Amandaville, MH 66682",2021-11-18
293,Mark Miller,angela98@example.org,"805 Frank Shore Apt. 527 East Jefferyfurt, MI 97244",2022-03-18
294,Annette Rose,jennifer21@example.com,USNS Jordan FPO AE 47735,2021-04-09
295,Amanda Wallace,christinemitchell@example.com,"537 Sarah Views Bridgetmouth, WA 15385",2021-09-30
296,Patrick Mcintosh,jennifer25@example.com,Unit 7529 Box 4754 DPO AA 75647,2024-08-11
297,Craig Boyer,tiffanystrong@example.net,"191 Patricia Passage Apt. 431 Jonland, GU 52642",2021-07-06
298,Allison Phillips,sarah57@example.org,"3686 Williams Springs Suite 022 Chrisberg, PA 35862",2022-01-10
299,Clifford Gould,angela42@example.net,"61965 Murphy Flats Suite 528 Dannyport, HI 55522",2020-07-22
300,Gary Rowland,margaretanderson@example.com,"845 Caitlin Inlet Lake Felicia, MD 65361",2022-02-11
301,Christian Hanson,morsevictor@example.net,"36116 Pena Bypass Suite 591 Patriciamouth, GA 36254",2022-02-15
302,Amy Jones,lopezmichael@example.org,"PSC 2983, Box 5478 APO AE 93437",2021-11-24
303,Traci Garrison,christopher93@example.org,"2961 Amber Plains Danielsfort, TX 47971",2020-04-22
304,Jessica Nelson,robert05@example.org,"60744 Jeremy Cliffs Suite 421 Andrewmouth, WI 17320",2023-03-16
305,Marisa Cox,khull@example.net,"25188 Alice Freeway Apt. 931 Katherinestad, LA 75873",2020-01-30
306,Reginald Davis,ggraham@example.net,"98784 Stephanie Plains Apt. 261 New Crystal, OH 12947",2024-07-15
307,Shannon Horton,fbarrera@example.net,"20822 Cook Hills Suite 979 Samanthaport, SD 70998",2024-06-01
308,Mike Daniel,fkennedy@example.com,"4120 Jennifer Ferry Apt. 765 Port Audreyburgh, DE 13102",2021-12-08
309,Douglas Nichols,travis90@example.net,"3090 Dustin Shoal Apt. 777 North Emma, NJ 55714",2023-10-16
310,Tamara Chavez,jacksonmary@example.net,"572 Tammy Crossing Apt. 136 Zacharytown, PW 77302",2024-08-02
311,Fernando King,hbryant@example.com,"302 Andrew Ports Port Martha, CO 82614",2020-02-08
312,Desiree Johnson,tyrone74@example.com,"284 Williams Summit Christopherport, MP 42200",2022-04-25
313,John Watkins,martinezkimberly@example.net,"03137 Norris Landing Melissafort, FL 78155",2022-11-15
314,Louis Evans,amyconrad@example.com,"18711 Richard Valleys Apt. 421 Stevensfurt, NE 92855",2024-07-05
315,Allen Cobb,dennis64@example.net,"936 Julie Crossroad East Nicoleton, NY 79036",2023-06-25
316,Austin Harris,brownkevin@example.com,"42348 Amanda Ville Suite 151 West Teresa, NV 04572",2021-02-12
317,Gavin Gomez,rita13@example.com,"550 Harrison Land Hamiltonmouth, MO 05626",2020-01-12
318,Richard Terrell,joseph05@example.com,"PSC 5879, Box 5073 APO AE 88027",2020-04-08
319,Amanda Logan,jonathan61@example.net,"2877 Steven Wall East Kimmouth, VA 41754",2021-10-05
320,Rachel Robertson,byoung@example.net,"653 Larsen Camp Suite 674 Castilloland, VA 35202",2024-08-13
321,Nicole Johnson,brandon68@example.com,"6530 White Crossroad Colemanmouth, NC 13693",2020-10-10
322,Samuel Williamson,jamesrodriguez@example.org,"465 Erika Highway Apt. 508 Lake Angelafurt, LA 08015",2023-07-21
323,Victoria Ramirez,shannon18@example.org,"03698 Roach Island Suite 974 North Gregory, MI 05170",2021-05-26
324,Ryan Palmer,dawn95@example.com,"8970 Davidson Overpass Suite 801 Brendaburgh, SC 19869",2023-06-11
325,Benjamin Little,joannaward@example.org,Unit 3568 Box 1163 DPO AP 57980,2024-02-02
326,Aaron Miller,nmoody@example.net,"0018 Rodriguez Lake Juanfort, CT 08917",2022-03-14
327,Hannah Humphrey,hicksdavid@example.com,"94949 Shannon Trace Raymondtown, KS 13514",2023-11-18
328,Krista Ortega,jesse56@example.org,Unit 8155 Box 6052 DPO AE 20399,2023-03-24
329,Christopher Rivas,thomas91@example.net,Unit 2706 Box 6252 DPO AA 44692,2022-01-01
330,Travis Arnold,lauragray@example.org,"9322 Alexis Plaza North Bonnie, SC 62157",2022-04-22
331,Sherri Fuller,nicole81@example.com,"PSC 1233, Box 1987 APO AP 88113",2021-12-24
332,Jason Robinson,austinandrea@example.org,"5102 Adams Bypass Suite 785 Martinside, AZ 91002",2021-09-11
333,Michael Jackson,rebekah85@example.com,"6866 Jeffery Skyway Mooreport, NY 75430",2021-08-28
334,Paula Bowen,jilllewis@example.net,"857 Flores Pine Apt. 369 Bradleymouth, TN 97964",2021-03-23
335,Erin Cook MD,victoria40@example.com,"67271 Lacey Mills South Stuart, WV 00943",2022-02-08
336,Christina Barnes,scottrachel@example.com,"125 Davenport Mountain Suite 240 New Anthonyville, ID 53502",2022-06-02
337,Amy Wong,whitejoshua@example.net,"266 Johnson Drive Apt. 670 East Michaelbury, NM 24228",2023-09-03
338,John Flores,mckinneyteresa@example.net,"640 Anderson Parks Apt. 057 New Elizabethland, PR 66317",2021-03-15
339,Cody Clark,nwilliams@example.com,"051 William Groves Hernandezville, MO 81548",2022-06-13
340,Stephen Vargas,jacobchaney@example.com,"59714 Danielle Rue Apt. 563 South Kristin, AR 73546",2023-04-09
341,Jamie Phillips,michael38@example.net,"PSC 5603, Box 2657 APO AP 84354",2021-03-21
342,Robert Zamora,karina60@example.net,"02163 Wayne Street Suite 656 Johnport, CO 36735",2021-10-12
343,Christina Swanson,rodriguezmichael@example.net,"02887 Barnes Knolls Apt. 964 Shannonhaven, MH 66093",2022-05-20
344,Catherine Rich,desiree06@example.org,"2101 Kennedy Flat Apt. 410 Garciaside, NV 31710",2024-05-22
345,David Roberts,seanjefferson@example.org,"0483 Santiago Villages South Lindastad, NV 76810",2021-10-21
346,Laura Garza MD,jessicacox@example.net,"551 Reed Ford South Elaineton, NC 60496",2021-10-12
347,James Bryant,scottlopez@example.com,"0656 Zimmerman Stravenue Suite 383 North Stevenshire, OH 99006",2022-07-09
348,Ian Murray,bgreen@example.org,"095 Bradford Lock Bennettville, UT 63296",2022-05-28
349,Eric Watts,mary49@example.net,"8559 Jenkins Isle Port Brittany, IN 15010",2020-12-15
350,Angela Garcia,nicholsrichard@example.org,"739 Kaylee Mountain Michaelburgh, NV 82491",2023-10-21
351,Elizabeth Schwartz,matthewmitchell@example.org,"903 Eric Station Doyleside, NC 33201",2020-05-03
352,Christian Spencer,jason83@example.com,"594 Claire Curve Apt. 791 Ashleyville, DC 98814",2022-05-15
353,Donald Ward,mosleyvictor@example.net,"78733 David Forge Port Kelly, DC 57876",2021-03-06
354,Kathy Garcia,rochasabrina@example.net,"95031 Jackson Expressway Johnsonland, MH 42241",2023-12-22
355,Cody Johnson,vterry@example.com,Unit 1586 Box 0274 DPO AA 34288,2022-08-13
356,Megan Cox,tobrien@example.com,"80972 Kristin Greens Apt. 842 Briannashire, VA 38847",2023-05-14
357,Charles Burns,denise64@example.org,"90168 Wayne Manors Suite 068 South Maurice, ID 44896",2023-09-26
358,Dylan Curry,thomasespinoza@example.net,"8960 Terrence Street Apt. 082 Orrland, ID 44878",2020-07-06
359,Kyle Hall,marcuspope@example.com,Unit 4477 Box 3374 DPO AP 25437,2020-07-13
360,Taylor Shelton,lolson@example.com,"474 Miller Way Gayland, PR 19719",2023-04-03
361,Sarah Dixon,stephensmith@example.com,Unit 9929 Box 3391 DPO AE 22590,2022-12-27
362,Kimberly Pearson,wbrown@example.com,"80688 Andre Brook Suite 512 East Richard, ID 28015",2022-07-22
363,Christian Guzman,jennifer59@example.org,"044 Teresa Throughway Annechester, ND 99652",2024-03-19
364,Heather Lee,lisaritter@example.com,"1845 Meyer Tunnel Lake Wandafurt, DC 08450",2020-03-23
365,Michael White,davislatoya@example.net,"284 Farrell Valley Suite 832 East Melissa, AR 37660",2024-03-15
366,Brittany Hudson,alexanderlee@example.org,"378 Pacheco Trafficway Apt. 338 Whitetown, NE 35573",2022-01-20
367,James Mcfarland,arellanotony@example.org,"314 Amy Mission East Patrickview, WI 25712",2024-06-14
368,Jonathan Rogers,simonkendra@example.com,"01557 Christopher Ridges Apt. 036 East Elizabeth, DE 99541",2022-12-28
369,Kristin Greene,melinda47@example.net,"11100 John Haven East Melissa, MD 76666",2021-12-23
370,James Farmer,michaelnelson@example.org,"673 Timothy Fork Apt. 456 Lake Jonathan, KY 05494",2021-04-27
371,Joshua Tate,ztucker@example.com,"95896 Alexander Meadows North Jayport, MD 04303",2023-08-22
372,Joshua Daugherty,lisa66@example.com,"7468 Davis Wall East Kyle, PA 53209",2024-08-15
373,Norma Evans,travisfoster@example.net,"912 Mark Cliff Pattersonmouth, UT 22856",2024-04-07
374,David Williams,christopher02@example.com,"37503 Yvonne Unions Port Christopherburgh, RI 77530",2022-10-12
375,Lisa Morgan,victoria56@example.net,USCGC Reeves FPO AE 87115,2020-12-09
376,Michael Pena,jamesgiles@example.com,"2491 William Fields Suite 111 West Eric, MD 23066",2020-06-23
377,Robert Jackson,shawna67@example.net,"839 Judith Flats Kaufmanmouth, SD 17759",2022-05-26
378,Dr. Jason Osborne,jaydickerson@example.com,"085 Williams Village New Sandraburgh, TN 19553",2022-08-27
379,Kimberly Taylor,blynch@example.net,"PSC 0167, Box 6202 APO AA 10110",2022-07-23
380,Mark Lopez,jeremymercado@example.org,"PSC 3881, Box 5948 APO AP 56452",2022-11-10
381,Christopher Leonard,mfreeman@example.net,"4134 Matthew Walks Apt. 750 Barberport, GU 49847",2023-04-12
382,Michael Hill,garciadaniel@example.com,"11896 Hayes Parks Suite 142 Vasquezland, ME 53696",2021-01-17
383,Angel Brown,aguilarharry@example.net,"976 Carolyn Highway East Cherylfort, IN 15365",2021-10-10
384,Cindy Murray,troth@example.org,"1919 Jerry Parks Cantrellburgh, TN 71205",2024-06-04
385,Grant Williams,walkersarah@example.org,"841 Connie Flats Suite 020 Klinemouth, CA 44894",2022-10-28
386,Melissa Reed,dclayton@example.org,"96213 Thomas Station Hansonberg, RI 30732",2020-11-08
387,Donna Walker,janet08@example.org,"6323 Taylor Unions Pennystad, ME 56825",2022-01-03
388,Michael Anderson,jenniferpeck@example.org,"299 Kellie Ridge Lake Lisafurt, VI 33511",2020-09-26
389,Raymond Williams,cookchristopher@example.net,"7471 Myers Creek Apt. 919 East Kyle, TN 54020",2021-11-18
390,Jenny Palmer,rodriguezmartin@example.org,"469 Crystal Isle Apt. 228 Lake Brett, NH 81330",2022-02-25
391,Mr. Richard Harris,hyoung@example.org,"92665 Rachael Corner South Jamie, AR 17161",2022-12-19
392,Mark Savage,pmorgan@example.org,"4573 Christine Extension Apt. 044 Martinfort, MI 17956",2021-12-24
393,John Johnston,brandon25@example.net,USS Williams FPO AA 98743,2023-11-23
394,Kelsey Stevens,zcross@example.org,"081 Daniel Rue East Richardmouth, ME 53416",2023-04-25
395,Christina Oliver,eddie59@example.com,"9653 Brittany Common Millerberg, AL 85700",2022-03-23
396,Robert Butler,frederickfreeman@example.net,"29680 Paul Bypass Apt. 255 Christineburgh, NM 16375",2023-07-23
397,Kara Smith,john62@example.net,"82026 Jenny Loaf East Stephenburgh, NM 59346",2024-07-24
398,Douglas King,cadams@example.net,"7866 Brian Squares Suite 525 East Samuelfort, PA 38802",2021-12-09
399,Kimberly Gonzalez,davidmurphy@example.com,"6253 Brennan Junction West Elizabeth, TN 70336",2020-03-20
400,Kyle Huff,terri54@example.org,"54485 Berry Views Knappside, PA 18620",2022-08-06
