id,name,email,address,date_joined
1,Juan Cameron,ggregory@example.org,"94241 Kelly Divide North Clarence, UT 23852",2023-08-07
2,James Alvarez DDS,gabriellemcdaniel@example.com,"6626 Lauren Prairie East Grantview, LA 33250",2021-12-31
3,Robert Fowler,phillipskathryn@example.org,"7380 Hanson Neck Coleborough, UT 24521",2023-11-28
4,Tiffany Adams,ann08@example.com,"777 Heidi Viaduct Averytown, OH 69462",2023-01-02
5,Yvonne Shaw,brian59@example.com,"611 Edward Dale Suite 965 Larryside, GA 53064",2023-12-11
6,Vanessa Brown,sgriffith@example.com,"41397 Jennifer Rest Lake Mariemouth, RI 52935",2023-11-23
7,Tammy Anderson,brownelizabeth@example.org,"96293 Carter Trail Amyborough, TX 67852",2023-12-28
8,Carlos Evans,lori37@example.com,"93029 Thompson Loaf Suite 736 Lake David, AZ 84378",2020-04-10
9,Rita Collins,carloshicks@example.com,"5375 Fox Unions North Melissa, CO 34866",2021-02-05
10,Sandra Nichols,madeline53@example.net,"67670 Andrea Hill Janetshire, KY 23922",2021-01-16
11,Adriana Anderson,trevorlopez@example.com,"25232 Christina Ferry Suite 128 Lake Christinaberg, IL 17630",2020-08-21
12,Cassandra Rowe,htyler@example.net,Unit 7288 Box 0603 DPO AE 70980,2020-08-16
13,Christopher Roberts,victor51@example.com,"42137 Castro Row Suite 579 Lake Susanton, NV 35203",2024-01-16
14,Kyle Taylor,beasleylynn@example.com,"46534 Steven Shoal Suite 002 Waltonmouth, AK 32753",2023-09-17
15,Claudia Long DDS,lisacooper@example.net,"306 Monica Shore Suite 545 Elizabethton, RI 68387",2022-03-22
16,Charlotte Johnson,marianelson@example.com,"840 Jason Heights Suite 927 Charlenemouth, MT 06774",2023-04-06
17,Mark Nichols,makaylapowers@example.org,"86663 April Neck Apt. 978 Andersonview, CO 96159",2023-07-25
18,Lauren Martinez,joelduffy@example.net,USNS Martin FPO AE 43129,2022-03-20
19,Lisa Wilson,mezaamber@example.net,"631 Jessica Tunnel New Meghan, AS 26317",2021-06-07
20,Kimberly Vega,nsanchez@example.net,"4548 Barton Fall North William, FM 35982",2022-11-12
21,Lisa Hunter,kaylaburke@example.org,"PSC 0438, Box 7800 APO AE 11869",2020-09-20
22,Larry Jackson,maryleach@example.com,"86905 Kerri Lights West Jamie, HI 45088",2023-12-14
23,Mary Lewis,aaronblackburn@example.org,Unit 4929 Box 7659 DPO AP 11731,2020-02-11
24,Tony Jones,dalewells@example.net,"81594 Jared Road Port Vanessa, DE 66518",2021-06-08
25,Erin Fields,joyce52@example.org,"36088 Jeremy Village Port Kelly, SD 45533",2020-11-18
26,Holly Marshall,jonesalbert@example.net,"897 David Estates Apt. 801 Kristenburgh, FM 73531",2020-01-09
27,Victoria Stephens,kellybrian@example.org,"423 Gregory Freeway Apt. 815 Pachecoview, HI 59207",2023-09-24
28,Daniel Taylor,daniel07@example.com,"776 Henry Extensions Melissastad, MA 30598",2020-03-11
29,Karen Frost,katrina33@example.com,"701 William Circle Apt. 857 Guerreroview, UT 31713",2024-10-05
30,Eric West,nancy77@example.com,"41037 Adams Dale Apt. 296 Port Deniseport, NC 98457",2022-10-16
31,Michelle Gaines,ihenderson@example.net,"02615 Joseph Union East Douglas, IN 87825",2021-04-25
32,Nicholas Bauer,ingrammolly@example.org,"92708 Jackson Street Jackton, WY 28438",2024-08-14
33,Jennifer Burch,jason24@example.net,"074 Davis Mission Lake Debramouth, AS 89051",2020-02-19
34,Jamie Marshall,gary96@example.org,"895 Hooper Alley Apt. 667 South Johnburgh, OR 51599",2020-07-07
35,Stacey Ashley,bryantjohn@example.net,"382 Shane Mountains Apt. 124 Swansonville, WV 14119",2022-11-18
36,Joseph Johnson,noblebobby@example.net,USNS Carpenter FPO AE 04455,2023-02-02
37,Jesse Flores,martinsteven@example.org,"56894 Arias Courts Suite 537 Dianaburgh, MN 25738",2022-07-27
38,Mrs. Veronica Diaz DDS,cwilson@example.com,"54462 Gonzalez Walks Suite 300 North Davidmouth, NH 39627",2024-02-15
39,Shawn Jordan,robert70@example.com,"PSC 9193, Box 3927 APO AP 51432",2022-02-24
40,Jeffrey Stevens,nburnett@example.net,"24941 Whitney Common Frosttown, AK 83848",2022-07-03
41,Christina Gaines,matthew56@example.net,"38144 Church Radial Lake Jakemouth, OR 69632",2024-07-04
42,Devin Moore,matthewshaw@example.org,"81384 Thomas Ridges North Joseph, CA 52427",2021-01-13
43,George Diaz,donaldjohnson@example.com,Unit 0557 Box 3910 DPO AE 10411,2024-08-04
44,Michael Holloway,samantha35@example.com,"70719 Lori Gardens Apt. 252 New Jeffrey, MN 13259",2024-09-04
45,Elizabeth Flynn,maciasmark@example.com,"852 Stein Divide Apt. 848 Davidmouth, MH 72817",2022-03-14
46,Christopher Whitaker,brianhill@example.com,"568 Watkins Via Apt. 021 Jonesstad, SC 57100",2024-04-07
47,Douglas Ortiz,jenna41@example.com,"613 Emily Port Shannonhaven, OK 29463",2022-08-19
48,Lacey Gonzales,ghickman@example.net,"6594 Gomez Freeway East Christopherport, OK 49530",2024-09-13
49,Craig Krause,rhondasmith@example.org,"35605 Porter Island Michaelland, FL 66375",2024-02-28
50,Rachael Farrell,christopher79@example.net,"5280 Taylor Skyway Apt. 787 Teresahaven, MO 44282",2024-02-18
51,Karl Collins,ysmith@example.com,"0197 Jerry Lock North Stacytown, OK 08635",2022-10-07
52,David Graham,mcdonaldnicole@example.com,"016 Copeland Dam Apt. 700 East Austinchester, SD 57273",2023-04-14
53,Mr. David Johnson,coxkenneth@example.net,"5482 Perez Club Suite 655 East Colleen, MO 60211",2021-08-19
54,Heather Johnson,sylviawolfe@example.net,"1429 Katherine Ramp Apt. 100 Lake Noah, MN 42883",2023-01-27
55,Kathryn Walker,reedwilliam@example.net,"795 Steven Port East Laura, IL 18473",2023-01-26
56,Gabriel Lee,sarah54@example.org,"37935 Powell Course Kelleyfurt, VA 80807",2021-09-11
57,Makayla Meadows,bryanjones@example.net,"8828 Brenda Falls Apt. 092 West Joshua, AL 80889",2023-07-02
58,James Barber,jamessullivan@example.org,"79857 Jeremy Locks New Jennifermouth, MD 36971",2021-05-03
59,Johnathan Boyd,christopherberry@example.net,"023 Hayden Cliff West Elizabethborough, VA 72274",2023-09-11
60,Andrew Neal,olambert@example.org,"067 Jessica Drive South Tiffany, SC 57666",2020-02-29
61,Dylan Johnson Jr.,ashleykemp@example.org,"070 Mcbride Village Greenland, FL 39173",2022-07-26
62,Ronnie Mccarthy,udavis@example.net,"02865 Jacqueline Junction North Robert, ID 64768",2021-11-30
63,Russell Moss,ndavid@example.net,USNS Diaz FPO AE 58588,2022-08-14
64,Michael Hawkins,joycekathleen@example.org,"520 Alan Spurs Jacksonfurt, MA 35881",2023-03-23
65,Tanya Cox,nathan07@example.net,"94622 Rhonda Canyon Howardfurt, MI 68494",2020-12-06
66,Kyle Nguyen,esparzahelen@example.net,"72500 Thompson Views Coleview, LA 57955",2020-06-11
67,Lucas Hawkins,jessica97@example.net,"276 Smith Views Suite 260 Leemouth, KS 70988",2023-09-10
68,Kevin Kemp,david92@example.com,"6931 Young Motorway Apt. 357 Eatonview, VI 13681",2023-02-26
69,Betty Brown,gomezfaith@example.net,"96066 Contreras Vista Thomasview, MN 73756",2020-04-10
70,Robert Stevenson,helenjackson@example.com,"3318 Janet Burgs Websterton, MD 97471",2022-03-15
71,Christopher Rangel,peter41@example.net,"285 Cruz Park East Kenneth, CA 40357",2020-09-20
72,Ethan Turner,davidpitts@example.com,USCGC Adams FPO AA 45713,2021-12-31
73,James Campbell,jbeck@example.com,"5975 Jeremy Oval Suite 904 Waltersport, SD 32048",2022-11-30
74,Nicole Kelley DDS,eric46@example.com,"5617 Lewis Glens Apt. 026 Smithfort, AS 27215",2020-11-14
75,Amanda Cowan,sandra59@example.org,Unit 6691 Box 1198 DPO AA 27773,2023-11-18
76,Carolyn Reynolds,smithchristian@example.org,"9478 Lisa Heights Lake Christophershire, MA 38283",2022-09-03
77,Curtis Jones,sara91@example.org,"6753 Boyle Plains Suite 739 West Teresa, VT 54860",2023-02-06
78,Rodney Thomas,brian29@example.net,"PSC 8969, Box 0583 APO AP 12008",2020-02-23
79,Robert Callahan,williamsnicholas@example.com,"482 Wood Mission Suite 935 Thomasfort, VI 54534",2020-04-13
80,Pamela Kelly MD,andrewcraig@example.org,USNS Mullen FPO AA 38547,2024-08-30
81,Donald Hicks,thomasmichael@example.com,"6886 Kenneth Ford North Robin, MD 23757",2023-11-16
82,Kimberly Hunter,jay74@example.com,"613 Carrillo Junctions Apt. 533 Lake Marioside, CT 24633",2022-09-26
83,Veronica Watson,ndelacruz@example.com,"0755 Thomas Cliff Suite 720 South Jennaborough, LA 60729",2020-03-07
84,Christopher Weeks,evansjanet@example.com,"642 Davis Circle Apt. 011 Cynthiabury, NM 26033",2020-05-03
85,Wesley Salazar,brownsteven@example.net,"085 Moss Road New Nataliebury, NM 34921",2023-07-22
86,Debra Jenkins,hellis@example.net,"60113 Stephanie Mill Alexandramouth, NE 80691",2023-02-25
87,Christy Schneider,rogerstodd@example.com,"46432 Huerta Corner Suite 408 Ambershire, KS 77965",2020-11-30
88,Colleen Hughes,tylermonica@example.net,"6199 Sherri Canyon Suite 651 Lindseyshire, ID 45184",2023-02-17
89,Christine Mason,joneswilliam@example.org,"5168 Wilson Mountains Davisview, MA 81511",2023-05-10
90,Douglas Mills,gwilliams@example.com,"5961 Angela Cliff Suite 037 Michaelside, NM 59688",2022-09-23
91,Michael Ferguson,shernandez@example.net,"52425 Jackson Rapids Apt. 886 East Austin, TX 89887",2022-01-05
92,Jonathan Hughes,aarontucker@example.org,"1427 Jessica Lakes Apt. 127 North Patriciafurt, SC 85247",2023-07-09
93,Mark Powell,timothy75@example.org,"69109 Meagan Unions North Mark, AL 77720",2024-05-29
94,Jason Wheeler,berryanthony@example.net,"PSC 8205, Box 6371 APO AE 02708",2020-09-23
95,Marcus Gonzales,justin86@example.org,USNS Herman FPO AA 17690,2024-03-21
96,David Hughes,hawkinsamanda@example.net,"7739 Gomez Camp Apt. 851 Davidfurt, VT 81670",2023-06-10
97,Courtney Hall,justinrojas@example.net,"4419 Michael Drive Liside, MD 34100",2021-09-11
98,Emma Mayo,tsmith@example.org,"438 Burns Gateway Port Brianaburgh, PW 28765",2021-06-08
99,Crystal Smith,clarkrobert@example.org,"86763 Rodriguez River Suite 126 West Jeremy, IA 14175",2022-05-27
100,Brian Oconnell,nicole36@example.net,USCGC Ward FPO AP 21610,2021-09-06
101,Madison Navarro,hooperallison@example.org,"947 Hansen Lights Destinytown, MN 71212",2020-07-15
102,Kayla Olson,reedariel@example.net,"28407 Hayes Corner Apt. 173 South Dennisview, FM 69765",2024-02-17
103,Edward Faulkner,isilva@example.net,"0860 Medina Walks Apt. 858 North Lisabury, VT 75730",2022-04-14
104,Carmen Lewis,zhoward@example.net,"34429 Dwayne Court Anitastad, MO 49575",2023-04-17
105,Roberto Gilmore,julieboyd@example.net,"593 Gallagher Centers Suite 010 West Andrew, MT 72508",2020-09-29
106,Tracey Garcia,wardmichael@example.net,"8574 Adam Fields Stevenview, OH 30549",2021-07-17
107,Eric Jones,frankwilliams@example.net,"92972 Pace Way East Raymond, WA 76884",2023-08-14
108,Richard Becker,ericacox@example.org,"3720 Graves Stravenue Lake Chad, IA 17471",2024-04-05
109,Andrea Wilson,christine38@example.org,"00229 Pratt Junctions East Brandonshire, MT 80320",2021-03-14
110,Alexandra Dawson,george55@example.net,"08643 Allison Avenue Suite 990 West Jennifer, MO 06385",2020-05-17
111,Mikayla Greer,tony14@example.com,"251 Thomas View Suite 593 New Julie, NV 07393",2021-09-19
112,Megan Barber,freemantara@example.org,"9572 Richardson Loaf Suite 562 North Antonio, GA 58664",2020-08-26
113,Brenda Leon,curryjill@example.com,"53372 Brian Island North Miguel, UT 93337",2020-09-01
114,Vincent Patel,qsantiago@example.org,"0439 Flores Lodge Suite 806 Poolebury, MT 77765",2021-05-07
115,Kyle Ward,jhines@example.net,"07763 Moore Drives Vegashire, PW 86906",2024-08-26
116,Debra Ortiz,franklingibson@example.com,"3683 Patricia Falls Apt. 050 Brittneyton, TX 48931",2024-07-04
117,Frederick Fox,prattsherry@example.net,"15175 Miller Flat Jessicafurt, AZ 25658",2024-04-17
118,Megan Gray,mcmahonmichael@example.net,"09863 Kara Cliff Suite 788 East Yolanda, MI 93593",2022-11-18
119,William Stone,jill89@example.net,"426 Preston Bridge North Kristen, ND 44002",2021-07-28
120,Keith Tate,donald78@example.org,"3221 Mallory Shoals Suite 596 East Walterside, OK 49806",2023-05-05
121,Charles Smith,poolejames@example.com,"4199 Reyes Centers Suite 640 Martinezshire, SD 78053",2023-08-17
122,James Stone,dbrooks@example.org,"503 Kidd Rapid Suite 902 North James, MT 64911",2021-09-07
123,Raven Wilson,timothysmith@example.net,"7448 Wilkerson Row Josephside, HI 28309",2023-09-28
124,Taylor Gomez,thomas95@example.com,"893 Amanda Plains Lake Erica, KY 70945",2023-01-13
125,Tina Murray,paul13@example.com,"86717 Chelsea Wells Vickiton, CO 17509",2022-10-02
126,Kimberly Petersen,michellelowe@example.net,"9334 Tammy Lights Apt. 913 Johnnyside, AS 69817",2020-04-01
127,Katelyn Greene,amy72@example.net,"14819 Pham Avenue Suite 295 Leefort, MT 06301",2022-09-05
128,Randall Jones,james10@example.org,"0776 Linda Ville Edwardsborough, DE 27770",2024-09-17
129,Trevor Jones,sjames@example.net,Unit 5070 Box 0981 DPO AE 13008,2024-04-26
130,Peter Carter,qwilliams@example.org,"47335 Michael Points South Crystalfurt, DE 72084",2020-09-29
131,Christian Warren,staceysmith@example.net,"3729 Micheal Burgs Matthewton, IN 09410",2020-10-10
132,Timothy Lawson,anthony76@example.org,"90853 Wilson Divide Suite 480 West Thomasside, MP 51563",2020-07-31
133,Emily Smith,barrysoto@example.com,"624 Anthony Radial Rossstad, WY 60808",2022-02-01
134,Virginia Shaw,rreed@example.org,"631 Marquez Plains Ericmouth, LA 33952",2020-04-06
135,Sabrina Jones,kayla03@example.org,"84695 Brooks Track Apt. 589 Maystad, DC 66427",2024-01-20
136,Justin Taylor Jr.,sarahhaas@example.org,"1192 Maria Run Lake Jeremymouth, AL 92779",2022-05-25
137,Lisa Lambert,iwood@example.org,"132 Castro Road Apt. 828 Port Charlesshire, WI 88893",2024-02-16
138,Julie Walker,qhenderson@example.org,"39326 Jennifer Common North Alyssatown, MS 14142",2022-06-22
139,Michael Hernandez,bmeyer@example.net,"48903 Regina Pass Suite 071 North Robinton, WA 17424",2024-03-26
140,Edwin Bennett,snyderkeith@example.com,"5648 Christina Grove Port Melissa, GA 92649",2021-12-31
141,Danielle Walker,madison57@example.org,"11452 Joyce Center North Eric, MA 37276",2022-04-23
142,Melissa Perkins,mauriceestes@example.org,"83859 Cristian Roads Suite 606 New Joannaborough, IA 29125",2024-04-29
143,William Davis,beckerallison@example.com,"96511 Kyle Plains Whiteside, OK 46482",2021-02-09
144,Scott Henry,tina87@example.org,"576 Jessica Greens New Kristi, TN 60894",2021-08-27
145,Dr. Brian Hall,lauraparrish@example.org,"1203 Miller Ports Dicksonborough, AR 29110",2021-06-15
146,Justin Mccormick,ijames@example.com,"093 Angela Vista Apt. 219 Lucasborough, GA 56755",2024-01-31
147,Dr. Kathy Aguilar,lindagallagher@example.org,"PSC 4766, Box 5301 APO AP 46401",2022-05-28
148,Joshua Edwards,jenkinsstacy@example.org,"73833 Erica Station Suite 717 South Mia, SC 71496",2021-03-01
149,Christina Young,jonathanskinner@example.com,"0844 Lopez Walks Jenniferbury, IA 64943",2022-06-18
150,Patrick Clark,amanda74@example.net,"12981 Brittany Haven Apt. 776 New Victor, OH 16532",2024-05-10
151,Andrew Miller,matthew94@example.com,USCGC Collins FPO AE 42924,2022-02-01
152,Sarah Schmitt,iyang@example.org,"590 Sue Plains Jaredshire, WA 58668",2022-12-14
153,Jacob Castillo,daniel58@example.org,"760 Larsen Dam Gutierrezland, IA 76052",2020-07-20
154,Christina Drake,sarah98@example.com,"1170 Brown Oval West Rebecca, SD 35894",2022-01-25
155,Wendy Rose,esmith@example.com,"262 Joseph Island Suite 419 Christopherchester, SC 33248",2020-08-20
156,Danielle Hicks,wcraig@example.com,"753 Summers Mission Donaldside, WA 39963",2020-05-21
157,Carol Adams,christopherjordan@example.org,"988 Roberts Summit Kingland, ND 20334",2024-07-18
158,Heather Harper,patrick39@example.com,"486 Sexton Burg East Monique, VA 64393",2021-12-26
159,Cody Flores,dyerdouglas@example.net,"955 Huerta Plaza Port Randall, VA 37510",2022-07-12
160,Angela Gould,amber74@example.com,"1183 Barajas Fall Suite 346 Washingtonville, GA 93232",2022-07-25
161,Sharon Brock,dpadilla@example.com,"3903 David Road South Jefferyshire, PW 93519",2022-11-26
162,Robert Myers,sjarvis@example.org,"7564 Evan Shoal Apt. 509 Robertstad, NM 74633",2022-01-10
163,Kurt Thomas,christopherparks@example.com,"83151 Vargas Fall North Lindsey, PA 34381",2022-03-09
164,Cynthia Burch,lrose@example.net,"57935 Nixon Meadows Reneechester, OK 73434",2024-05-08
165,Colleen Diaz,lfrey@example.net,"83571 Brown Circle Robertashire, KY 14019",2021-01-18
166,Joshua Johnson,qwoodward@example.org,"87077 Baker Bridge Michaelberg, AL 41045",2023-12-07
167,Brian Wells,medinaluis@example.net,"PSC 3729, Box 7616 APO AA 08549",2021-09-06
168,Samuel Rogers,ymoore@example.org,"8601 Smith Pass Suite 574 Coxstad, MS 92106",2020-12-30
169,James Stephenson,muellertheresa@example.com,"5913 Fuller Drive Melissabury, PR 78862",2024-02-19
170,Jonathan Vasquez Jr.,obrewer@example.org,USNV Ware FPO AA 01894,2024-01-03
171,James Burns,elawrence@example.org,"412 Robin Port Suite 447 Victortown, AS 51203",2021-08-03
172,Joseph Harris,daniel64@example.com,"3056 Bean Circle Christineton, FM 05822",2024-02-17
173,Carlos Summers,millerlogan@example.com,"27455 Mcmahon Island Apt. 541 East Donnashire, PW 24595",2022-05-14
174,Kevin Hodges,kevinturner@example.org,"27024 Cody Mall Apt. 966 Meredithmouth, TN 23625",2023-03-22
175,Matthew Mejia,justin41@example.net,"0894 Mark Highway Phillipsside, GU 34095",2020-11-16
176,Tina Williams,alexanderjones@example.com,"833 King Greens Jamiefurt, MN 35560",2020-03-19
177,Stanley Gallegos,gregoryscott@example.net,"6739 Ewing Junction Sampsontown, OR 21559",2023-12-30
178,Jessica Brooks,jmason@example.net,"PSC 7683, Box 6616 APO AA 14010",2024-02-24
179,Maureen Blackburn,freed@example.org,"3689 Arthur Lights Ginafurt, CT 16385",2021-08-28
180,Mrs. Kimberly Lopez,smithbrittany@example.com,"4411 Michael Hills Suite 140 Lake Ronnieshire, SC 88882",2020-11-04
181,Elizabeth Garcia,andrea51@example.com,"PSC 5787, Box 1892 APO AP 49168",2021-01-31
182,Lori Galvan,hlozano@example.net,"023 Copeland Stream South Veronicamouth, HI 35717",2021-10-28
183,Kelly Pena,gonzalezbrendan@example.net,"3641 Hayes Spring Kingshire, MH 19900",2022-09-20
184,Jimmy Boyd,bkim@example.org,"476 Mitchell Hollow South Jerryberg, AZ 43398",2022-10-28
185,Robert Myers,deleonkristin@example.org,"9114 Sara Valleys Apt. 050 Port Nancyville, AS 27601",2020-08-31
186,Larry Davis,lawrencechelsea@example.org,"95132 Mark Plaza Apt. 667 East William, MN 43515",2020-09-07
187,Isabella Forbes,spalmer@example.org,"7147 Holly Roads West Heatherburgh, AZ 55007",2023-04-10
188,Ann Perkins,herickson@example.com,"20948 Bailey Fort Apt. 214 Port Catherinebury, ND 56361",2023-07-12
189,Brittney Hull,jasonmalone@example.org,"5200 Hamilton Greens Johnstad, KS 32323",2022-05-02
190,Michelle Williams,jessicagregory@example.net,"66529 Simpson Springs Suite 964 Youngmouth, OR 93786",2022-06-01
191,Adam Huang,rodriguezshane@example.org,"4245 Sarah Street Andreachester, ND 10950",2023-03-15
192,Mr. Dylan Sullivan Jr.,jessicapowell@example.org,"274 Wiggins Extensions Apt. 510 Coreymouth, FM 02489",2023-08-15
193,Lisa Cruz,meredith79@example.com,"89274 Lewis Inlet North Janice, FM 77154",2020-04-25
194,Sarah Evans,wilkersonmaxwell@example.com,"8579 Maddox Estates Arnoldfurt, ID 91511",2021-11-11
195,James Bryant,tracysantana@example.net,"6892 Maldonado Ford South Kevinstad, AR 33687",2022-01-23
196,April Smith,mandylandry@example.com,"3902 Peter Island Matthewfort, AZ 78821",2022-05-04
197,Madison Hill,cory30@example.com,"534 Joseph Island South Cynthia, WY 60995",2020-05-01
198,Robert Morales,davisdouglas@example.com,"61825 Michelle Well Apt. 038 Lisaside, GA 08032",2020-03-20
199,Alec Baxter,ymcdonald@example.com,"670 Logan Club Apt. 737 Jonstad, KS 67301",2020-07-29
200,Alexander Allen,bellroger@example.org,"9562 Jennifer Meadow Suite 908 Kellyberg, MS 16684",2021-03-04
201,Stephen Wilkinson,josephtaylor@example.com,"970 Lewis Forge Rodriguezbury, CA 63262",2023-11-20
202,Stacey Jones,gallen@example.net,"70252 Joseph Flats Apt. 761 Davidbury, TN 78340",2024-08-05
203,Alyssa Hill,sara42@example.com,"834 Ford Way Suite 748 Port Stacey, WV 68295",2023-04-24
204,Jacqueline Chang,upratt@example.com,"969 Horton Spur Suite 350 East Dean, OR 88987",2022-10-06
205,Mark Campbell DDS,migueljones@example.com,"PSC 9202, Box 2266 APO AA 66941",2021-07-05
206,Kristina Rogers,garciachristina@example.net,"81164 Oliver Islands Lake Thomas, MP 79735",2024-08-31
207,Brittany Anderson,nelsonrobin@example.net,"9242 Julia Hill Brendaport, NC 19329",2022-01-08
208,James Warren,jeremy80@example.net,"44240 Pope Road Edwardsshire, MH 42989",2021-10-02
209,Thomas Rogers,michelle95@example.org,"998 Carrie Villages West Christinaside, AL 59121",2021-10-20
210,Dominic Cox,ayalamatthew@example.com,"93960 Alexander Cove Suite 514 Lake Rubenfort, NC 11273",2021-05-22
211,Katelyn Miller DDS,changevan@example.net,"128 Joyce Land Stevenmouth, MT 79525",2024-10-08
212,Jacob Hood,fullerkimberly@example.com,"83173 Francisco Isle Lake Nicholas, AR 65663",2023-03-13
213,Kevin Jones,khogan@example.net,"87182 Jessica Place Apt. 955 Josemouth, UT 03956",2023-04-04
214,Laura Guerrero,paul35@example.com,"965 Woodard Cliff Apt. 480 East Marilyntown, OR 18612",2022-03-14
215,Dr. Catherine Jackson,nathanflores@example.net,"3427 Salazar Ville Lake Gregory, OH 73354",2022-05-26
216,Brandon Mullins,teresadoyle@example.org,USCGC Thomas FPO AP 51851,2020-01-06
217,Taylor Mitchell,usmith@example.com,"36859 Hannah Shores Suite 698 Port Daltonmouth, FL 40036",2023-04-02
218,Matthew Roberts,kjackson@example.org,"54544 Angelica Shoal Apt. 101 Gabrielton, AS 77013",2023-04-27
219,Nicholas Morrison,stephenwalker@example.net,"806 Baker Shoals Suite 620 New Michaelside, WY 85331",2024-01-23
220,Nicholas Johnson,steven92@example.com,"9601 Hill Valley Gillespieburgh, CT 21830",2023-10-16
221,Luis Smith,jbrown@example.org,"229 Moore Curve Taylorview, VA 37639",2021-09-11
222,Vanessa Huff,maryhooper@example.net,"491 Hunt Mill Suite 636 New Michaelside, WA 14517",2023-11-07
223,Donald Clay,jordanwilliams@example.net,"1252 Mary Land Apt. 392 South Jacquelineton, DC 69050",2021-07-17
224,Anthony Williams,ericaguirre@example.net,"2859 Kellie Gardens Suite 744 Teresatown, SD 82535",2020-11-06
225,Caleb Valenzuela,christinaevans@example.net,"3600 Matthew Brook Suite 579 Christopherton, FL 58402",2024-07-12
226,Aaron Fuller,dana30@example.com,"12102 Beverly Ville Port Connie, CT 91789",2020-07-28
227,Paul Palmer,david62@example.net,"49110 Hopkins Mountain Harrisland, NY 56295",2022-08-13
228,Leslie Lee,reyessheila@example.net,"9241 Sutton Parkways Lake Christina, WV 29741",2024-07-21
229,Heather Ward,llevy@example.org,"9372 Perez Lights Port Johnny, FM 88615",2022-10-09
230,Dawn Larson,qrangel@example.net,"0023 Neal Freeway Suite 538 Stevensview, OR 60493",2024-08-29
231,Alyssa Thompson,jclark@example.com,"93503 Perez Lodge Michellechester, MI 28184",2021-02-19
232,Christopher Lee,maryortiz@example.com,"594 Charles Prairie Apt. 963 Lake Debra, SD 74142",2022-10-07
233,Andrew Miller,johnrivera@example.org,"5238 Mcconnell Spurs East Larryfort, ME 23249",2022-12-04
234,Robert Stephenson,snydercody@example.net,"54620 Courtney Circles Apt. 582 New Manuel, ME 10920",2021-08-15
235,Antonio Reese,millerrachel@example.com,"2000 Christopher Knolls Suite 425 Kevinmouth, FL 49157",2022-03-03
236,Antonio Glover,hernandezjessica@example.com,"833 Crawford Square Taylorborough, IL 43077",2020-02-03
237,Valerie Smith,lorimartin@example.com,"PSC 5311, Box 1889 APO AE 96859",2023-10-30
238,Nathaniel Vincent,stevensimmons@example.com,"48150 Perez Flats New Kathleen, AS 08691",2022-03-24
239,Wendy Little,dshaw@example.org,"898 Rebekah Pike North Sharon, NV 36813",2022-03-02
240,Christopher Anderson,jennifergonzalez@example.net,"718 Navarro Forges Apt. 195 Tiffanychester, FL 32877",2021-02-17
241,Kimberly Turner,kristensmith@example.org,"39091 Brandon Meadow Harrisfurt, AL 13051",2022-08-16
242,Ashley Peterson,lhansen@example.org,"5548 Lisa Freeway Zamoraburgh, ME 73674",2020-02-20
243,Stephanie Mendoza,martinezkevin@example.net,"7049 Davis Center New Ericville, PA 37487",2020-08-04
244,Vickie Rivera,conleycheryl@example.net,"7238 Diane Way Suite 322 Richardbury, MS 84834",2022-02-10
245,Phillip Rogers,jared47@example.net,USS Hernandez FPO AA 41755,2024-04-25
246,Matthew Castillo,gordonmorgan@example.net,"418 Clayton Mount Rogersville, MH 34921",2020-06-23
247,Katherine Cooper,jbruce@example.org,"9527 Wilkins Valleys East Tyler, NJ 76075",2024-01-16
248,Dr. Joseph Barry,larry97@example.net,"25704 Mary Wall Smithchester, OH 26593",2023-07-15
249,Brittney Ayala,matthew71@example.com,"476 Jennifer Estate Banksburgh, MH 62254",2020-10-01
250,Craig Merritt,xrobles@example.org,"162 Wilson Shoal Apt. 734 New Rachel, MS 52185",2022-11-18
251,James Powell,ngriffith@example.org,"3277 Brandi Causeway Apt. 115 East Aaron, IA 99435",2022-03-11
252,Linda Peters,inunez@example.org,"425 Carlos Loaf New Donna, ND 01320",2024-06-27
253,Rebecca Dodson,hernandezkathleen@example.org,Unit 9179 Box 6377 DPO AE 65095,2022-08-22
254,Carl Saunders,james52@example.com,"5622 Derrick Cliff Apt. 159 Philipberg, PA 22907",2021-12-13
255,Justin Wood,kimberly17@example.org,"435 Gilbert Pass Apt. 643 Port Raymondfurt, MO 30924",2021-03-12
256,Angela Graves,bellcharles@example.org,"06484 Perry Village New Dennismouth, GA 50605",2023-07-18
257,Valerie Mcconnell,mosleyjason@example.org,"141 Chen Prairie Burtonborough, AK 70814",2020-06-11
258,Justin Patrick Jr.,adamlee@example.net,"509 Kevin Landing Suite 757 Roseside, TN 53716",2024-06-02
259,Benjamin Williams,brianpowers@example.net,"8284 Thomas Terrace Pamelaton, AK 52722",2023-06-09
260,Jennifer Gallegos,vickie65@example.net,"0628 Christina Course East Matthewbury, NH 61095",2020-02-15
261,Ashley Barnes,wrightnicole@example.org,"81979 Timothy Course Lopezstad, NY 30763",2022-05-25
262,Collin Mahoney,dennis56@example.org,"9050 Klein Green Suite 594 Perezshire, WI 16546",2020-01-07
263,Lisa Nolan,deanna84@example.org,"05916 Bryan Station East Dorothy, UT 91541",2023-04-03
264,Mr. Kenneth Garcia,barbararandolph@example.net,"323 Snow Curve Apt. 486 North Craig, SC 43584",2024-04-30
265,Matthew Rogers,kendrabrooks@example.net,"548 Brandon Circle Suite 312 Davidmouth, NJ 97323",2023-09-10
266,Donna Robinson,cortezjose@example.com,"603 Keller Walk Suite 470 Duranborough, NE 93564",2024-04-04
267,Jacob Harrell,ortizjoseph@example.org,"49100 Angela Circles Haneyshire, AS 48784",2023-10-15
268,Hannah Reeves,bradyrussell@example.com,"916 Hall Courts New Tanya, NM 27805",2020-07-22
269,Tracy Salazar,ajones@example.org,"3287 Cross Ville South Derekhaven, CO 28853",2020-08-20
270,Javier Elliott,reyescheyenne@example.org,"968 Hardy Passage Erinville, KS 16853",2020-06-04
271,Richard Gay,bakerchristian@example.net,"8459 White Courts Nelsonfort, SC 57777",2023-03-15
272,Matthew Evans,erica51@example.com,"60406 Alison Junctions East Angelicashire, NH 85254",2024-03-08
273,Hannah Mitchell,valeriechristensen@example.com,"PSC 9425, Box 2107 APO AE 22925",2024-03-31
274,Jennifer Parks,dmorris@example.org,"74656 Donna Landing Suite 446 Ryanfort, NJ 07926",2021-06-14
275,Jennifer Barker,taylor59@example.org,"PSC 4450, Box 0704 APO AP 26851",2024-07-09
276,Claudia Farmer,alanrivera@example.net,Unit 1309 Box 2397 DPO AA 83118,2021-10-01
277,Jessica Long,vbarker@example.net,"7455 Good Square Port Kayla, TX 15034",2021-07-19
278,Andrew Mcgee,karen66@example.org,"00850 Harrington Park Apt. 554 West Erica, MT 38068",2021-02-14
279,Sara Carlson,justin55@example.net,"PSC 2579, Box 4912 APO AP 97872",2021-12-25
280,Mr. Steve Velazquez,mphillips@example.net,Unit 0825 Box 0123 DPO AA 82505,2023-04-20
281,Zachary Pruitt,zoe20@example.com,"27307 Paul Manor Carriemouth, MO 45785",2024-04-29
282,Cynthia Watkins,vincentgallegos@example.com,"2252 Franklin View Sandersview, HI 95982",2024-04-24
283,Tyler Dorsey,mark97@example.org,"4620 David Unions Port William, ND 61414",2023-06-07
284,Alexis Townsend,jacqueline30@example.com,"106 Rice Plaza Brownburgh, OR 18454",2020-06-15
285,Micheal Wilson,brett13@example.com,"2734 Martinez Walks Suite 565 New Veronicaport, NV 05410",2023-09-18
286,Donna Bennett,ewilliams@example.com,"PSC 4337, Box 2372 APO AA 43951",2023-03-14
287,Brenda Lawrence,jennifer44@example.org,"45874 Daniel Light North Michaelberg, MN 01434",2020-05-24
288,Charles Burns,angela46@example.net,"53989 Kim Estates Lake Mistyville, MP 32235",2022-04-18
289,Jo Little,xmartin@example.org,"0947 Santos Camp West Danieltown, TX 22502",2022-07-02
290,Jacob Jones,roybrown@example.org,"2772 Nixon Knoll West Marvin, UT 61316",2020-04-14
291,Anna Byrd,james15@example.org,"2068 Kristen Orchard Chaseside, TX 54447",2023-09-11
292,Richard Murphy,marcsnow@example.net,"392 Erin Inlet Port Christy, CA 07732",2023-09-25
293,Jennifer Grimes,hcampbell@example.com,"027 Howard Points Port Debbieville, MH 24733",2022-02-01
294,William Mcguire,hubbardmiranda@example.org,"1343 Santiago Walk West Keith, NY 70356",2020-06-29
295,William Ford,gina20@example.com,"0111 Moore View West Brian, PR 42050",2021-02-25
296,Daisy Schmidt,donaldsonkathryn@example.com,"5293 Harold Squares East Markstad, WA 04440",2020-05-21
297,Donald Walker,steven01@example.org,"890 Kelly Views Jeremymouth, MN 32741",2021-01-29
298,Heather Mcdonald,andrereynolds@example.com,"9672 Lori Cape Suite 177 West Barbaramouth, WY 39245",2020-05-04
299,David Boone,elizabethschultz@example.org,"28703 Jason Loaf West Vincentborough, AS 05884",2020-05-14
300,Brianna Arnold,joshua72@example.net,"705 Salinas Lake Apt. 041 East Bonnie, OK 50291",2021-06-08
301,Dustin White,pburns@example.com,"8781 Jeffrey Mills North Maria, CO 33477",2022-06-19
302,Steven Hunter,hamptontiffany@example.com,"743 Carey Mountain Suite 364 New Douglasbury, SC 96800",2022-12-11
303,Tina Bush,martinezchristina@example.com,"19737 Snow Unions Mataville, CA 38155",2024-04-29
304,Brandi Cruz,donna78@example.net,"10298 Jimenez Squares New Justin, HI 61810",2024-07-08
305,John Nguyen,hbradley@example.com,"96995 Christian Underpass Woodsport, NM 10741",2020-04-01
306,Jeremy Miller,michael32@example.net,"145 Whitney Forge Johnsonville, IN 77443",2021-11-25
307,Christopher Allen,wpowell@example.net,"480 Dana Glens Suite 028 South Kyleville, CO 85433",2020-10-18
308,Rebecca Lloyd,rowetracy@example.com,USNV Ellis FPO AA 32237,2022-12-05
309,Michael Carpenter,wsolomon@example.net,"94551 Smith Pines Suite 433 East Sandra, SC 50878",2024-09-06
310,Mike Nunez,carlos76@example.net,"744 Hall Gardens Ryanstad, OH 03837",2022-01-11
311,Andrea Robinson,swolf@example.com,"371 Wong Turnpike Nicholastown, KS 75488",2020-01-22
312,Cynthia Martinez,mallen@example.net,"340 Cross Center West Markview, NE 17206",2021-08-21
313,Sharon Alvarado,arthur10@example.com,"087 Taylor Harbor West Anthony, MT 12150",2021-05-16
314,Jocelyn Brock,latoya79@example.com,"60084 Dudley Junctions Melissaview, IN 33376",2023-07-11
315,Joel Perez,brookssamuel@example.com,Unit 8927 Box 2212 DPO AE 69377,2021-01-03
316,Jeffrey Ballard,michaelcardenas@example.net,"2780 Lydia Union Apt. 287 Allenmouth, NJ 26802",2024-09-24
317,Matthew Cantrell,jamesberry@example.com,"86313 Hughes Freeway Apt. 517 Antonioland, PW 70382",2023-09-25
318,Michael Henderson,harpergina@example.com,"538 Davis Crest Port Andrea, AK 88990",2024-03-13
319,Jason Morris,ywest@example.com,"626 Alison Roads Apt. 715 Sergioberg, MN 20564",2021-06-25
320,Molly Ruiz,michael04@example.org,Unit 0722 Box 7861 DPO AA 31366,2023-03-17
321,Christine Patterson,joneschristopher@example.org,"6109 Ryan Ports Lake Michellehaven, RI 38960",2023-12-26
322,Sheri Mccann,pamelasnyder@example.com,USNV Norton FPO AA 06866,2022-12-16
323,Elizabeth Robertson,james43@example.net,"3966 House Squares Apt. 455 Hillshire, RI 56915",2022-01-16
324,Kathy Campbell,castrolisa@example.net,"81445 Knapp Ford New Jacobshire, MH 40226",2022-05-22
325,Courtney Chang,jenniferdillon@example.com,"692 Crystal Throughway Deannamouth, UT 14373",2024-04-08
326,Danielle Anderson,wesley55@example.net,"5114 Williams Plain North Tracy, MP 84201",2023-01-04
327,Christopher Meyer,lford@example.com,"02840 Schroeder Flats South Lisa, NV 02030",2020-10-08
328,Daniel Hudson,christina60@example.org,"4973 Rebecca Plains Nealberg, MS 15149",2021-06-24
329,Troy Rodriguez,skeller@example.org,Unit 1384 Box 4823 DPO AE 95464,2022-06-28
330,Christopher Vazquez,courtneyoliver@example.org,"1094 Fletcher Cliffs Kathleenhaven, OR 41998",2021-08-08
331,Jose Williams,odiaz@example.net,"954 Ford Plain North Lisa, IN 47819",2021-12-27
332,Thomas Brown,christina15@example.org,"33514 Jesse Route Apt. 667 South James, VI 90040",2022-02-20
333,Nicole Rivera,fjohnson@example.net,USS Hood FPO AE 49488,2020-06-26
334,Jesse Henry,douglashunt@example.net,"8407 James Inlet Suite 584 New Edward, RI 12488",2021-07-16
335,Erica Fisher,justin55@example.com,"358 Hodges Road Apt. 311 New Angela, GU 09826",2022-07-25
336,Charles Garcia,hamptonanthony@example.net,"82789 Michael Flats Apt. 235 East Saraborough, IN 72647",2021-05-02
337,Brooke Cooper,kevin49@example.org,"17802 Holloway Station Apt. 493 Sharonborough, TX 95535",2024-02-03
338,Gregory Hicks,umartin@example.org,"8094 Robert Course Apt. 737 Lake Jeremy, MH 97907",2021-03-07
339,Kristen Tucker,susanbrennan@example.com,Unit 4953 Box 2170 DPO AP 57590,2023-06-27
340,Isaac Cunningham,johnathan72@example.com,"466 Chen Highway Victoriaton, WY 32158",2022-01-24
341,Cassandra Jacobs,erinwatson@example.com,"127 Melissa Lodge Apt. 659 Brewerchester, KS 41722",2022-08-21
342,Arthur Martin,silvaaaron@example.net,"69291 Kelli Village Suite 626 Henryfort, KS 30149",2023-09-07
343,Patricia Young,dustinanderson@example.net,"03790 Kenneth Ports Apt. 010 South Randyside, CA 55565",2023-10-25
344,Mrs. Tiffany Chan,woodmark@example.net,"06943 Dickson Views Williamsborough, VA 25561",2023-06-10
345,Kimberly Maddox,willislisa@example.org,"271 Jessica View Suite 763 West James, IL 99575",2020-10-07
346,Andrea Johnson,mary18@example.com,"490 Conley Burg Suite 879 East Robert, RI 33619",2023-11-04
347,Jerry Sweeney,vcarson@example.org,"5039 Kenneth Greens Melissastad, AS 72289",2023-06-13
348,Heather Webb,qdodson@example.org,"9107 Tiffany Lakes Apt. 951 South Valerieton, ID 97985",2024-07-19
349,Anthony Silva,anthonybell@example.net,"05722 Ponce Ports Davisview, ND 12580",2024-01-30
350,Kimberly Brown,michael97@example.com,"17917 Henry Drive Apt. 836 North Kristina, OK 35534",2022-07-30
351,Bradley Miller,ckane@example.org,"929 Lee Ridge Suite 221 New Ryanmouth, NV 47449",2021-04-17
352,Kelly Cortez,kking@example.com,"951 Carol Pine Apt. 389 New Antonio, WI 25761",2023-01-16
353,Gerald Boyle,vschwartz@example.net,"110 Burke Lights Lake Randyfort, HI 78959",2021-05-16
354,Christy Cook,stephanie97@example.com,"5022 Gray Estate Apt. 321 Mendozaside, WI 28134",2023-05-21
355,Elizabeth Knight,annlong@example.com,"84640 Donald Via Linshire, MD 45812",2024-09-17
356,Melissa Knox,kingcrystal@example.org,"387 Jason Common North Shannon, IL 09809",2020-06-20
357,Kiara White,oramsey@example.org,"933 Rebecca Locks Suite 514 Vincentshire, KY 17036",2021-11-17
358,Michael Vaughn,thomasjohn@example.com,"4056 Christopher Groves Justinfort, VI 65088",2022-12-30
359,Brianna Avery,dmoran@example.net,"8603 Heath Lights East Sophia, CA 61284",2024-02-27
360,Kimberly Chan,castrosara@example.org,"PSC 0007, Box 3678 APO AE 89101",2020-06-29
361,David Cooper,pnolan@example.org,"41495 Robert Motorway Apt. 951 Leeberg, NE 06401",2022-07-05
362,Dr. Barbara Myers DVM,gjohnson@example.com,"74369 Cory Isle Apt. 884 Silvabury, VA 56194",2020-03-14
363,Allen Lopez,olsenchristine@example.com,"4274 Jackie Causeway Josephmouth, MT 11789",2020-09-06
364,Erin Harris,jameshartman@example.com,"3010 Pope Pines Apt. 118 Jamesmouth, IL 39959",2021-11-16
365,Bridget Hopkins,syates@example.com,"76686 Rebecca Fort Suite 132 North Ryanstad, MS 68382",2020-11-27
366,Brian Hamilton,tamaramoore@example.com,"0633 Mcclain Highway Thomashaven, OR 49212",2020-06-02
367,Brian Davis,qmejia@example.com,"58321 Douglas Points New Jeremyton, MN 35282",2020-05-26
368,Jasmine Clark,morrisallison@example.org,"806 Koch Mountains Suite 771 Lake Warrenton, GU 40832",2021-06-19
369,David Andrews,inichols@example.net,"101 Anderson Shore Leefort, NY 54106",2023-10-15
370,Stephanie Evans,shannon05@example.net,"53914 Gay Common North Ryan, NY 20258",2022-05-14
371,Michelle Skinner,melissa63@example.com,"8722 Calhoun Village Aprilshire, CA 29384",2023-01-08
372,Richard Ryan,kimberly61@example.com,"154 Lauren Falls East Christine, NM 69715",2023-01-06
373,Valerie Smith,derrick13@example.net,"074 Michael Parks Apt. 834 New Danny, ME 00580",2023-05-08
374,James Fitzgerald,oliverlisa@example.com,"551 Woods Estates Apt. 290 Lake Jeffreyburgh, WI 73707",2022-11-28
375,Mrs. Mary Sullivan,nicholas25@example.com,"27443 Anna Islands Port Victoriahaven, MS 18060",2023-07-21
376,Mrs. Kristin Andrews,brandon29@example.org,"7098 Jose Groves North Christopher, UT 80595",2021-01-23
377,Todd Leonard,herrerakelly@example.com,"PSC 5792, Box 5671 APO AE 17891",2024-03-18
378,Summer Huff,cynthiawhite@example.org,"290 Michelle Plains Wilsonfort, MO 72278",2022-12-06
379,Nicole Hubbard,victor83@example.com,USNS Stone FPO AP 58652,2020-01-19
380,Tommy Wallace,iwest@example.net,"630 Holloway Neck Suite 348 West Jenna, PW 78807",2024-05-25
381,Brian Williams,yjohnson@example.com,"1948 Jasmin Parkways Austinhaven, IL 61014",2023-12-23
382,Brandon Jones,ravencarlson@example.org,"7883 Jason Street Suite 065 Mcclureton, AZ 98465",2022-02-26
383,Wesley Macias,erika88@example.org,"PSC 0103, Box 5792 APO AP 23703",2024-07-17
384,Anthony Ellis,scott11@example.com,"832 Christopher Ramp Port Stephaniefort, NE 27771",2024-05-27
385,Kayla Hester,justinmcdowell@example.com,"5645 Dean Fork Apt. 334 Lisaberg, CO 57411",2022-09-10
386,Nicholas Montgomery,codymoore@example.com,"196 Brown Field Port Cynthia, TN 58645",2022-01-09
387,Brandi Hayes,joseph72@example.org,"720 Caroline Valley Jillshire, CO 92018",2023-05-10
388,Micheal Gonzales,ugonzales@example.com,"9107 Bishop Stravenue Suite 007 North Matthewfurt, MO 89134",2024-05-12
389,Bryan Cole,dpittman@example.net,"973 Duran Points Lake Benjamin, VI 45585",2021-08-05
390,Christina Mcclure,phillipedwards@example.com,"7904 Peterson Estate Suite 707 Stevensberg, NC 66583",2022-10-27
391,Casey Rivera,vdavis@example.com,"0840 Parker Springs Suite 145 Allenborough, LA 10670",2023-07-29
392,Harold Love,williamgarrison@example.net,"2519 Sarah Burgs Powellton, PW 17119",2021-12-20
393,Emily Garcia,ryancastro@example.org,"96397 Eric Trail Apt. 321 Jonesland, SC 35537",2024-05-22
394,Cynthia Briggs,katie80@example.org,"78586 Henry Street Port Kenneth, GU 19258",2021-09-02
395,Desiree Kirby,jasmine36@example.net,"5942 Latoya Grove Suite 321 Nancymouth, IA 14251",2021-05-15
396,Frank Owens,hjohnson@example.net,"203 Ruiz Island Apt. 858 South Danielstad, GU 20181",2021-11-20
397,Douglas Aguirre,marcia13@example.org,"32004 Robert Mews Apt. 992 Higginshaven, SD 21942",2020-02-10
398,Frances Sims,monicacooper@example.com,"238 Jonathan Station Suite 472 West David, KS 57005",2023-02-15
399,Louis Montgomery,walkerdorothy@example.org,"0546 Herrera Pike Suite 397 West Joshuamouth, WI 78706",2022-12-02
400,John Gardner,morenomonica@example.com,"108 Lopez Expressway Suite 003 Lopezville, CA 34430",2022-11-11
