id,name,email,address,date_joined
1,Charles Perez,hoganlinda@example.org,"21551 Perez Lodge Palmermouth, VI 43950",2023-09-22
2,James Taylor,emccarthy@example.org,"434 Brooks Fall Jamesport, NY 67559",2024-04-19
3,Larry Cooper,markodonnell@example.com,"73780 Trujillo Mission Georgeside, WV 81987",2023-11-05
4,Mr. Scott Martinez,mwhitney@example.net,"46315 Wyatt Landing Suite 924 East Amberberg, RI 40375",2024-08-31
5,Nichole Shelton,wesley49@example.net,"432 Navarro Route North Carla, WI 93085",2021-10-02
6,Erin Taylor,hsloan@example.net,"986 Shawn Bypass Suite 641 Kevinville, KS 54918",2022-12-17
7,Brenda Harris,ajones@example.net,"630 Goodman Locks Apt. 610 West Paula, MO 49105",2023-08-26
8,Robert White,bthomas@example.net,"91307 Maria River East Jasminefort, HI 83484",2020-03-28
9,Katie Newton,barkerrachel@example.net,"7037 Meadows Camp Murphychester, LA 02061",2024-03-26
10,Ashley Haney,burnskevin@example.net,"53471 Johnson Lights Apt. 114 Nathanside, MD 35533",2021-10-04
11,Laura Parker,nunezmichael@example.net,"PSC 5059, Box 6241 APO AE 71609",2024-04-26
12,Sarah Peters MD,cduran@example.com,"622 Hopkins Ville South Corey, WI 64525",2021-03-20
13,Brian Jones,martinezellen@example.net,Unit 9566 Box 9465 DPO AE 63162,2021-05-20
14,Eric Henderson,michaelmahoney@example.net,"3021 Moore Street North Michael, PA 68652",2021-06-02
15,Stephanie Gillespie,christopherwatts@example.net,"7989 Crosby Extension Apt. 783 Campbellside, ID 63303",2023-10-12
16,Matthew Gonzalez II,alexanderjon@example.com,"901 Matthew Road Suite 811 West Joe, NC 04285",2021-08-30
17,Ruben Hanson,butlertony@example.net,Unit 0740 Box 7886 DPO AE 50175,2022-05-26
18,Jennifer Williams,jonesjamie@example.org,"388 Craig Isle Suite 682 Jennifermouth, NJ 95139",2024-08-09
19,Jonathan Wiggins,qmarshall@example.org,"245 Hester Avenue Suite 999 Port Peterberg, OR 80726",2020-11-03
20,Chloe Ayala,nicole59@example.org,"3686 Watson Island Coxport, NH 07773",2024-03-13
21,Christopher Payne,daviskristie@example.com,"109 Raymond Estates Mcintyremouth, MH 96405",2023-12-23
22,David Simmons,edwardbaker@example.org,"995 Susan Fork Suite 991 Reidborough, NY 22784",2020-05-31
23,Andrew Stephens,kimberlypayne@example.com,"991 Gibson Shore Apt. 523 North Sarahville, MS 96728",2023-12-29
24,Amy Moore,williamsavage@example.com,"931 Terrell Hill Suite 031 West Sheila, NM 49003",2021-02-10
25,Eric Mcbride,nicholasrodriguez@example.net,"0876 Johnson Ramp Apt. 468 North Calvinside, VI 21218",2024-03-18
26,Joanna Thompson,lesliejacobs@example.net,"7121 Castillo Cove Suite 536 South Richard, MD 52177",2021-04-20
27,Victoria White,jramirez@example.com,"611 Lisa Lodge East Gilberthaven, MT 46637",2022-06-26
28,Sharon Adams,mwilliams@example.net,"8813 Elizabeth Garden Apt. 298 Garyland, MS 07980",2022-07-11
29,Kimberly Richardson,adam27@example.com,"05232 Yang Gateway Miguelbury, IN 42940",2024-01-26
30,Michelle Harrell,kimberlyfreeman@example.org,"40870 Perez Spur Apt. 792 Lake Christopher, VA 71349",2021-10-28
31,Joseph Huffman,qbrown@example.net,"09968 Eric Shoals Suite 356 West Glennville, IL 77319",2020-01-20
32,James Armstrong,diazcheryl@example.net,"316 Michelle Glen Sabrinafurt, DE 66049",2023-07-21
33,Tina Howard,carol26@example.net,"2216 Joseph Loaf Suite 186 South Briana, DE 35391",2023-03-19
34,Nathan Gonzalez,jnelson@example.net,"014 Bryan Points Apt. 342 Lake Davidville, OK 09636",2022-02-23
35,Pamela Stevenson,thomas30@example.net,"288 Jared Lodge Suite 356 Roweport, WA 41457",2020-01-31
36,Jorge Morris,jonevans@example.com,"686 Allison Isle Apt. 762 Port Julieport, VA 02561",2022-08-21
37,Michael Carter,stokeschristina@example.org,"473 Kathleen Inlet Tammiebury, AK 95551",2023-05-04
38,Ryan Hodges,james33@example.org,"8460 David Shoal Suite 613 Port Brentside, FM 56478",2020-01-14
39,Kenneth Ortega,bzamora@example.org,"439 Hernandez Garden East Stevenmouth, KY 70665",2022-03-21
40,Eric Torres,nrios@example.org,"653 Jeffrey Court West Frank, MO 73044",2022-08-10
41,Christopher Nguyen,evansdanielle@example.com,"93271 Bryant Circle Suite 063 East Lisa, AS 65326",2020-01-26
42,David Wilson,warnercourtney@example.net,"1519 Fletcher Radial East Tiffany, CT 43257",2021-04-24
43,Christina Davis,usalinas@example.com,"46140 Wilson Junction South Shannon, CT 05986",2020-04-02
44,Julia Dorsey,comptonfrances@example.org,"PSC 6506, Box 3932 APO AP 70816",2020-05-27
45,William Higgins,christie89@example.org,"2287 Lewis Lock West Rebecca, AK 06511",2021-07-19
46,Kimberly Harris,brendacaldwell@example.com,"239 Wood Ridges Suite 470 Williamshaven, MH 27789",2024-06-05
47,David Myers,dsmith@example.net,"3299 Mann Land Owenshaven, WA 15086",2021-02-27
48,Rachel Craig,wdavis@example.org,"7391 Alexander Landing Katherinetown, AR 91406",2024-09-30
49,Jonathan Chapman,davidmorris@example.com,"4390 Cox Expressway Robertside, AZ 24305",2022-04-05
50,Jennifer Mcintosh,martinezjennifer@example.com,"3804 Barbara Overpass Suite 389 Lake Vanessa, ID 92877",2020-12-02
51,Laura Owen,paulfranklin@example.net,"1543 Leroy Ferry Suite 122 New Karenfurt, NE 20983",2020-01-23
52,Erin Johnston,elizabeth23@example.org,"807 Smith Mountains East Ericaberg, DE 74533",2020-04-20
53,Ebony Snow,bennetttravis@example.com,"86287 Peter Meadow Suite 025 South Brandon, CT 74046",2021-10-22
54,John Berry,paul54@example.net,"63208 Martin Villages Apt. 128 South Timothy, GA 44919",2024-08-02
55,Tricia Schneider,fgarcia@example.com,"9262 Donald Burgs Apt. 666 Catherinemouth, CA 34301",2021-03-13
56,Matthew Acosta,fromero@example.org,"4039 Sandy Garden Suite 780 West Mariaborough, IA 21727",2020-05-29
57,Lisa Smith,alejandra17@example.net,"91161 Elizabeth Plaza Ronaldside, MP 22665",2021-02-11
58,Jeffrey Perry,tfowler@example.net,"2168 Davis Green Suite 264 East Herbert, AK 74107",2021-03-15
59,Tiffany Roberts,campbellbrian@example.com,"78845 Brown Corners Apt. 215 Brewershire, OK 09575",2021-05-27
60,Deborah Robles,dhall@example.org,"53721 Sophia Cliffs Apt. 020 Anthonymouth, CA 95431",2022-09-14
61,Elizabeth Giles,matthewmiller@example.com,"19674 Preston Fort Mortonfort, MT 54854",2020-04-18
62,Cheryl Rush,cindywhitney@example.com,"5709 Anna Ramp Suite 352 Sanchezhaven, MT 77756",2022-06-06
63,Kelsey Delgado,pgriffin@example.net,Unit 3105 Box 9087 DPO AP 03773,2024-04-10
64,Pedro Hodges,maria60@example.net,"4401 Barnes Walk Suite 830 Port Thomas, DE 05999",2023-03-26
65,Trevor Flores,pmorris@example.com,"83608 Ellison Pines Taylorland, AS 61630",2022-05-01
66,Brittany Martin,tbennett@example.com,"186 Richard Lane Suite 940 Lake Lesliefort, VI 91109",2021-07-18
67,Sergio Thornton,chloe38@example.com,"040 Tiffany Mall Apt. 273 Whitechester, VI 03186",2020-06-18
68,Miguel Rollins,pwatkins@example.org,"73684 Walker Trail North Darrell, MP 95648",2021-02-15
69,Joe Perry,bthompson@example.net,"73624 Joshua Avenue Reynoldschester, MH 31285",2020-11-27
70,Paula Bartlett,hebertsheila@example.org,"21148 David Shore South Catherineberg, NM 66910",2021-11-11
71,William Molina,schroederphillip@example.com,USNS West FPO AA 12271,2021-04-24
72,Katelyn Cline,pmullins@example.com,"971 Gerald Avenue Suite 938 Buckleyshire, NM 71379",2023-06-10
73,Lydia Johnson,gibbsdonna@example.org,"224 Trevino Port Apt. 015 Jonesview, WY 32861",2020-01-20
74,Kimberly Ortega,daniellephillips@example.net,"72257 Paul Turnpike Apt. 599 North Anna, OK 30328",2021-09-17
75,Katherine Young,sydney86@example.net,"004 Lisa Squares Samanthahaven, ME 84785",2022-07-15
76,Erika White,greenmichael@example.net,"481 Williams Hill North Sarahhaven, VT 81546",2023-08-19
77,Keith Marshall,melissamoss@example.net,"6981 Edgar Forks Suite 216 Garciaville, OK 81290",2021-10-04
78,Rebecca Phillips,ofreeman@example.org,"3010 Wilson Landing Apt. 127 North Edwardberg, OR 49714",2022-05-16
79,John Mcdowell,lhernandez@example.com,"573 Beltran Plains Suite 469 South Victoriatown, MI 19671",2022-02-27
80,Jacob Parks,nathanlopez@example.net,"84555 Terry Lake Lake Brittneyburgh, AZ 99016",2020-07-14
81,Brandon Baird,wallen@example.org,"2107 Harris Manors Lake Lorraine, ND 27186",2021-04-06
82,David Jones,freemanerin@example.com,"316 Davis Lodge Rossstad, WI 42317",2023-04-08
83,Gary Gonzales,cjackson@example.net,"066 Schmidt Shoals Traviston, NJ 47010",2023-01-05
84,Michael Maldonado,natashacarlson@example.com,"33916 Owen Burg Acostaside, MH 87242",2024-03-21
85,James Rosales,owilcox@example.com,"31793 Dean Roads West Sheila, KY 60438",2024-08-03
86,Kelly Lopez,iweiss@example.org,"70255 Catherine Circle Apt. 193 South Donald, PW 18784",2023-08-30
87,David Stevens,alice12@example.org,"386 Jessica Radial Apt. 022 Ryanland, PR 61032",2021-12-12
88,Robert Griffith,hmendoza@example.net,"73871 Jordan Greens Suite 145 South Andrea, GA 66974",2023-02-12
89,Samantha Beltran,dromero@example.com,"8749 Reed Corners Apt. 461 West Samuelside, PA 62137",2023-11-17
90,Marissa Kirby,arthur85@example.com,"611 Franklin Drive Apt. 010 Damonhaven, SD 61656",2022-06-22
91,Crystal Reyes,ann94@example.org,"797 Shane Hollow Port Jameshaven, MN 51138",2022-08-12
92,Jennifer Carey,aaron66@example.net,"125 Wright Shore Suite 529 Acostamouth, MD 22690",2023-09-16
93,Desiree Collins,taylorpaula@example.net,"4558 Ashley Summit Suite 384 Emilyville, WY 54511",2023-10-07
94,Michelle Olson DVM,howard81@example.com,"745 Andrea Cliff West Luis, GA 29621",2024-05-31
95,Gail Santos,alexander68@example.com,"7465 Nicholas Divide South Robertport, SD 55725",2024-08-12
96,John Wilson,mariethomas@example.org,USS Crawford FPO AP 61618,2024-09-23
97,Jason Pena,natalieschneider@example.net,"52768 James Ridges Suite 402 West Cameron, AZ 13859",2021-07-29
98,Nicole Petersen,cynthia38@example.net,"7239 Haynes Keys Port Jessica, OK 04869",2022-02-01
99,Matthew Dixon,mrobertson@example.com,"0262 James Square Keithside, NJ 23585",2022-03-31
100,Dwayne Bell,kim12@example.com,"8794 Bates Via Lake Jillview, UT 57122",2022-10-25
101,Allison Thomas,lauralee@example.net,"412 Timothy Hollow Suite 590 Sarashire, OR 74556",2020-10-13
102,Matthew Clark,stacey50@example.org,"324 Gordon Hills South Carlaburgh, TN 00548",2021-11-02
103,Patricia Hernandez,jamesjimenez@example.com,"13851 Danielle Circle North Aaron, CT 22597",2023-07-11
104,Joseph Woods,twhitaker@example.net,"00114 Nicole Islands Apt. 750 South Sherryburgh, ME 45577",2024-08-02
105,John Walker,jeffrey70@example.net,"7211 Nathan Isle Michaelmouth, PR 86473",2024-01-28
106,Laura Norton,robertsmichael@example.com,"2863 Kelsey Mills West Jacob, ND 10126",2022-05-01
107,John Sheppard,erin61@example.org,"4908 Paul Ville New Lori, RI 45421",2022-11-11
108,Kimberly Watson,wlopez@example.net,"34204 Richard Rapid East Linda, IN 69934",2022-07-23
109,Megan Lee,walkermatthew@example.net,"023 Justin Ville Suite 457 Caldwellbury, MH 25492",2023-09-10
110,Lori Collins,bryantsamantha@example.com,Unit 8988 Box 5301 DPO AE 61069,2021-11-23
111,Crystal Miller,jonathansantos@example.org,USNS Ware FPO AA 20564,2020-12-28
112,Michael Fields,brian57@example.org,"44285 Kevin Station Matthewstad, GU 48298",2023-11-20
113,Daniel Edwards,haleyshaw@example.net,"70877 Thomas Fort South Brettchester, MH 96900",2024-03-15
114,Edward Cooper,kbauer@example.net,"809 Barrett Curve West Melissamouth, MP 32301",2022-05-10
115,Tammy Peters,baldwinveronica@example.org,"41066 Nash Parkway Apt. 721 Cindyshire, OK 56363",2022-03-19
116,Nicole Kelly,howardapril@example.org,"729 Miller Plains Foxmouth, PA 22759",2021-10-18
117,Janice Haynes,rachelmartinez@example.com,"30164 Owens Rue Tracybury, TX 73619",2020-10-21
118,Annette Conner,lauramorgan@example.org,"4923 Patrick Overpass Nancyton, AS 89756",2023-04-15
119,Brittany Wilson,lorifrench@example.net,"271 Teresa Cliff Apt. 000 New Joannaton, CO 98442",2024-05-20
120,Terri Stafford,uclark@example.com,"869 Samantha Rue Suite 942 Washingtonstad, MH 95166",2024-05-22
121,Christina Sweeney,hillamy@example.com,"691 Peggy Squares Apt. 029 West Robertberg, IL 88278",2023-05-21
122,Courtney Mata,victoria05@example.net,"471 Ferguson Dale Jordanburgh, MH 70034",2023-07-15
123,Michael Davis,itorres@example.org,"324 King Ports Lake Wesleyside, MP 51262",2024-02-06
124,Joel York,leslie94@example.net,"68523 Jessica Path Apt. 271 West Andrewstad, SC 64919",2023-10-23
125,Diane Steele,njacobs@example.com,"612 Melissa Crossroad East Christian, OK 41045",2023-03-11
126,Dr. Carolyn Jones,davidramirez@example.org,"20023 Elizabeth Creek Meyerville, MI 02912",2022-11-15
127,Erin Yang,annemartin@example.net,"69302 Heather Expressway Apt. 957 Lake Shawn, PW 07348",2021-07-02
128,David Lopez,robinsonrichard@example.org,Unit 4458 Box 6348 DPO AE 89859,2021-02-16
129,Katelyn Aguilar,lori68@example.org,"59505 Tyler Freeway Wrightfort, NC 27212",2020-07-10
130,Katherine Ballard,wmartin@example.net,"6261 Karen Roads North Helen, CT 26550",2022-04-26
131,Eric Lawson,crichmond@example.com,"70451 Laura Village Suite 131 Robertston, TN 49132",2023-01-07
132,Shannon Roberts,lrobinson@example.org,"51364 Marcia Stravenue Apt. 028 Chambersberg, MT 60455",2020-01-28
133,Anthony Kim,staceyfuller@example.net,"2922 Lopez Ville Leeshire, WA 39764",2023-08-02
134,Robin Ruiz,jose18@example.com,"9309 Andre Course Sarahhaven, WI 12786",2023-07-14
135,Kelly Griffin,troy02@example.org,"81095 Joseph Pass Apt. 491 West Meredithfurt, PW 68109",2023-01-26
136,Kelly Warren,sgraham@example.com,Unit 4905 Box 1617 DPO AE 57462,2020-07-09
137,Kathryn Marquez,ksmith@example.org,"2756 Nicholas Inlet North Antoniochester, WY 03253",2022-01-05
138,Marie Boyd,alexandra35@example.net,"330 Graham Station Apt. 713 West Daniel, MD 12937",2024-04-13
139,James Williams,eharrison@example.com,"60128 Elizabeth Roads Apt. 103 Johnsonshire, SD 25666",2020-10-24
140,Valerie Perez,david11@example.com,USS May FPO AE 54104,2020-06-15
141,Alexander Smith,hunter23@example.com,"088 Megan Spurs Johnsonchester, MD 30359",2023-01-12
142,Cory Clark,douglasjerry@example.com,"153 Moore Ridge Rachaelview, UT 51044",2021-06-02
143,Theresa Mills,vgardner@example.net,"3288 Gregory Unions Suite 942 Jessicaland, GA 94153",2020-10-11
144,Alejandro Medina,nathan82@example.net,"948 Christina Field Apt. 301 Stevenberg, WA 33945",2020-06-24
145,Susan Moses,rebeccastone@example.net,"0894 Garcia Circle North Craig, TX 45310",2020-10-04
146,Brittany Maxwell,palvarez@example.com,"9699 Gary Row East Adam, ND 10643",2022-10-28
147,Heather Johnson,zhudson@example.org,"47779 Miller Bypass Suite 901 Howardshire, OH 32728",2022-08-10
148,Timothy Savage,williamssharon@example.net,"1665 Scott Haven Nunezfurt, DC 71650",2022-10-25
149,Neil Smith,tevans@example.com,"0342 Jillian Cliff Lake Laura, VI 21377",2021-05-19
150,Christopher Wilson,frankjerry@example.org,"22372 Norris Ports Madisonton, TX 80552",2022-03-01
151,Trevor Myers,martinezbryan@example.net,"237 Houston Drive Leeshire, PA 63181",2020-02-21
152,Gabriella Grimes,whiterobert@example.net,"07273 Griffin Greens Apt. 797 Port Ann, CA 65081",2022-11-17
153,Sarah Hawkins,thomas96@example.net,"78756 Kristin Flat Nicholastown, MI 77091",2021-02-16
154,Robert Coleman,randallfloyd@example.net,"9848 Paula Radial Apt. 064 Port Alexandria, DC 46864",2020-10-06
155,Oscar Clark,carol96@example.com,"314 Jeffrey Bridge New Carlos, PR 20021",2022-04-12
156,Dawn Roberts,julie48@example.org,"558 Cook Stravenue East Marthatown, IL 21371",2020-10-07
157,Connor Rosales,lisa22@example.com,"568 Valencia Locks Apt. 501 Nathanielchester, SC 91580",2024-02-07
158,Melissa Snyder,lawrencehoward@example.org,"PSC 7322, Box 5734 APO AA 70523",2022-01-20
159,Elizabeth Mendoza,castanedajacob@example.com,"658 Reynolds Grove Apt. 765 Lake Kimberly, MA 83188",2022-04-02
160,Laura Miller,williamsmaurice@example.net,"218 Raymond Course Davidmouth, CT 17021",2021-07-30
161,Richard Carson,nicholschristopher@example.net,"68602 Roy Gateway Darleneland, DE 30905",2020-02-19
162,Stacey Roach,lauragonzalez@example.com,"275 Wolfe Crest Apt. 823 West Cindyberg, ND 27905",2022-02-22
163,Brian Sullivan,grantgrant@example.com,"790 Mcclure Pines Apt. 887 North Darrylburgh, UT 23985",2021-01-27
164,Sherri Smith,jamescasey@example.org,"22632 Harris Shore Apt. 549 North Maryfurt, ME 76015",2021-12-22
165,Andre Ashley,murphyjennifer@example.org,"72539 Gary River Davisshire, SD 84121",2021-08-21
166,Vanessa Baker,rhondakim@example.com,"333 Strong Crescent Apt. 537 South James, NE 69000",2023-11-28
167,Daniel Hughes,mike25@example.com,"6430 Reed Trace Suite 334 Lake Matthewville, MO 89847",2023-06-23
168,Kelli Jimenez,christinestewart@example.com,"8083 Christopher Station Apt. 430 South Brandonton, NC 29429",2021-12-31
169,Vanessa Hill,yflores@example.net,"447 Karen Mountains Michaelchester, VT 52767",2022-12-05
170,Heather White,qhall@example.org,"9581 Carrillo Fields Sawyertown, UT 69941",2023-02-08
171,Michael Cooper,perkinscraig@example.net,"590 Deanna Villages Lewisberg, NJ 71628",2023-11-09
172,Brandon Garcia,jjohnson@example.org,"52991 Carr Station West Jason, PA 15889",2020-11-13
173,Wendy Fernandez,elizabeth99@example.net,"584 Arthur Lane Suite 982 Matthewburgh, WI 95762",2020-09-15
174,Julia Hall,morgansamantha@example.net,"9528 Bradford Landing Apt. 758 North Daniel, AL 21472",2022-05-14
175,Ashley Hardy,wwilson@example.org,"7962 Ryan Throughway Suite 618 Michaelside, OR 49963",2024-01-19
176,Anthony Marquez,rvalencia@example.com,"225 Michelle Shoals Port Jackson, TX 65630",2021-05-23
177,Angela Mcmahon,adamsjustin@example.com,"7947 Burns Center Suite 108 Vickiton, AZ 31105",2024-05-16
178,Jessica Rodriguez,princemadison@example.org,"77081 Woodard Harbors Weaverchester, VA 91188",2021-07-27
179,Joshua Arias,jenniferwood@example.net,"901 Kelly Estates Lake Vickieview, TN 10486",2022-10-06
180,Amber Myers,rodriguezmegan@example.net,"78634 Richard Road South Kimberly, LA 99694",2021-02-16
181,Jason Cain,elizabeth01@example.com,"573 Megan Ford Apt. 294 Johnmouth, GU 09480",2022-12-09
182,Lauren Davis,whiteallison@example.org,"7516 Joy Extension North Victoria, DC 89901",2022-11-07
183,Sarah Edwards,clarksuzanne@example.net,"59511 Christopher Fords Apt. 380 Lake Nathanfurt, AS 44142",2022-03-29
184,Martin Scott,michellecoleman@example.com,"475 Stone Wells Maciasview, MD 65791",2021-04-03
185,Amber Daniels,paulpowers@example.org,Unit 9146 Box 9078 DPO AP 32045,2021-11-12
186,Lorraine Young,samantha67@example.net,"00996 Hood Isle North Jeremyborough, MT 24721",2021-12-05
187,Jesse Black,karenrobinson@example.net,"75294 Dixon Inlet Catherinefurt, NM 06571",2023-09-23
188,Timothy Cooke,gonzalezrichard@example.org,"1566 Raymond Prairie South Justinshire, HI 19871",2023-04-29
189,Evan Smith,bgallagher@example.org,"7094 Lee Views Kristymouth, MA 29490",2023-09-09
190,Jill Garcia,thomasherman@example.com,"583 Loretta Mews Port Joshua, AK 16136",2022-03-16
191,Lauren Lopez,taylorsteven@example.com,"95050 James Locks Apt. 502 South Jessicaburgh, FL 97055",2022-03-04
192,Donna Young,daniel03@example.net,"1171 Jeremy Squares Suite 216 West Natashastad, IN 84220",2022-06-15
193,Kyle Hinton,ryanvega@example.org,"79002 Meyer Parks South Judy, PR 67497",2023-02-14
194,Michael Mendoza DVM,sfrazier@example.org,Unit 7547 Box 1681 DPO AA 36626,2023-09-25
195,David Beasley,fmarshall@example.com,"812 Ortega Square Suite 308 Reyesburgh, SD 82810",2023-06-01
196,Linda Tucker,vanessa02@example.com,"59872 Sarah Lodge North Michael, UT 76185",2022-04-13
197,Monica Ewing,mullinskimberly@example.org,"9946 Jeremiah Spurs Millerside, AZ 04549",2021-01-18
198,Ricky Martin,kathleenstein@example.org,Unit 4875 Box 7011 DPO AA 81165,2023-11-27
199,Nicole Heath,davidwright@example.net,"21045 Phillip Plaza Port Jamesborough, UT 79218",2022-07-12
200,Michelle Velasquez,christopher54@example.net,Unit 8159 Box 0232 DPO AA 34928,2023-01-05
201,Kristy Hill,agraham@example.org,"9281 William Streets South Josephhaven, PR 38468",2020-02-25
202,Matthew Mckenzie,waynelane@example.com,"923 Sheppard Bridge Apt. 089 Port Austin, OH 12364",2022-12-03
203,Audrey Lee,psanders@example.org,"03499 Barbara Fords Maryhaven, GU 56584",2024-07-09
204,Amanda Ferrell,clifford24@example.net,"2086 Clark Prairie Suite 712 Jerryton, MT 21322",2020-12-09
205,Jessica Hunter,danielmay@example.net,"16074 Jennifer Brooks Kurtmouth, VI 27049",2023-10-20
206,Jamie Patel,barbararodriguez@example.org,"4447 Christian Causeway Apt. 663 South Cristinamouth, MS 85810",2021-09-19
207,Whitney Wilson,fhinton@example.net,"93979 Brandon Crossing Suite 907 North Michaelborough, NV 53797",2021-03-23
208,Timothy Baxter,evansjulie@example.com,"511 Fuller Stream Farmermouth, PA 58036",2023-10-16
209,Timothy Cooper,nicholas98@example.org,"666 Victoria Trace Apt. 913 Chelseamouth, MH 12743",2023-08-27
210,Steven Hunter,timothyjohnson@example.net,USCGC Smith FPO AP 13005,2022-12-20
211,Kyle Atkins,mitchellsherri@example.net,"PSC 1844, Box 6503 APO AE 18431",2023-12-31
212,Tracy Whitney,christopherroberts@example.org,"19344 Skinner Fields Lake Cynthia, NE 70022",2021-01-30
213,Stephanie Rodriguez,josephjohnson@example.org,"5392 Adam Views Suite 252 Port Meghanport, MT 65251",2020-06-25
214,Christina Steele,worr@example.com,"8722 Nicholas Loaf Apt. 447 West Barbaraburgh, FL 74744",2021-10-30
215,Gregory Parker,eric10@example.net,"97440 Christopher Flats Apt. 740 East Heathershire, CT 83379",2022-07-07
216,Mr. Richard Campbell,cristian64@example.net,"5434 Davis Lake Suite 830 Armstrongtown, OH 62536",2020-05-24
217,Brett Meyer,marissa17@example.com,"5347 Mindy Island Stephaniefort, PR 18848",2022-04-16
218,Shirley Solis,thomasobrien@example.org,"60700 Nelson Common North Lindsay, PW 96481",2022-11-09
219,Pedro Martin,brownmelissa@example.org,"1022 Villanueva Harbors Apt. 326 Holmesfort, FM 61266",2024-08-03
220,Justin Gilbert,afernandez@example.org,Unit 0434 Box 0651 DPO AE 51563,2021-05-07
221,Steven Thomas,qnichols@example.org,"00487 Courtney Square Suite 976 Albertmouth, MN 41224",2022-01-04
222,Nicole Joyce,xcole@example.org,"7949 Lawrence Harbor Lake Oliviafurt, OH 43581",2020-10-12
223,Robert Cross,nwashington@example.org,"285 Michelle Rest Apt. 556 North Evelyn, WY 65184",2021-02-05
224,Joyce Brown,edwardhuynh@example.net,"6636 Jones Estate New Jeromeside, WA 27166",2022-10-28
225,Richard Robinson,wstevens@example.com,"48685 Shirley Springs East Debbie, NE 01396",2022-10-15
226,Susan Rodriguez,blackrobert@example.org,"38997 Danielle Land Zacharyview, IL 63821",2024-02-15
227,Megan Wright,omann@example.net,"2091 Donald Tunnel Pearsonmouth, PA 78328",2022-07-14
228,Vicki Dickerson,lbarron@example.net,"570 Beth Villages Darinshire, MT 98086",2024-02-04
229,Matthew Hardy,ginaleon@example.com,"87905 Adrian Forks Suite 075 Port Joshuachester, SC 13102",2022-11-25
230,Kathryn Bryant,qflores@example.net,"62568 Stuart Rapid New Sarahberg, WI 08679",2020-03-04
231,David Jones,kevinmoore@example.org,"75834 Edwin Valley Suite 563 Jacobville, WA 09296",2023-05-03
232,Veronica Morgan,donnarivera@example.com,"PSC 8318, Box 8577 APO AE 42590",2020-03-23
233,John White,phillipkane@example.net,"92363 Daniels Drive Apt. 147 Lake Brianville, CT 03239",2021-06-12
234,Patrick King,emiller@example.org,"479 Steve Station Guerrerohaven, MN 09537",2020-01-30
235,Jonathan Glover,matthewmurphy@example.com,"70283 Megan Ville Suite 139 Lake Brianborough, AR 94315",2020-02-09
236,Rodney Garrett,julie90@example.net,"6251 Rivera Coves East Blakeberg, WY 13187",2024-03-20
237,Christopher Villegas,ostone@example.org,"28060 Scott Harbors Suite 919 Butlerburgh, MI 92371",2023-07-19
238,Anthony Garner,cwoods@example.net,"6097 Hicks Knolls Alanborough, MT 60604",2021-07-23
239,John Warner,jonathancastillo@example.net,"4016 Tiffany Valley Sandersfort, TX 70250",2020-01-25
240,Michelle Estes,michaeljones@example.org,"6137 John Divide Apt. 297 Hawkinsshire, NE 25247",2023-06-06
241,Maureen Perez,vasquezkevin@example.net,"6239 Russo Court Suite 322 West Anita, AR 59023",2023-10-21
242,Jonathan Moore,katherine77@example.com,"4740 George Islands Suite 327 South Christina, RI 21628",2022-05-26
243,Natalie Guerra,derekroberts@example.net,"079 Christina Centers Apt. 285 Johnstad, GA 56912",2023-02-14
244,Jerome Goodman,michael31@example.net,"7609 Schneider Avenue South Elizabeth, OH 33989",2022-10-16
245,Troy Clark,rstephens@example.org,"122 Jacob Underpass Suite 694 Lake Stevenland, ID 13807",2020-10-16
246,Patrick Roy,ilewis@example.net,"9060 Carlson Wall Apt. 438 South Jeffery, SC 89925",2023-12-10
247,Michael Allen,xbrady@example.net,"75104 Davis Centers Suite 062 Ruthport, DC 86175",2022-12-24
248,Carmen Hernandez,iramsey@example.com,"13787 Rowe Stream Suite 146 North Mary, AR 01025",2022-01-21
249,Jessica Powers,qlong@example.org,"9990 Andrew Lock Suite 420 Port Chad, WY 32115",2021-06-07
250,Natalie Ross,brownandre@example.com,"27529 Lawson Mission Baileyfort, MA 02911",2021-03-27
251,Kelsey Nicholson,ericturner@example.com,"4097 Harris Creek Suite 512 East Cherylshire, VI 58769",2020-07-07
252,Misty Sherman,heather28@example.com,"PSC 4826, Box 9449 APO AE 97634",2024-10-03
253,Stephen Booth,melanie04@example.com,"49307 Paul Station Suite 015 Hernandezmouth, IA 33573",2024-06-08
254,Crystal Downs,herbert83@example.net,"061 Clark Cape Suite 907 Martinburgh, VA 44300",2023-05-25
255,Thomas Simpson,chandlerkevin@example.org,"289 Melissa Estates Suite 080 Johnfurt, PW 50394",2022-05-22
256,Kristin Johnson,emily81@example.org,"352 Hernandez Motorway Suite 715 Reyesport, TX 51297",2020-06-12
257,Wendy Smith,carl98@example.com,"58769 Carlos Parkway Apt. 119 West Samantha, MN 40887",2020-07-24
258,Elizabeth Tate,greendenise@example.com,"6178 Michael Plaza Suite 236 Port Scottmouth, IN 39380",2023-07-03
259,Diane Woodward,michael94@example.com,"6771 Judy Ways Kimberlyburgh, MA 25664",2023-03-19
260,Kenneth Stephenson,theodorealvarez@example.org,"71094 Gina Court Apt. 644 South Marcus, MS 64986",2024-03-03
261,Lacey Johnson,charles48@example.org,USNV Short FPO AP 20167,2021-12-16
262,Michelle Farmer,tiffany47@example.net,"8290 Gonzalez Shores Lake Stephanie, PR 60343",2024-08-04
263,Daniel Jones,rhondadiaz@example.org,"1432 Horn Mountain Frankchester, SC 40813",2021-07-15
264,Scott Smith,schultzjessica@example.net,"34694 Sarah Junction Shelleyborough, TX 37195",2024-09-30
265,Latoya Rivera,brandon86@example.net,"145 Joshua Trace Currychester, OR 51728",2024-01-15
266,Richard Nguyen MD,jennifer82@example.net,"3203 Hammond Cape South Jimmy, IN 43140",2024-01-16
267,Shawn Ellison DVM,christopherlowe@example.com,"58139 Heather Pines Apt. 394 Lake Susan, VT 63808",2021-05-28
268,Shirley Nelson,danielswilliam@example.org,"879 Walker Mountains Russoton, OK 54745",2021-07-25
269,Charles Carroll,cburton@example.com,"5995 Perry Unions Sanchezchester, VT 34900",2022-07-08
270,Anita Green,juarezpatricia@example.net,"9674 Amanda Parkway South Kelly, NJ 47973",2020-08-29
271,Matthew Black,dannywarner@example.com,"515 Ross Roads Kristenbury, NV 61149",2024-08-04
272,Robert Miller,julie25@example.com,"6432 Jesse Dam Suite 934 Williamsview, FM 15391",2023-03-30
273,Gary Bennett,debramorales@example.org,"81458 Luis Garden Suite 818 Lozanoview, WY 84089",2020-06-23
274,Travis Wright,jeffery48@example.net,"4288 Richardson Crossing Alyssaville, MI 28787",2021-10-27
275,Alexis Roberts,icohen@example.com,"7511 Griffith Villages Ramirezborough, AS 73961",2023-07-30
276,Scott Harper,patrickmoran@example.com,"50803 Claire Isle Apt. 358 Lake Matthew, MI 52604",2023-05-12
277,Brianna Russell,zhughes@example.com,"600 Alvarez Stream East Lindatown, MH 54816",2020-06-22
278,Anna Hernandez,rachel75@example.com,"2287 Jonathan Plains Pamelastad, SC 53181",2023-10-26
279,Susan Harrison,medinajoshua@example.net,"830 Randy Burgs Bakerhaven, AL 44943",2023-07-05
280,Joshua Sanchez,melindasutton@example.org,"88205 Martinez Keys Apt. 267 East Elaine, PA 04992",2020-01-28
281,Michael Quinn,danieljohnson@example.org,"12447 Kirsten Viaduct South Brittany, AR 46413",2020-11-17
282,Allison Barton,sarahallison@example.com,"147 Lozano Mews New Tamibury, MO 14097",2022-01-29
283,Laura Johnson,wendy28@example.com,"60186 Anthony Harbors Suite 750 East Crystalland, AK 03265",2020-05-19
284,John Roberts,xfarrell@example.org,Unit 4671 Box 4009 DPO AA 27197,2021-09-23
285,Ryan Clark MD,mark25@example.org,"7561 Johnson Via Port Kelli, NH 85585",2021-06-17
286,Pamela James,leeashley@example.com,"88901 Lisa Spur Suite 925 New Michealport, MS 96979",2022-04-09
287,Nichole Riggs,jestrada@example.net,"088 Lucas Station Apt. 625 North Susan, OR 48608",2022-04-22
288,Janice Perry,xsanchez@example.com,"521 Vicki Corner Suite 621 Matthewfort, GU 58380",2021-08-31
289,Joseph Harris,gutierrezdawn@example.org,"16054 Nicole Isle Allenchester, MT 29321",2023-05-30
290,Sara Carrillo,dgonzalez@example.org,"3913 Jorge Forest Lyonsshire, ME 36485",2023-06-26
291,Marcus Small,cochranvalerie@example.net,"726 Tyler Ridge Williamshire, IA 53107",2023-09-21
292,Patrick Wallace,fordfaith@example.org,"5627 Regina Fields Apt. 588 Cartershire, WV 08928",2024-04-14
293,Christine Blackwell,morriskelli@example.com,"8172 Phillips Ranch Suite 080 Alexandrachester, PA 91665",2021-04-24
294,Tony Day,dryan@example.org,"623 David Trace Suite 622 Port Maryberg, AR 04106",2021-03-09
295,Tiffany Lee,npatterson@example.org,USCGC Ryan FPO AP 81519,2023-03-08
296,Rebecca Davis,jessicasilva@example.org,"4651 Angela Motorway West Tina, OR 16739",2022-09-03
297,Stephanie Jackson,leedevin@example.com,"05031 Ortega Pines Apt. 257 North Tyronefurt, CO 70058",2021-09-21
298,David Schaefer,urodriguez@example.org,"60853 Francis Pass Lake Julie, SD 48192",2021-08-12
299,Kimberly Grant,thomashowell@example.com,"044 Hunt Parkways Port Kellyton, MA 31287",2024-09-15
300,Richard Aguirre,patriciabell@example.com,USS Roberson FPO AA 25042,2021-09-13
301,Carl Pham,nathanpierce@example.org,"06627 Colleen Rue Brockmouth, WV 02956",2024-10-05
302,Brandon Nelson,bennettdustin@example.org,"96779 Tran Village Apt. 697 Whitemouth, IL 38534",2021-01-30
303,Nicole Vance,xsmith@example.org,"790 Smith Wells Apt. 322 West Kathleen, OK 56482",2023-06-16
304,Jennifer Davis,aaron34@example.net,"01486 Johnson Center Apt. 281 North Carolineland, DC 96121",2022-06-30
305,Laura Hill,qrogers@example.org,"045 Rebecca Harbors Kennedyberg, NH 91765",2023-11-15
306,Michael Pena,mware@example.org,Unit 6137 Box 6205 DPO AA 89557,2021-10-09
307,Amanda Cummings,heather42@example.org,"66463 William Isle Apt. 938 Port Haileystad, WI 79328",2021-12-08
308,Benjamin Berg,sara63@example.com,"744 Henry Brooks Apt. 530 West Crystalmouth, VT 15432",2024-01-10
309,Melissa Anderson,william73@example.com,"32352 Logan Stream Apt. 718 South Andrew, GA 16913",2022-03-10
310,Chad Boyer,hernandezantonio@example.org,"22286 Richard Trail East Heidimouth, NH 81214",2021-02-25
311,Jasmine Esparza,christinareilly@example.com,USCGC Stokes FPO AE 57315,2023-07-26
312,Megan Lewis,aaronbrown@example.com,"2223 Sweeney Stravenue Suite 898 Suzanneton, ID 32897",2022-11-15
313,Shelly Rivera,duanewright@example.org,"9357 Craig Freeway Suite 715 North Cynthiashire, HI 47423",2021-12-03
314,Jennifer Cole,thompsonbrittany@example.net,"5045 Woods Roads Apt. 389 Smithshire, NY 51435",2024-09-10
315,Alexandria Day,gsherman@example.org,"6001 Wood Tunnel Phelpsland, UT 23336",2021-08-24
316,Christopher Shaw,gharris@example.net,"343 Hart Roads Apt. 365 New Jacquelineland, RI 77527",2022-07-25
317,Amy Salazar,heathergates@example.com,"9448 Mary Parks Apt. 369 New Michael, MN 69062",2021-03-07
318,Dakota Anderson,wolfejeff@example.com,"87960 Wells Stravenue Apt. 920 South Hayleyfurt, KS 93959",2024-04-26
319,Mr. Shane Lewis,victormarquez@example.net,USNV Patterson FPO AA 68687,2023-05-18
320,Vincent Wright,ianderson@example.org,"69761 Anderson Circles Suite 148 Michaelside, VT 35171",2021-06-16
321,Melissa Tyler,mary61@example.com,"1673 Debra Avenue Apt. 715 Port Paulabury, CA 41300",2022-04-29
322,Ryan Marshall,grayhector@example.com,"20089 Myers Pine Suite 366 South Jocelyn, NE 73299",2022-01-29
323,Robert Jackson,amy59@example.com,Unit 7641 Box 6814 DPO AP 10929,2021-09-24
324,Rachel Martinez,vmueller@example.org,"5616 Anderson Station New Louistown, MA 36691",2023-04-21
325,Joy Bowman,nwilkins@example.com,"7428 Williams Field West Roberthaven, WI 52705",2023-03-31
326,Sarah Harrington,millertony@example.net,"87321 Chelsea Club Apt. 263 Robinsonville, PW 45828",2022-04-23
327,James Beck,brandonwoodward@example.org,"144 Christina Forks Suite 163 Madisonfurt, MA 90910",2023-06-20
328,Casey Torres,dcrane@example.net,"864 Thomas Lodge Suite 900 North Mollyfort, RI 45386",2020-05-15
329,Sarah Walsh,castillodana@example.com,"96419 Kelly Causeway Apt. 558 Jameschester, DC 21641",2023-10-17
330,Gregory Flores,rpham@example.net,USNV Peterson FPO AA 67174,2021-01-12
331,Victoria Gomez,guerrerodanielle@example.org,"76406 Smith Rue Thomashaven, WV 57673",2022-11-10
332,Alexander Crane,mward@example.com,"4102 Mark Ford North Jacqueline, UT 48296",2020-07-26
333,Melissa Ellis,kelly57@example.com,"01168 Joshua Light Phammouth, MA 74863",2023-06-18
334,Jose Martinez,jesse65@example.org,"1807 Steven Terrace Suite 887 East Robin, MP 21179",2020-10-03
335,Linda King,rachel38@example.org,"2970 Clayton Lakes Suite 693 East Susan, CA 12413",2022-08-21
336,Andrew Frederick,ileonard@example.com,"78039 Sonia Walks Williamsborough, CT 62236",2020-01-10
337,Jason Johnson,renee43@example.net,"PSC 6892, Box 3912 APO AP 73175",2023-12-26
338,Michael Martinez,sonia42@example.net,"73235 Joseph Pass Johnstonmouth, MD 75884",2022-06-03
339,Sharon Nelson,thomas57@example.net,"180 Wells Crest Lake Joseph, GA 53700",2024-01-03
340,Cynthia Thompson,castanedadavid@example.org,"1401 Fox Crest Suite 737 West Brett, AK 44220",2022-06-24
341,Jason Ramirez,ofoley@example.com,"94509 Travis Views Amandachester, VA 89599",2023-02-04
342,Michael Hamilton,kellymiller@example.com,"9146 Katherine Greens Suite 357 Buckleymouth, DE 77655",2022-05-01
343,Mary Nelson,ugray@example.net,USCGC Ford FPO AE 00721,2024-01-02
344,Steven Valenzuela,cobbbradley@example.com,"628 Mendez Highway Apt. 937 Port William, SD 75941",2022-10-29
345,Virginia Coleman,georgeveronica@example.net,"05357 Warner Gateway Suite 351 Williamside, WY 04963",2021-02-14
346,Jennifer Barrett,wugeorge@example.net,"6845 Johnston Overpass Stephenfort, NJ 32812",2020-03-29
347,Andrea Griffin,sandra80@example.com,"736 Rhonda Lights Jacksonville, MP 33952",2024-04-11
348,Jennifer Wheeler,jason99@example.org,"3909 Adrienne Fields Vargastown, CT 29830",2023-08-14
349,Abigail Cox,michael98@example.net,"8776 Mclean Place Suite 652 New Jeffery, HI 61218",2021-04-11
350,Nathaniel Bates,carrie62@example.org,"661 Casey Street Apt. 231 Michellestad, TX 76223",2022-08-18
351,Brian Butler,bryce56@example.com,USNV Ramsey FPO AP 31877,2024-01-06
352,Wendy Henderson,monicatucker@example.org,"499 Carlson Mountains West Jose, AZ 01511",2020-04-25
353,Melissa Jones,fwilliams@example.org,"77079 Hartman Walk Apt. 396 North Elizabethbury, SD 11558",2023-01-23
354,Gina Parker,wwest@example.net,"369 Whitney Ways East Cheryl, PR 55069",2024-07-31
355,Carlos Patterson,summersgeorge@example.com,"4325 Kristen Crest Vincentshire, ID 20621",2023-05-06
356,Erin Matthews,spenceralexander@example.org,"3698 Davis Ports Suite 533 South Zoe, MH 14797",2020-11-07
357,Allen Bartlett,tanner30@example.com,"917 Jeffrey Shoals Suite 848 East Karenside, MP 91004",2021-07-02
358,Kevin Russell,kenneth01@example.com,"262 Johnny Mission Suite 337 Arianaton, NE 49320",2023-08-15
359,Rebecca Cochran,james13@example.org,"223 Garcia Park Nixonton, AK 78601",2020-05-26
360,Lawrence Phillips,andrew40@example.org,"34055 Brian Shores West Stacybury, OH 89375",2021-06-28
361,Miss Amy Stephens,nathan15@example.net,"8749 Michael Villages Port Willie, ID 06054",2021-09-16
362,Christina Curtis,nfuller@example.net,"PSC 1843, Box 1627 APO AE 56312",2023-11-04
363,Mackenzie Harris,patricia56@example.org,Unit 6413 Box 5531 DPO AA 42880,2022-09-16
364,Jessica Williams,kbarker@example.org,"47589 Linda Well Suite 542 Youngview, KY 63720",2022-12-24
365,Melanie Nelson,michaelmyers@example.net,"0434 David Court Apt. 415 South Rachel, TN 21837",2021-11-24
366,Ronnie Smith,bjones@example.net,"731 Hernandez Burg Suite 757 Burnettville, DE 86221",2022-05-04
367,Julie Nichols,mikehowell@example.net,"393 Mario Village New Tiffanyport, ID 19758",2022-10-25
368,Tamara Mitchell,asimpson@example.com,"94558 Burton Terrace Michaelbury, PW 25822",2022-07-17
369,Gregory Martinez,smallcarol@example.net,"443 Yates Wells Suite 703 Millerbury, MO 30789",2021-02-17
370,Ryan Williams,zflores@example.com,"686 David Rapids Johnbury, MD 73547",2021-05-06
371,Ryan Campbell,dominique48@example.net,"090 Brittany Heights Suite 273 Jeffreyport, AR 44390",2022-05-17
372,Mrs. Susan Ellis,alison47@example.org,"PSC 8297, Box 0581 APO AA 64563",2024-04-15
373,Regina Torres,gina50@example.net,"1134 Cathy Cliffs Apt. 531 Stonestad, UT 08988",2023-02-28
374,Cynthia Green,andrewbell@example.com,"6802 Golden Cape Apt. 990 North Michael, VA 61982",2024-04-25
375,Shelly Huffman,xwalters@example.net,"74656 Mark Rapids New Jared, OK 79909",2023-04-20
376,Scott Gonzalez,paulpaul@example.com,"6976 Craig Port Rowlandfurt, FM 62198",2023-01-26
377,Adam Davis,washingtonsandy@example.net,"62396 Humphrey Lights Apt. 850 Evansview, NJ 54844",2021-12-30
378,Christopher Lee,jamesmartin@example.org,"081 Steven Pine Sarahfurt, NM 97995",2024-02-19
379,Travis Mcconnell,william82@example.com,"68128 Justin Rapids Suite 095 Lake Edward, MH 76044",2020-05-26
380,Gregory Contreras,wmeadows@example.org,"804 Jeremy Manors Suite 452 West Davidport, KS 42184",2020-01-20
381,Bryce Edwards,gregory37@example.net,"PSC 3293, Box 1260 APO AA 84980",2022-12-13
382,Timothy Hernandez,tshaw@example.org,"5499 Payne Drive Suite 120 East Ericstad, MN 97519",2024-01-29
383,Bryan Coleman,rickycohen@example.net,"0212 Monica Isle Jenniferside, AR 71360",2024-02-25
384,Nicole Gross,danaholt@example.org,"79541 Heather Brooks Jessicaport, AZ 88912",2022-03-28
385,Robert Smith,fvance@example.net,"36032 Michael Flats Lake Andrewberg, HI 33286",2023-01-13
386,Richard Garcia,smithdebbie@example.net,"321 Chapman Land Apt. 279 Sanchezfort, FL 40567",2021-04-26
387,Andrew Flores,yglover@example.org,"8890 Smith Isle Apt. 670 East Matthew, NY 99433",2023-12-18
388,Sandra Herrera,pearsoneric@example.net,"81284 Miller Locks Suite 890 Carterland, TX 78201",2023-07-11
389,Laura House,nicholashansen@example.org,"9025 Washington Rapids Apt. 144 Wendyside, MN 59173",2020-07-18
390,Ryan Young,ssmith@example.com,"827 Sarah Gateway Suite 847 Port Cheryl, GU 56037",2024-01-16
391,Nancy Mendoza,trankimberly@example.com,"94568 Kellie Greens Suite 705 Mercadoborough, VA 20913",2024-02-10
392,Nicole Jarvis,misty95@example.net,"47097 Johnson Isle Port Shawn, VA 68026",2020-07-15
393,Joshua Gibbs,joshua98@example.org,"78709 Lori Land New Ana, AS 32579",2024-08-31
394,Eileen Parsons,castrosarah@example.net,"27670 Davis Knolls Chadhaven, AK 40267",2021-10-24
395,Erica Ford,anthonywilliams@example.net,"12328 Gross Shoals Villanuevahaven, PR 61810",2022-03-01
396,Jose Ball,carlyschultz@example.org,"20302 Vazquez Forges Ortegaborough, NH 55800",2021-07-28
397,Brittany Lopez,rhodesjason@example.com,"18435 Haley Flats Kellyshire, TX 79774",2022-06-08
398,Joshua Taylor,piercerichard@example.com,"737 Eric Drive Suite 514 Stephaniemouth, DE 81969",2024-01-22
399,Eric Rodriguez,mitchellbrian@example.net,"32487 Shawn Cove Suite 422 Johnfort, NV 10188",2023-01-16
400,Tiffany Hughes,ifarley@example.net,"147 Herbert Shoals Apt. 521 Adrianview, CA 31916",2024-04-26
