id,name,email,address,date_joined
1,Vanessa Thompson,bondcarrie@example.org,"882 Robertson Lock Suite 576 South Johnnyside, MP 17384",2023-12-27
2,Paul Scott,cobbjesse@example.com,"169 Walter Fords Brenttown, IL 14134",2020-06-26
3,Holly Riley,joel48@example.com,"0870 Cameron Junction Suite 512 Carrhaven, WY 82824",2020-01-23
4,Nicole Murphy,amyhernandez@example.org,"3384 Joseph Plaza Tammyburgh, VA 33904",2020-08-23
5,Catherine Hill,deleonjoel@example.org,Unit 7570 Box 6411 DPO AE 25874,2023-06-13
6,Jacob Holloway,timothymcdonald@example.org,"92134 Benjamin Ways West Davidbury, DE 04496",2024-07-30
7,Melinda Green,wernerrhonda@example.net,"6379 Andrew Row Davisport, AK 04668",2023-07-21
8,Tamara Roberts,pamela96@example.com,"7963 Yu Valleys West Ashley, HI 02514",2020-10-06
9,Richard Brooks,kelseyrivera@example.org,"169 Jeffrey Trail Suite 498 Lamland, MP 18024",2023-07-03
10,Louis Becker,william30@example.org,"172 Petersen Manor Apt. 164 New Joshua, WI 88402",2021-04-18
11,Abigail Medina,amanda99@example.org,"36266 Devin Station Apt. 735 Lake Dominiquemouth, NM 45609",2020-07-01
12,Jonathon Watkins,gloriavincent@example.com,"24664 Charles Loaf Apt. 659 North Charlesside, UT 43507",2023-11-22
13,Thomas Rivera,kmoore@example.net,"09743 Beck Hills Suite 033 South Rickburgh, MA 23732",2023-12-23
14,Jessica Jones,joseph15@example.com,"731 Dawn Park Suite 054 Ericmouth, RI 21855",2024-07-10
15,Pamela Wallace,williamstina@example.net,Unit 5230 Box 0577 DPO AA 89845,2023-10-14
16,Allison Rios,sara96@example.com,"6026 Castro Coves Apt. 424 Dianebury, OK 12351",2020-01-26
17,Teresa Leach,jamesburns@example.org,"76025 Dixon Alley Apt. 037 Schroederchester, FL 27244",2021-08-08
18,Edward Nielsen,jilllane@example.org,"631 Daniel Crest South Tracystad, KS 81610",2024-04-28
19,Sydney Gibbs,ralphwilkinson@example.net,Unit 8777 Box 3663 DPO AP 26352,2023-12-10
20,Steven Martin,johnsonchristina@example.org,"244 Mcgee Field Stephenville, MP 78289",2022-04-07
21,Paul Parker,kathykline@example.com,"200 James Village Thomasfort, SD 82546",2020-10-01
22,Jason Schultz,karen01@example.net,"71418 Amy Lakes Lake Nathaniel, AL 49887",2022-07-25
23,Felicia Hurley,jessica19@example.com,"5816 Christopher Alley New Heathershire, NE 98942",2020-12-10
24,Kathryn Bridges,courtneystevens@example.net,"4079 Thomas Forge Veronicabury, UT 85247",2023-12-04
25,Roy Nash,christianbarnes@example.com,"9285 Kevin Dam Suite 704 East Kelly, CO 39530",2020-12-30
26,Amanda Schwartz,sandra43@example.com,"3536 Tran Plain Apt. 974 Port Melinda, ID 53319",2022-09-28
27,John Pope,jhill@example.com,"8056 Brittany Hill Suite 647 Craigport, MI 07601",2020-05-13
28,Katherine Bennett,jamesthomas@example.com,"620 John Trace Smithhaven, MN 36032",2024-01-04
29,Kayla Moses,sarah20@example.net,"763 Shepard Canyon Port Johntown, HI 20641",2021-12-17
30,Lisa Gregory,julie55@example.com,Unit 2897 Box 0679 DPO AE 98240,2022-11-04
31,Elizabeth Sanchez,christopher67@example.com,"6856 Thomas Mountains Suite 937 Thomasshire, IN 01920",2023-08-02
32,Miranda Cross,deleonanthony@example.com,"5363 Miranda Lodge Apt. 079 Justinville, VI 20599",2023-03-01
33,Timothy Haynes,pthompson@example.net,"928 Amy Crossroad Lake Kennethview, DC 18626",2022-02-14
34,Nancy Beck,mollythomas@example.com,"49021 Gordon Avenue Jonesmouth, MI 82775",2022-05-05
35,Dustin Stephens,waltermejia@example.org,USCGC Sellers FPO AE 35668,2022-11-05
36,Brianna Stein,nathan94@example.net,"256 Olivia Heights South Danny, OR 72456",2022-04-16
37,Russell Chavez MD,alexandra98@example.org,"102 Chad Haven Suite 543 Cherylside, LA 65163",2021-11-24
38,Michael Saunders,donovanwilliam@example.net,"21212 Schmidt Bypass West Timothy, MP 33082",2023-06-18
39,Brandi Parks,priscilla57@example.net,"53765 Joshua Parkway Apt. 245 Lake Matthewfort, MO 72686",2020-09-30
40,George Molina,zgonzalez@example.com,"7929 Marissa Prairie Suite 230 Port Robert, OR 50328",2023-12-28
41,Jennifer Davis,steven16@example.net,"07250 Michael Shoal Apt. 883 Lake Alexanderstad, IL 46508",2023-03-30
42,Amanda Schmidt,srivera@example.net,"6413 Thompson Court Maryland, PR 88240",2022-10-28
43,Brian Randall,tiffany20@example.net,"81521 Cohen Road Apt. 664 Kimberlytown, NY 21941",2024-07-04
44,Amanda Reynolds,amy08@example.org,"1388 Joseph Squares West Loriburgh, MD 06039",2023-07-22
45,Dr. William Allen,fcolon@example.net,"8285 Washington Spurs East Brianna, KY 73902",2022-01-26
46,Brittany Collins,annallen@example.org,"317 Davis Roads Suite 025 New Allison, UT 56220",2020-07-02
47,Adam Moreno,milleranita@example.com,"70769 Coleman Brooks North Erichaven, AK 70426",2020-09-27
48,Olivia Ortiz,qpark@example.net,"0408 Shannon Bypass New Sarahland, DE 36064",2022-04-25
49,Christina Griffin,butlersamuel@example.com,"623 Timothy Motorway Ericaburgh, IA 53134",2020-09-14
50,Caleb Lamb,uwatts@example.org,"60437 Robert Stravenue Apt. 359 Oscarport, CA 88690",2023-05-17
51,Jonathan Smith,lorinolan@example.com,"297 Alex Course Lauraport, OR 99767",2024-03-22
52,Travis Gardner,martinadrian@example.org,"765 Jennifer Lake Suite 728 North Juliemouth, AZ 83894",2024-06-30
53,Chelsea Allen,jamesmoore@example.org,"8349 Rachel Springs Apt. 228 New Annettefort, IL 19468",2022-05-07
54,Cathy Howard,woodjason@example.org,"657 Adam Groves Jeffreyberg, ME 70781",2024-08-23
55,Richard Weaver,patrickward@example.com,"968 Sheri Corner Apt. 665 Johnsonberg, OR 03838",2022-09-21
56,Ann Lynch,zlawrence@example.com,Unit 7429 Box 7537 DPO AA 38690,2023-06-17
57,Gerald Chavez,xgonzalez@example.com,"02492 Duffy Mount North David, CA 66043",2024-03-13
58,Lisa Glass,conwaykeith@example.org,"43346 Brandy Place East Jason, SD 65141",2020-06-26
59,Joseph Butler,runderwood@example.org,"2135 Hernandez Oval West Daniel, MD 10622",2022-07-29
60,David George,brittneyshelton@example.com,"0750 Taylor Pine Suite 267 Cunninghambury, MA 10292",2023-06-24
61,Megan Harvey,kyletaylor@example.org,"20638 Durham Avenue Apt. 677 Amybury, PW 45454",2020-10-15
62,Jeffrey Avila,ricardo22@example.net,"94111 Lauren Falls Lake Angelachester, DC 20984",2021-04-30
63,Rebecca Wagner,natalie99@example.com,"9066 Mitchell Ways Brentberg, TX 52044",2023-03-29
64,Seth Gibson,wwilliamson@example.org,"063 Alexis Mills North Francisco, WY 28819",2023-06-23
65,Kathy Gibson,gallegosjose@example.net,"6854 Michael Vista Suite 839 Port Mistyfurt, NJ 33745",2020-04-18
66,Dillon Mcgee,peggy82@example.org,"79599 Thomas Rue Suite 946 Barneston, WV 77176",2021-06-01
67,Alex Miller,barrchristopher@example.com,"0393 Melanie Branch Suite 132 Jeffreytown, HI 85909",2020-08-16
68,Kelly Sutton,tara44@example.org,"26947 Cabrera Locks Suite 617 Michaelfurt, TX 21313",2023-10-15
69,Lisa Soto,dallen@example.net,"09785 Walker Views Apt. 379 Nicholasfort, NY 51394",2023-12-13
70,Jamie Aguilar,tammysmith@example.net,"847 Nicole Estates Melendezport, IN 48916",2023-10-25
71,Steven Schmidt,karen20@example.org,"070 Johnson Parks Apt. 489 Noblemouth, VT 63546",2023-12-25
72,Amy Rogers,christopherbarnes@example.com,"8278 Ryan Gateway Apt. 419 Dominicborough, IN 19657",2020-06-21
73,Destiny Barker,patrick76@example.com,"771 Stephanie Street South Joyceside, AS 55920",2024-08-21
74,Drew Reeves,jessewillis@example.org,"201 George Lock Suite 751 West Johnside, WA 35892",2024-09-10
75,Bonnie Smith,whitneyporter@example.net,"58502 James Avenue Port Jose, NE 04087",2021-02-17
76,Justin Martin,jonescheryl@example.com,USNV Ellison FPO AE 28138,2021-05-05
77,Roberto Hopkins,wwilliams@example.com,"74431 David Squares Apt. 462 Davisborough, TX 99901",2020-01-31
78,Jason Rogers,qmontoya@example.com,"370 Elizabeth Islands Apt. 006 North Paulburgh, NV 89917",2022-07-23
79,Timothy Bradford Jr.,phyllisray@example.net,"6098 Kelley Walks Suite 807 Mccoystad, NY 94943",2022-11-19
80,Mark Watkins,alanmorales@example.com,"963 Fisher Creek Apt. 879 Kellybury, FL 17562",2020-01-28
81,Jaclyn Bautista,mcgrathsteven@example.org,"338 Williams Passage Apt. 300 Rachaelstad, MO 12400",2020-09-25
82,Howard Jones,jeffery51@example.org,USCGC Gomez FPO AE 32369,2020-09-08
83,Lisa Carey MD,fwilkins@example.org,"160 Amanda Port Suite 063 Port Lisa, NV 69547",2023-05-19
84,Stephanie Gonzalez,fwelch@example.org,"245 Maynard Vista Apt. 936 Mariahberg, CO 24007",2023-08-19
85,Michael Shannon,qsmith@example.net,"942 Lance Lodge Apt. 852 Juanfurt, IN 49012",2022-02-01
86,Lori Benton,pameladavis@example.org,"902 Gutierrez Route Smithberg, HI 59167",2022-11-30
87,Sydney Jacobs,dbarrett@example.com,"489 Sara Prairie Francisland, TX 80833",2020-09-25
88,Christine Collins,cody43@example.org,"526 Brenda Ford Port Ronnie, UT 43604",2020-04-04
89,Joseph Kerr,rwade@example.com,"6920 Francisco Tunnel Apt. 558 Toddstad, VI 77926",2021-06-13
90,Vincent Bradley,wgriffin@example.com,"24878 Michael Prairie East Charles, DE 30558",2022-05-11
91,Christina Clark,seantownsend@example.net,"950 John Coves New Abigail, MT 24890",2024-09-01
92,Barbara Mckinney,janet15@example.net,"049 Amber Knoll Suite 357 New Samanthabury, IL 48641",2021-09-17
93,Alexis Holder,john87@example.net,"1710 Philip Corner North Nicole, AR 10195",2020-04-19
94,Alexandria Johnson,ryanwilson@example.net,"026 Natalie Branch Stephenbury, KS 56329",2023-12-18
95,Christina Nelson,johnsondaniel@example.org,"04064 Arnold Forest Apt. 464 Wongborough, AS 15242",2022-02-04
96,James Phillips MD,jamesronald@example.org,"370 Bernard Summit Apt. 153 Joannechester, WI 17424",2022-08-03
97,Shannon Baker,xwhitaker@example.com,"0913 Wilson Extension East Clinton, ME 09611",2022-12-07
98,Jessica Hartman,vpeterson@example.net,"538 Martin Spurs Matthewberg, NV 88165",2021-07-31
99,Timothy Johnson,christopherwebster@example.org,USNV Parker FPO AA 64357,2023-09-16
100,Michelle Taylor,johnsonmichael@example.com,"39549 Barber Springs East Kellyland, SD 03405",2022-01-23
101,Mary Weaver,ffisher@example.net,"322 Andrea Forges Larsenstad, SC 17576",2022-07-22
102,Lauren Morris,parkertara@example.net,USNV Wolf FPO AA 82747,2024-02-14
103,Christina Williams,smosley@example.com,"1182 Melissa Forges Lake Timothy, MN 37130",2020-10-23
104,Micheal Small,lgarcia@example.com,"3330 Mary Unions Suite 561 Port Shawn, OR 94136",2021-09-08
105,Michelle Sullivan,lhayes@example.net,"788 Powell Skyway Brandonview, CT 20915",2024-08-30
106,Carol Moore,taylorteresa@example.net,"679 Wilson Light Saratown, RI 81905",2022-07-14
107,Robert Kaiser,kimkristin@example.net,"5563 Christina Motorway Smithland, WY 58631",2023-06-02
108,Amber Santana,rdaniels@example.com,"3631 Eric Expressway Suite 926 Parkside, AK 73275",2022-07-30
109,Clinton Gordon,klinemarie@example.org,"85319 John Falls Lake Alexismouth, MA 27991",2021-06-03
110,Timothy Newton,udavis@example.org,"53981 Wilson Views Lake Casey, DE 38560",2024-08-07
111,Kristin Tran,driggs@example.net,"380 Cannon Knoll Lake Brittany, IN 63489",2022-02-27
112,Kenneth Kelley,fmeyer@example.org,"9192 Amber Ferry Port Heather, MI 98671",2022-05-25
113,Thomas White,fgonzalez@example.org,"206 Benitez Square Hallshire, MD 18507",2021-03-19
114,Tyler Livingston,ryanlee@example.org,"432 Carl Turnpike Suite 950 Lake Jeffreyfurt, SD 24723",2024-02-26
115,Tricia Morgan,rodney35@example.net,USCGC Sharp FPO AP 80746,2020-08-30
116,Gwendolyn Chang,ajohnson@example.net,Unit 3301 Box 1425 DPO AP 99039,2023-09-21
117,Dylan Compton,amber78@example.org,"85374 Martinez Mountain Apt. 681 West Jameshaven, MA 95596",2022-05-20
118,Timothy Jenkins,mcastillo@example.net,"59125 Maurice Divide South Jacqueline, VT 46924",2020-09-01
119,Allison Palmer,cmassey@example.org,"8811 Turner Lodge Stevenborough, NJ 90235",2020-12-16
120,Brian Bell,melissa22@example.org,"503 Kevin Way Bensonfort, AZ 48878",2022-08-07
121,Christopher Miller MD,wchavez@example.com,Unit 8120 Box 4825 DPO AP 89082,2020-06-11
122,Taylor Pearson,gonzalezmichael@example.org,USNV Jones FPO AE 61602,2020-12-18
123,Tanya Black,nicole59@example.net,"4406 Courtney Walks Ashleychester, ID 49656",2022-09-03
124,Devin Martin,allisonbowman@example.org,"3268 Timothy Mission North Annland, PR 03670",2021-12-31
125,Sydney Buck,michael14@example.net,"8867 Castillo Loaf Jonathanbury, UT 03332",2021-01-09
126,Suzanne Smith,cwebb@example.net,"135 Steven Ville Apt. 825 Boyleborough, MI 97433",2023-08-01
127,Lawrence Hall,uknox@example.com,"5404 Danielle Wall Phamtown, NV 52015",2020-04-04
128,Monica Henderson,uchapman@example.com,"917 Roy Ports West Teresastad, MH 03609",2020-08-22
129,Mark Rodriguez,ruizangela@example.net,"48720 David Tunnel Apt. 262 Ericabury, WI 09859",2022-01-07
130,Anna Crawford,gboyd@example.com,"PSC 7368, Box 5722 APO AE 13349",2024-01-23
131,Matthew Soto,chungdestiny@example.org,"8322 Karen Road Apt. 555 Reynoldsshire, DC 96445",2020-08-07
132,Elizabeth Willis,estradadiana@example.org,"3415 Hahn Pass Suite 251 South Heatherberg, MD 36642",2020-01-11
133,Stephanie Conner,henrymichael@example.com,"678 Vargas Street Apt. 856 Ambershire, WI 62257",2020-12-23
134,Regina Hunter,fjones@example.org,"073 Mitchell Mount Apt. 019 New Laura, MN 57348",2020-03-01
135,Traci Alexander,carla09@example.net,"88359 Valenzuela Stravenue Suite 776 New Andre, CO 09011",2024-06-08
136,Nicole Mitchell,crystal77@example.net,"212 Jacob Pike East Tracey, VT 01349",2020-06-17
137,Anthony Jones,youngstephanie@example.com,"503 Ali Radial New Helenberg, LA 80069",2022-10-09
138,Abigail Vaughan,heather10@example.org,"6065 Lisa Landing Lake Julie, PR 88426",2022-03-04
139,Anthony Arnold,gregory44@example.net,"37955 Weiss Keys Apt. 559 Lake Melissashire, DE 64805",2022-05-13
140,Carlos Hudson,mario23@example.org,"86244 Brewer Station Apt. 785 Lake Sarahport, WI 40150",2024-09-09
141,Daisy Perez,angelschmidt@example.com,"946 Kyle Forks East Jenniferville, WA 60590",2024-04-04
142,Brooke Smith,lisa63@example.org,"108 Elizabeth Parks Apt. 532 Smithport, NC 11536",2020-04-03
143,Tyler Wolfe,xvelez@example.net,"507 Amanda Ramp New Joseph, VT 56224",2022-03-22
144,Adam Wheeler,dan63@example.org,"00375 Nguyen Junctions Suite 293 Lake Elizabethmouth, MH 37111",2023-02-28
145,Mark Charles,michael73@example.com,"17092 Rodriguez Harbors Lake Jonathanside, KY 43264",2020-08-05
146,Wesley Cruz,fgriffith@example.org,"540 Lopez Forks Apt. 529 Jacksonburgh, PR 96011",2022-11-26
147,Kristen Velazquez,david37@example.org,"23308 Owens Prairie Port Sean, CO 31038",2023-07-12
148,Cameron Kelley,jasonstephens@example.com,"1896 Amy Junction Apt. 668 Garciaton, WY 11253",2024-06-25
149,Amber Simpson,robertmendoza@example.net,"3118 John Square South Michaelbury, VA 17836",2023-02-02
150,Donald Harrison,pwoods@example.com,"05540 Gregory Mews West Jasmineshire, WA 18308",2022-02-03
151,Adam Carlson,maxwellmichael@example.org,"5706 Amanda Isle Apt. 069 North Bryanview, VT 84200",2021-02-24
152,Chelsea Bruce DDS,robertowallace@example.net,"5728 Charles Way Suite 213 Lake Paul, RI 90297",2022-06-05
153,James Marks,jonathan90@example.net,"06595 Laura Courts Dudleyview, WI 83097",2023-09-27
154,Elizabeth Wilson DDS,natalieward@example.net,"352 Kimberly Land Suite 612 Rileychester, FM 94027",2020-02-29
155,Douglas Johnson,philipsellers@example.net,"0653 Nunez Corners Suite 111 South Amandaton, HI 77489",2021-10-21
156,Tiffany Clark,dylanflowers@example.net,"60802 Bryant Divide Suite 745 New Jose, ME 42028",2021-09-03
157,Todd Miller,yryan@example.org,"113 Michael Lakes Suite 046 Dylanville, WV 46304",2024-01-14
158,Jill Anderson,alvarezmonica@example.org,"669 Williams Turnpike East Stanley, ME 73893",2022-12-15
159,Anthony Martinez,scuevas@example.net,"161 Thomas Track West Krystal, HI 88548",2022-04-08
160,Jesus Arroyo,connieryan@example.net,USNS Rios FPO AE 13061,2020-07-28
161,Kimberly Mays,sramirez@example.org,"27902 Walters Route Suite 887 Ochoafurt, NY 59804",2023-10-09
162,Craig Gonzalez,pwilliams@example.net,"06700 Louis Walk New Trevorbury, AK 90866",2020-10-05
163,James Wright,ryanhamilton@example.org,"6071 Conway Passage Pamelaberg, KS 81056",2023-06-15
164,Mackenzie Craig,andrea54@example.com,"3227 Yvette Divide Suite 633 Frederickfort, MA 61690",2021-04-08
165,James Henderson,figueroakyle@example.org,"500 Andrews Tunnel East Brianna, PR 17992",2023-02-15
166,Mr. Joshua Padilla,carterlori@example.com,"66706 Estrada Cape Apt. 601 Thomasbury, IN 26540",2020-12-28
167,Sandra Swanson,dana81@example.net,"7720 Petersen Port Suite 456 Brittanyville, MD 61811",2020-09-11
168,John Delgado,mbrown@example.net,"64439 Nathan Mountains Port Laurenburgh, NH 59741",2020-06-19
169,Mark Schwartz,mark67@example.net,"71885 Glenn Parkways Suite 637 Port Joseph, PA 94199",2024-01-11
170,Mr. Cody Wright,johnsonjulie@example.net,"3383 Cassandra Rapid Apt. 888 Erinshire, AL 71976",2020-10-25
171,Nathan James,acurry@example.com,"964 Ashley Underpass Linfurt, FL 44921",2020-11-27
172,Dawn Kane,hvaughn@example.com,"PSC 6371, Box 4313 APO AP 48970",2022-04-01
173,Steven Tucker,johnsonrebecca@example.org,"492 Jacob Cliffs Apt. 267 New Joshuaside, WI 34497",2020-03-20
174,Kellie Robinson,stephaniehart@example.org,"280 Lowe Pines Suite 223 Walterland, RI 93401",2021-10-19
175,Mrs. Pamela Matthews,fpowell@example.net,"53274 Traci Garden Nathanburgh, IA 09787",2021-04-03
176,Melinda Walters,johnsondavid@example.org,"36067 Perry Cliff East Markfurt, MA 48629",2024-08-31
177,Ruben Waller,smithsteven@example.com,"17523 Adams Knolls Apt. 653 North Samanthaborough, MI 92754",2022-07-08
178,Krystal Figueroa,sduffy@example.net,"2050 Nancy Roads Youngport, AK 23956",2020-10-29
179,Benjamin Mitchell,jamessmith@example.org,"7158 Martinez Burg Suite 795 New Maryshire, CT 52423",2021-08-19
180,Tina Hooper,loganchelsea@example.net,"1067 Ralph Plain Michellemouth, VT 53657",2022-02-21
181,Casey Bennett,sarahstephenson@example.org,"9964 Alexandra Mountains West Brianshire, AK 68970",2023-05-07
182,Yvonne Smith,tking@example.org,"21335 Aaron Burgs Apt. 321 Cabreramouth, WV 97936",2022-09-18
183,Nicholas Lopez,eddie34@example.net,"27057 John Road Suite 538 Wallerborough, WY 50019",2022-04-18
184,Troy Camacho,froth@example.com,"8652 Gonzales Ramp Apt. 227 New Scott, NJ 09365",2021-02-24
185,Jamie Keller,joshuaenglish@example.org,"941 Miller Station Suite 879 Kristinaton, PR 99229",2024-07-26
186,David Pratt,carriestewart@example.net,"48684 Miranda Garden South Josephbury, DC 49552",2020-04-01
187,Daniel Johnson,diane62@example.net,"016 Deborah Fields Suite 718 Bradleyhaven, MS 15508",2020-07-28
188,Michael Johnson,howarddavid@example.com,"PSC 2573, Box 5157 APO AP 19888",2024-06-03
189,Luis Morris,bowmandominique@example.com,"PSC 4216, Box 5660 APO AE 31749",2024-06-11
190,Geoffrey Marks,williebaker@example.net,"7173 Fox Fort Henryton, PW 08862",2024-02-11
191,Michael Johnson,michaelpeck@example.com,"744 Jose Unions Suite 508 Watkinston, UT 91912",2021-02-09
192,Kim Marshall,yerickson@example.net,"PSC 4811, Box 8907 APO AE 71402",2021-12-27
193,Scott Howard,rgay@example.org,"24219 Sandra Drives Weavertown, VI 47787",2024-02-02
194,Ernest Bowman,apreston@example.net,Unit 3305 Box 9854 DPO AE 93520,2024-07-01
195,Mrs. Lindsey Edwards,robert41@example.com,"79176 Mathew Ridges New Deniseton, PR 69414",2024-04-25
196,Melissa Smith,judy97@example.org,"537 Bell Parks Samanthaland, PA 32111",2022-09-04
197,Alyssa Crawford,harrisshawn@example.net,"918 Leblanc Spur North Kimberly, FL 56199",2022-03-08
198,Joshua Cook,fmartin@example.com,"8547 Reynolds Radial Brittneyview, FL 23793",2020-03-11
199,Sherri King,blee@example.com,"369 Saunders Streets West Jennifer, NE 38221",2020-01-07
200,Carrie Foley,hollyhancock@example.com,"5243 William Stream Suite 422 West Logan, MD 26703",2024-02-22
201,Casey Alexander,melissabyrd@example.org,"13390 Pacheco Mills Stephenside, ME 79765",2022-12-24
202,Shannon Walters,christiandavid@example.com,"93634 Garcia Village Apt. 132 South Davidside, NJ 80995",2022-07-18
203,Alejandra Kane,colemancrystal@example.org,"7443 Deborah Roads Suite 365 Erikborough, NC 05753",2022-07-11
204,Mary Bentley,jgordon@example.net,"9243 Samantha Lodge Apt. 051 Benjamintown, DC 77920",2020-02-29
205,Dr. Stephanie Miller,davidsavage@example.net,"9524 Diaz Tunnel West Davidstad, WI 31570",2024-01-10
206,Howard Conley,thomaspam@example.com,"50034 Decker Throughway Suite 849 Rileyport, WA 22511",2024-05-14
207,Sarah Foley,lmorgan@example.com,"066 Wayne Crossing Suite 006 Jessechester, ID 68696",2024-10-04
208,Marvin Carpenter,antoniowalsh@example.org,"78249 Douglas Estates Suite 047 North Vincentmouth, PR 72565",2022-07-06
209,Carla Irwin,qsimpson@example.com,"65303 Christopher Junction East Jadefurt, AS 54939",2020-05-27
210,Dr. Beth Thompson,timothyroberts@example.org,"6095 Levine Forge South Jamesstad, TX 67209",2022-08-05
211,Jason Nichols,jose51@example.net,"05380 Emily Points New Paul, SC 48144",2020-07-12
212,Lori Neal,owenssteven@example.com,"200 Watson Terrace Apt. 051 Silvatown, DE 12193",2024-03-07
213,Dawn Rios,marthacarpenter@example.net,"06298 Clark Isle Jamesborough, OK 27910",2020-04-08
214,Jason Roach,qburns@example.com,"PSC 2539, Box 8350 APO AP 29778",2021-03-24
215,Brandon Peters,melissapitts@example.org,"512 Young Extensions New Natashaside, MH 74658",2022-10-30
216,David Lloyd,hollandlawrence@example.net,"1762 Olson Unions Apt. 308 South Ryan, WY 86158",2024-02-11
217,Ashley Mills,lewisshawn@example.net,"8338 Taylor Corners North Jameschester, OR 97515",2020-01-31
218,Allison Cummings,xmoore@example.org,"12083 Lloyd Trace Suite 825 East Karen, ND 70716",2022-04-09
219,Robin Roberts,karenhoward@example.org,"361 Long Prairie Suite 865 South Kennethside, CT 99341",2022-11-24
220,Andrew Johnson,mooreteresa@example.org,"05323 Sarah Ports Apt. 069 Port Ericberg, PA 50117",2023-04-16
221,Dr. Rebecca Torres,johnsonthomas@example.org,"PSC 4359, Box 2728 APO AE 71635",2023-04-14
222,Angela Williams,michael22@example.net,"719 Tracey Corners Thompsonchester, OR 45592",2021-04-20
223,Roy Conley,lpierce@example.net,"93848 Palmer Throughway Apt. 349 North Maureenton, NV 44994",2021-06-25
224,Jonathan Ferrell,deborah39@example.net,USNS Mills FPO AE 70368,2022-09-09
225,Mrs. Tiffany Vasquez,jeremygreen@example.net,"8241 Ibarra Rapids Apt. 458 Brianstad, VI 61719",2020-07-06
226,Erika Carson,twaller@example.com,USNV Green FPO AP 04837,2024-03-31
227,Michael Wells,michele99@example.org,"8380 David Lock Jacquelinetown, DC 52371",2021-05-30
228,Jennifer Hodge,nhawkins@example.com,USNV Macdonald FPO AA 57894,2024-07-20
229,Mrs. Jennifer Brown,vjohnson@example.org,"6192 Jackson Islands Apt. 504 Foxville, AZ 53255",2022-01-30
230,Cheryl Collins,cschultz@example.com,"PSC 3748, Box 7132 APO AP 79141",2022-11-18
231,Sarah Pratt,robertbryan@example.net,"613 Preston Island Westchester, AL 26939",2023-08-08
232,Marcus Mason,burnsthomas@example.net,USNS Morales FPO AE 34331,2024-02-22
233,Madison Hampton,zsullivan@example.com,Unit 1342 Box 7018 DPO AP 62696,2023-12-24
234,Anthony Thompson,christopher43@example.org,"376 Sawyer Turnpike Melaniestad, MP 98495",2024-05-30
235,Maureen Moore,loricantrell@example.org,"0726 Lauren Wall Castrofort, CO 20457",2023-03-25
236,Darryl Weaver,dawn27@example.com,"44323 Monique Run Marshview, TX 38356",2022-12-24
237,Janice Vincent,grichardson@example.com,"106 Berry Centers Apt. 925 Lake Sherry, KS 41418",2024-01-07
238,Alexis Jones,annaolson@example.org,"1129 Weber Ranch East Brittany, WY 78282",2022-02-04
239,Stacey Alvarez,jonathan72@example.org,"940 Pearson Lights Hortonfurt, OK 47471",2021-01-02
240,Brian Duncan,seth79@example.com,"911 Howell Port Suite 191 West Michellechester, SC 23891",2024-05-06
241,Matthew Thomas,wagnerpatricia@example.org,"606 Michael Summit Laurafurt, TX 00993",2022-11-03
242,Katherine Mahoney,larrymarquez@example.net,"350 Tracy Keys Suite 755 Hallport, DE 68840",2021-03-29
243,Virginia Martin,hamptonpaula@example.net,"2765 Little Orchard Suite 231 Amandamouth, NC 01327",2020-10-02
244,Russell Crawford,petersjeffery@example.com,Unit 4159 Box 0956 DPO AE 74650,2023-09-09
245,Courtney Hawkins,tdavis@example.com,"98348 Veronica Flats New Kimberly, CO 28219",2020-08-24
246,Kimberly Jordan,kayla53@example.org,"89228 Jacqueline Squares Christophertown, VA 34011",2023-04-13
247,Amanda Robinson,larry45@example.org,"17703 Jessica Island Apt. 022 Richardland, GA 48197",2024-08-19
248,Sarah Adams,michael71@example.org,"414 Gonzales Valley Millermouth, MT 39395",2021-06-18
249,Douglas Hancock,james93@example.net,"58475 Barrett Trace Apt. 015 Hansenview, GU 66557",2020-05-09
250,Cheryl Mercado,lwatts@example.net,"423 Garcia Ford Suite 934 South Kimberlyton, TX 19895",2024-06-12
251,Carlos Romero,jasonpitts@example.net,"7503 Lisa Crescent Lake Dylan, NC 57743",2022-08-29
252,Matthew Perez,robert87@example.com,USNV Kennedy FPO AE 50306,2021-02-14
253,James White,dawnatkins@example.com,"10099 Jordan Avenue New Tonya, FM 04123",2023-04-22
254,Jessica Miller,stanleygardner@example.org,"3660 Lee Island South Ashleyport, LA 38649",2023-10-13
255,Brian Kelly,vkline@example.org,"4382 Leonard Flats Port James, MH 56379",2021-05-13
256,Isabella Matthews,amber04@example.com,"1398 Andrew Lakes Apt. 774 West Josephside, VT 43198",2021-07-04
257,Gregory Pierce,mooneytimothy@example.org,"27221 Mitchell Center South Ashleymouth, ME 78822",2023-11-07
258,James Wheeler,jamestrevino@example.com,"816 Lisa Overpass Suite 296 Lake Michaelstad, HI 56957",2021-03-10
259,Ashley Montes,jessicaarias@example.com,"179 Byrd Club Suite 243 Lake Brittanyborough, MP 46855",2024-03-28
260,Jeremy Morrow,smithvincent@example.org,"8864 Rivas Groves Suite 572 Dylanton, VA 02606",2023-08-01
261,Christian Nelson,uweiss@example.net,"56915 Jeffrey Row West Carl, AS 92228",2021-07-28
262,Lisa Harrison,richard69@example.org,"7574 Amanda Groves West Tiffany, UT 08752",2023-02-22
263,Donna Romero,cantuconnie@example.net,"588 Kyle Port Suite 269 New Davidfort, WY 45864",2022-07-29
264,Alexandria Shaw,fhays@example.com,"9997 Miller Junction Lake Chrismouth, KY 60653",2024-03-14
265,Colin Vasquez,rodriguezjohn@example.net,USS Hancock FPO AE 72045,2020-08-30
266,Mr. Alan Williams,greenrobert@example.org,"72889 Carlson Brooks Meghanberg, LA 35402",2023-07-22
267,Meghan Castro,mandynunez@example.net,"496 Aaron Isle Apt. 229 North Julieborough, AR 27408",2021-12-12
268,William Tran,fergusonjoshua@example.org,"3073 Williams Track Justintown, HI 92310",2021-12-18
269,Garrett Anderson,levithomas@example.org,"1111 Shannon Path Port Travisshire, FL 01391",2024-07-04
270,Heather Mathews,sgrant@example.net,"96328 Whitehead Estates Daltonstad, PA 63432",2024-01-27
271,Jon Le,millerlisa@example.com,"961 Johnson Dam Thomasview, MN 25401",2021-07-19
272,Kristina Lewis,jennifer02@example.com,"142 Philip Way Carlbury, GA 20085",2023-08-09
273,Samuel Kelley,fgoodwin@example.org,"0223 Dunn Route Suite 396 Lake Kerry, FM 34112",2023-07-23
274,Brittany Ramirez,samanthastevens@example.org,"97511 Malone Forges Wrightfurt, KY 93440",2023-11-14
275,Erik Taylor,hamptonerica@example.net,"87026 Patricia Track Suite 360 Myersstad, AL 16178",2020-04-03
276,Carla Keith,ryanheather@example.net,"0030 Fisher Track North Michael, SC 42752",2021-11-03
277,Victoria Manning,richardpowell@example.com,"33485 Betty Plain West Jasonview, NJ 97848",2023-07-02
278,Megan Anderson,vowens@example.com,"7930 Kelley Bridge Suite 819 Hernandezshire, CA 55979",2021-12-01
279,Debbie Wallace,bethgarcia@example.com,"90440 Patricia Forges Suite 809 East Brandi, UT 58433",2024-02-03
280,James Taylor,joy54@example.com,"955 Matthews Crescent Apt. 048 Cassandrahaven, GU 39296",2020-02-18
281,Brenda Lin,cramirez@example.com,"3160 Cindy Roads Apt. 463 Victoriaside, GA 04977",2020-04-10
282,Stephanie Wyatt,amy24@example.org,"628 Harris Walks East Thomaschester, OH 39150",2022-09-21
283,Zachary Smith,jacquelinegibbs@example.org,"9980 Tapia Summit Lake Amanda, NC 43859",2021-11-26
284,Joshua Bell,dianefarmer@example.com,"6578 Clarke Stravenue Bradfordhaven, IL 35679",2024-07-15
285,Steven Strickland,krobinson@example.com,"808 Sharp Harbor Suite 653 Sanchezborough, NH 91226",2023-10-10
286,Tiffany Black,patriciacarney@example.com,"80217 Kim Walk Shawnberg, UT 33377",2023-02-19
287,Shannon Finley DVM,christophermorgan@example.net,"4512 Brown Summit Hansentown, MH 79558",2020-01-12
288,Brian Schneider,roberttaylor@example.org,"406 Cowan Oval East Charlotteport, KS 59894",2021-03-31
289,David Scott,peter56@example.com,"4484 Johnson Shoals South Elizabethview, CA 45099",2023-09-18
290,Robert Reed,karenwade@example.net,"9978 Emily Harbors Apt. 879 Jeffreyville, MT 15425",2021-12-21
291,Kathleen Hamilton,alejandrochandler@example.org,"712 James Station West Scott, IA 15271",2022-10-26
292,Mr. David Liu,gonzalezsonia@example.org,"247 Hill Skyway Suite 764 East Christopher, AR 54543",2024-02-04
293,Tami Barnes,krussell@example.org,"759 Thompson Cliff East William, OH 12289",2023-03-14
294,Darren Trujillo,aprilhays@example.net,"9957 James Crescent Suite 410 Gibsonland, NH 08451",2020-01-23
295,Eric Rodriguez,sellerskayla@example.net,"751 Gardner Field Apt. 486 Jacobchester, SC 67162",2021-02-17
296,William Cunningham,tnewman@example.com,"522 Michael Mews Suite 238 New Ginaville, MD 94077",2021-05-06
297,Kevin Evans,rachelcook@example.org,"52919 Christina Crescent Lisachester, IN 95476",2023-02-28
298,Brittney Clarke,matthewmeza@example.org,"128 Cindy Port Suite 482 North Michaelfort, HI 11249",2023-03-11
299,Krystal Ramirez,johnny11@example.net,"07289 Nicole Freeway Laurenport, AL 66827",2021-12-18
300,Brian Walker,thomas78@example.net,"3616 Robin Mission Suite 025 New John, CO 74410",2020-10-30
301,Scott Stewart,mary41@example.com,"17589 Fisher Heights East Charles, NE 06466",2022-08-12
302,Angela Graves,katie26@example.org,"203 Andrea Summit Suite 562 Daltonside, NY 54039",2021-10-07
303,Susan Waters,montgomeryrick@example.com,"824 Wendy Streets Lake Natasha, KY 04641",2021-06-21
304,James Cummings,anthonywood@example.com,"22315 Hill Keys West Jose, AR 41991",2021-10-16
305,Robert Snow,matthew46@example.net,"08234 Whitaker Gardens North Kyleside, NV 65791",2020-01-15
306,Joshua Berger,justin97@example.org,"7118 James Heights West Robert, OH 55397",2022-11-22
307,Jacob Morrison,travisbrown@example.com,"1886 Jesus Groves Suite 066 Tiffanymouth, NE 28977",2020-10-30
308,Kyle Zuniga,brandonmyers@example.com,"2402 Laura Road South Michaelhaven, MT 57816",2023-12-10
309,Jocelyn Jones,xjames@example.com,"96668 Jessica Ville Suite 008 Robertsstad, VT 62588",2020-12-24
310,Douglas Hendricks PhD,heather27@example.com,"3667 Kimberly Pines Elizabethborough, MI 01347",2022-02-07
311,Amy Taylor,reedmichele@example.com,"7695 Howard Grove Laurenville, NE 39490",2022-02-15
312,Alexandra Winters,yalvarado@example.net,"4571 Hawkins Fork Apt. 252 Tonyshire, MS 47483",2021-01-08
313,Billy Bender,tatkins@example.net,"19922 Robert Union North Emilyfurt, WI 43989",2020-08-30
314,Brandon Clayton II,debra87@example.com,"624 Matthew Alley Apt. 634 Glennport, UT 22476",2022-11-17
315,Bradley Franklin,osborntroy@example.com,"44436 Wendy Prairie Williamsburgh, NM 45063",2022-12-27
316,Joshua Boyd,john25@example.net,"1135 Morris Inlet Apt. 506 Brianmouth, WA 12558",2020-12-10
317,Calvin Moore,christina22@example.org,"00018 Robert Burg Omarhaven, MN 99474",2022-10-28
318,James Fry,zmoore@example.com,"434 Latoya Extension Fordmouth, ID 49043",2021-07-24
319,Andre Boyd,jackie53@example.org,"331 Williams Isle Port Alan, AL 31237",2023-05-03
320,Russell Price,bowmanwilliam@example.org,"02034 Kelly Crest West Monica, NV 98565",2023-12-12
321,Richard Nguyen,cassieperkins@example.org,"129 Emily Garden Suite 070 West Jeffreyshire, CT 65722",2021-04-16
322,Daniel Williams,hughesanthony@example.net,"PSC 6859, Box 4718 APO AA 48573",2024-04-05
323,Roy Alexander,nelsonrobert@example.net,"596 Mcguire Ridge Suite 818 Colleenstad, IL 81303",2021-02-14
324,Judith Hopkins,bholt@example.com,"2630 Johnson Stream Suite 055 Schneiderview, VT 20444",2022-01-28
325,Tina Durham,christopher95@example.com,USNV Haynes FPO AA 53126,2021-04-11
326,Erin Ferguson,birwin@example.com,"031 Nichole Estate Apt. 178 Roberthaven, NC 16914",2020-10-29
327,Christopher Beck,tammiewalters@example.com,"849 Robert Run Suite 428 East Jose, IA 78056",2024-06-13
328,Jimmy Drake,riverasusan@example.org,"015 Edwin Overpass Apt. 549 Port Tracyfurt, OK 49404",2021-03-09
329,James Watson,vazquezdebbie@example.org,"811 Andrew Shoals Lake Rickybury, MH 31827",2022-01-20
330,Stacy Knox,moorecarrie@example.net,"PSC 6185, Box 8143 APO AA 87473",2023-11-14
331,Victoria Burns,kennethmolina@example.org,"67486 Moore Locks East Richard, MT 24321",2022-07-13
332,Valerie Hernandez,lindabarnes@example.com,"0609 Julie Spring Suite 960 West Martha, MP 38612",2023-07-28
333,Amber Jimenez,david17@example.org,"23244 Stephanie Estate Apt. 500 South Andrew, DE 23955",2020-05-07
334,Gina Richards,matthew41@example.org,"2894 Cody Mills Apt. 567 Freemanfurt, NJ 86149",2020-10-06
335,Dr. Joseph Rodriguez,john43@example.com,"6423 Banks Summit Apt. 156 North Chelseachester, CT 97792",2023-12-19
336,Renee Watson,whitemichael@example.net,"9492 Jesse Squares West Bryan, ME 32708",2020-07-21
337,Stephanie Green,gregoryprice@example.com,"25922 Alexander Cove North Jameschester, AR 44582",2023-12-03
338,Linda Harper,xsweeney@example.org,"16976 Rachel Plain Suite 091 New Matthew, WV 31181",2021-07-15
339,Melissa Hall,janicewashington@example.com,"74304 Michael Spring Suite 732 Lake Alyssashire, OR 74992",2022-11-27
340,Rachel Cook,nbrown@example.net,"5289 Gates Courts Suite 153 Port Pamela, NJ 17354",2022-02-07
341,Anita Long,johnsonapril@example.net,"68873 Jessica Vista Apt. 302 Trevinoburgh, AR 04022",2022-07-26
342,Daniel Phillips,ybird@example.net,"2184 Jasmine Bypass Suite 590 North Erin, IL 51978",2023-09-01
343,Anthony Swanson,vfoley@example.org,"PSC 8042, Box 1925 APO AP 04554",2020-11-22
344,Miranda Bell,jessica90@example.com,"530 Erickson Run West Jacobtown, AR 59289",2021-02-26
345,Ronald Clark,sherrera@example.org,USNS Jackson FPO AP 58940,2024-01-30
346,Nancy Mccarty,melaniesolis@example.org,"98044 Moyer Crossing West Lisaport, PR 17724",2022-03-27
347,Jason Harmon,rachelmiller@example.com,"PSC 2278, Box 2760 APO AP 02107",2023-11-07
348,Ashley Carter,lisafisher@example.org,"PSC 4082, Box 0008 APO AA 20833",2024-01-25
349,Samuel Ramirez,jefferygeorge@example.net,"686 Mary Isle Apt. 524 Lake Joyborough, IN 47894",2021-05-11
350,James Sanchez,iankim@example.net,"537 Matthew Crest Apt. 059 Lake Cynthiaberg, DC 21301",2021-12-18
351,Becky Harrison,butlerkelly@example.org,"55900 Smith Lodge Apt. 836 Robinfort, NE 55447",2024-01-11
352,Isaac Moon,qgallegos@example.org,"1266 Sanchez Estate Patricialand, MT 37670",2021-07-31
353,Heather White,mitchelldonna@example.net,"8811 Robert Cliff Apt. 796 East Connor, MH 27752",2022-10-05
354,Craig Stewart,mnielsen@example.org,"37555 Barnett Row Johnshire, MS 15736",2022-01-19
355,Justin Murphy,charlespena@example.net,"6087 Quinn Vista Suite 638 Brownhaven, HI 11701",2021-09-11
356,Brooke Campos,samantha96@example.net,"7207 Timothy Manors Apt. 089 Jessicaberg, AS 68945",2020-11-17
357,Nicole Johnson,alexis80@example.org,USS Irwin FPO AE 52125,2020-05-30
358,Theresa Gentry,melissa50@example.com,"16821 Hughes Circles Calhounton, OR 66810",2024-01-05
359,Shannon Moore,zchan@example.com,"217 Stephens Fork Torreschester, ME 14265",2024-07-16
360,Charles Sandoval,henry59@example.com,Unit 7226 Box 7325 DPO AP 01844,2023-04-19
361,Lori Lewis,nicolasjohnson@example.net,"15046 Beth Manor Suite 164 Lake Rachelside, ID 93511",2022-08-18
362,Amanda Murphy,awaters@example.org,"9619 Jones Unions Suite 438 Port James, MN 12592",2022-07-11
363,Maria Roberts MD,murphyroberto@example.org,"38100 Jeffrey Brook East Cynthia, VT 81528",2021-05-09
364,Joanna Peters,silvabryan@example.net,"41406 Melissa Forest Alexanderberg, FM 41366",2022-08-31
365,Heather Combs,justinmiller@example.com,"004 Michael Valley Apt. 756 West Debraburgh, TX 33384",2022-06-18
366,Kristie Carter,ericamckinney@example.com,"43356 Tammy Forge Suite 241 Lake Nicholas, PA 79765",2024-08-10
367,Marissa Butler,ashley59@example.org,"113 Kevin Ports South Kevinland, AR 40039",2023-06-06
368,Stephen Williams,rachel14@example.net,"97383 Carter Stravenue New Amandaport, NM 98678",2023-05-09
369,David Smith,lisawilson@example.net,"6601 Patricia Grove Suite 735 Bryanland, DE 44821",2024-04-27
370,Eric Rubio,peterharvey@example.net,"0937 Tina Cove Suite 041 Jacquelinebury, AK 61341",2021-12-23
371,Jason Walters,gallison@example.org,"PSC 4615, Box 0469 APO AE 91138",2022-05-11
372,Kimberly Mckinney,alex61@example.net,"83016 Michael River Suite 040 Loriberg, CO 89636",2021-03-09
373,Connie Norman,williamgonzalez@example.com,Unit 2250 Box 0143 DPO AE 69631,2021-08-03
374,Jessica Christensen,andrea86@example.com,"657 Amy Burg Sheilaberg, UT 87150",2021-07-05
375,Elizabeth Fletcher,susanjordan@example.org,"0721 Chelsey Spring Port Eric, ME 21311",2022-12-31
376,Brian Cooper,katherinejones@example.org,"040 Kyle Shoals Apt. 744 South Christina, OR 43597",2022-10-05
377,Kim Ortiz,joseph64@example.net,"2111 Neal Plain Apt. 408 Mendezfurt, GA 88677",2022-02-10
378,Aaron Combs,heidihaas@example.org,"985 Dean Spurs Apt. 952 Joshuachester, OK 00551",2024-05-04
379,Jeffrey Cox,jparker@example.com,"798 Taylor Plain Apt. 443 Port Michaelshire, MN 33806",2024-03-26
380,Phillip Howard,garciamary@example.org,"58625 Small Land Davidborough, AZ 96399",2022-10-02
381,Elizabeth Travis,danielle58@example.net,USCGC Bauer FPO AA 66532,2024-02-03
382,Cynthia Boone,jenniferpadilla@example.org,"142 Clark Route Suite 058 West Monicahaven, UT 88124",2020-06-11
383,Hannah Johnson,james99@example.org,"97899 Mark Lane Davismouth, VA 05499",2022-07-08
384,Ryan Wise,johnsonvernon@example.org,"8758 John Park Suite 083 North Alicetown, MI 04094",2023-08-30
385,David Arnold,timothy31@example.net,"PSC 8462, Box 5444 APO AE 33723",2022-06-02
386,Michael Booth,nwright@example.com,"04125 Wendy Spurs Suite 318 Williamsmouth, LA 24915",2022-07-13
387,Lawrence Thomas,dustineaton@example.net,"51124 Johnson Pass Lake Tonychester, MP 36115",2021-07-19
388,Douglas Johnson,igutierrez@example.org,"431 Lopez Circles Suite 214 Port James, TN 52016",2022-08-04
389,Marcus Diaz,randolphseth@example.net,"4695 Philip Squares Apt. 858 Meghanmouth, NE 75207",2024-04-24
390,Dustin Williams,rmeyer@example.com,Unit 7125 Box 1497 DPO AA 07466,2023-06-13
391,Linda Acosta,barajaskelly@example.net,"29297 Watson Parkways Sweeneyshire, TN 93245",2021-11-24
392,William Hansen,vdaniels@example.org,"PSC 9017, Box 4939 APO AP 69517",2021-05-29
393,Cindy Padilla,camposjulia@example.org,"3603 Latasha Summit Eugenechester, RI 17639",2022-07-28
394,Kathy Smith,meganhanson@example.org,"913 Thomas Expressway Apt. 385 Susanview, MH 76741",2023-01-26
395,Thomas Haney,ian08@example.com,"542 Phillips Harbor Lorishire, AK 42473",2020-10-15
396,Anthony Rice,ruth06@example.org,"138 Perry Plaza Michaelbury, VI 90234",2024-09-18
397,Jessica Escobar,jsharp@example.org,"3538 Richard Expressway Suite 119 Dawnbury, AK 05816",2021-01-05
398,Michelle Smith,iwood@example.com,"96105 Morrow Island Suite 461 East Annette, WA 73190",2023-12-23
399,Wendy Smith,lpacheco@example.org,"54908 Donald Views Martinezshire, UT 22935",2022-09-13
400,Thomas Nixon,kellywilliams@example.org,"90665 Collins Road Apt. 692 Jamesberg, NM 52339",2022-11-07
