id,name,email,address,date_joined
1,Richard Arnold,susan84@example.net,"PSC 1291, Box 1166 APO AE 41950",2022-11-30
2,Michael Cook,lance30@example.com,"57244 Kimberly Courts Apt. 191 Stephenberg, MT 28355",2023-03-28
3,Angela Taylor MD,woodtimothy@example.com,"787 Alexander Keys Hopkinsmouth, GU 93058",2022-12-17
4,Stephen Blair,joannaweber@example.com,"47794 Chang Street Apt. 727 North Robertfort, AS 38610",2021-07-06
5,Jennifer Brooks,barmstrong@example.net,"560 Joseph Creek West Robin, MI 52831",2020-10-03
6,Nancy Whitaker,markharmon@example.com,"32202 Daniel Circles Catherinestad, IL 97406",2023-12-21
7,Christopher Ramsey,justinaustin@example.com,"888 Mark Track Apt. 432 Port Justinhaven, SD 51490",2022-08-10
8,Marvin Ramirez,feliciarandall@example.net,"1246 Thompson Ways Suite 055 Kelseybury, PW 89871",2021-08-10
9,Kevin Stephens,ihorn@example.com,"3135 Hubbard Trafficway Heathfort, VT 31167",2021-01-24
10,Craig Bowers,stevecarr@example.org,"89003 David Hill Mitchellburgh, TN 30307",2022-06-22
11,Catherine Williams,obarker@example.org,"7642 Tucker Bypass Apt. 031 West Felicia, VI 16559",2022-02-14
12,Audrey Torres,gburton@example.org,"8285 Mark Branch South Joseport, MI 12737",2024-01-25
13,Cathy Fletcher,bishoplori@example.org,"9747 Herring Isle North Nicholasville, IL 98432",2021-05-22
14,Denise Jones,robertsampson@example.net,"6847 Hudson Summit Suite 555 Sheaberg, MA 84013",2022-09-05
15,John Jordan,skelly@example.org,"008 Ward Forest West Josephbury, NH 62965",2022-08-01
16,Judith Lewis,vernon10@example.net,"PSC 8035, Box 3372 APO AE 52524",2021-08-23
17,Ronald Jacobson,vscott@example.net,"973 Grant Road Apt. 976 Taylorfurt, HI 93871",2020-01-15
18,Kristin Scott,nwhitaker@example.com,"27655 Allen Square Apt. 734 Andersonmouth, WY 29779",2021-10-10
19,Charles Branch,alvarezcharles@example.com,"798 Henry Meadows West Johntown, SC 64355",2021-03-24
20,Samantha Martinez,misty04@example.net,"25133 Jimmy Shoals Apt. 216 Brandonchester, MH 30322",2022-11-02
21,Christina Hall,christinejacobs@example.net,"23633 Duran Corners Smithfurt, VA 89043",2023-06-17
22,Jennifer Brown,christopher39@example.net,"71024 Sydney Club Suite 849 Solomonfurt, AL 99522",2024-10-04
23,Leslie Harper,grayyesenia@example.net,"8685 John Stream Schmidtstad, MP 37027",2020-01-09
24,Ann Thompson,michaelferguson@example.net,"729 Vega Union Apt. 046 Port Paul, WA 13228",2021-03-13
25,Sharon Estrada,jessica52@example.com,"562 Tina Union Port Brianna, RI 13533",2021-07-31
26,Leon Matthews,victorwalker@example.net,"85069 Christopher Trail Lake Christinatown, MP 41240",2021-06-14
27,Jennifer West,staceyrodriguez@example.com,"571 Davis Court Harrisfort, PW 49924",2020-08-27
28,Gina Wilson,courtneywilson@example.net,USS Lynch FPO AE 72216,2022-03-01
29,Jennifer Johnson,jcobb@example.net,"283 Anthony Union Adrianaborough, CO 61578",2023-01-17
30,Patrick Fischer,juarezjeffrey@example.net,"00010 Lisa Bypass Suite 730 East Allen, MH 21996",2020-08-07
31,Nicole Thompson,jmorris@example.com,"41710 Dominique Avenue Christinemouth, MH 61002",2023-01-07
32,Hannah Simmons,kennethbarrett@example.com,"20142 Colton Island Port Erikhaven, AZ 51765",2022-12-12
33,David Thomas,daniel67@example.org,"75722 Margaret Turnpike South William, IA 12552",2020-05-21
34,Ryan Johnson,bryan98@example.org,"9181 Kim Circle Michelleville, WI 33959",2022-06-05
35,Robin Horn,catherine07@example.com,"8266 Cheryl Mount Suite 136 Greenchester, NM 86433",2024-04-01
36,Daniel Robertson,howelljennifer@example.com,"083 Tyler Inlet Colleenburgh, OR 87473",2021-05-20
37,Theodore Santiago,gutierrezcarrie@example.com,"5675 Michael Mount Yorkton, DE 02013",2021-09-25
38,Michael Brown,conniescott@example.net,"04497 Gomez Ports Wilcoxfort, ND 42661",2022-04-09
39,Lynn Silva,ewhite@example.com,"776 Kimberly Overpass West Codyfurt, NV 08929",2023-07-05
40,Frank Clayton,leonardcynthia@example.org,"3698 Johnston Ports Port Sarah, MA 78676",2023-11-03
41,Angel Harris,wlopez@example.org,"5530 Russell Terrace Suite 337 Moonhaven, OK 99609",2024-05-08
42,Cindy Gonzalez,janet71@example.com,"7743 Long Ville Suite 764 New Janet, FL 56734",2020-12-17
43,Larry Ford,edwardsamber@example.net,"257 Christopher Rest North Oscar, UT 15326",2023-06-08
44,Adam Trevino,sarahmurphy@example.com,"86031 Knight Cove Lake Mason, WY 64268",2022-02-26
45,Antonio Patel,alexis04@example.com,"8821 Jackson Ford Suite 037 Sanchezstad, OR 56599",2020-09-13
46,Matthew Byrd,cody65@example.net,"46996 Roberson Glen Robinsonberg, MI 10613",2022-12-18
47,Veronica Hebert,kristinowens@example.org,"42476 Dominguez Prairie Apt. 958 Sandraside, VT 01746",2023-10-20
48,Henry Schmidt,amber79@example.com,"0046 Pamela Harbors Apt. 147 South Michellemouth, GA 08219",2022-05-28
49,Nancy Nelson,mbrady@example.net,"908 Courtney Green Scottmouth, UT 07972",2023-11-12
50,Karen Hahn,hmitchell@example.net,"0662 Davidson River East Eric, NV 12275",2022-11-22
51,Anthony Davis,seanmerritt@example.org,"573 Julie Grove Suite 255 Justinborough, AZ 30758",2020-03-27
52,Sonia Patterson,joanna62@example.org,"72280 Nichols Cove Suite 752 Meyersstad, PW 55931",2024-09-19
53,Christopher Conner,marcuswhite@example.net,"4847 Smith Road Apt. 338 Port Carolland, MD 45845",2021-04-26
54,Janet Wilson,nicolemorse@example.com,"87195 Savannah Divide New Cynthiaburgh, IL 33698",2023-03-04
55,David Schroeder,zwhite@example.net,"756 Davis Curve Anthonyberg, DE 69621",2022-08-20
56,Erin Williams,kellyjake@example.net,"402 Tiffany Club Suite 691 Davidfort, GU 02879",2022-08-03
57,John Brown,justincole@example.org,"8127 Amy Ranch Apt. 575 South Marcus, PA 53296",2020-03-20
58,Crystal Gonzalez,tjacobs@example.com,"615 Leslie Locks New Bradley, KS 81146",2020-01-20
59,Brandon Baker,whitemark@example.net,"1760 Courtney Islands Apt. 663 Briannaborough, CT 80528",2021-09-03
60,Mary Haas,owalsh@example.org,"25745 Crystal Skyway Apt. 357 East Catherinemouth, IL 95900",2021-09-23
61,Mark Brooks,bradleyjustin@example.org,"1647 Shepherd Lodge Benjaminborough, OH 78792",2022-11-03
62,Laurie Duncan,patrickevans@example.com,"888 Jonathan Throughway Suite 393 Deckertown, SC 86354",2024-08-22
63,Darius Brown,mitchelllaura@example.com,"88305 Michelle Station Suite 625 Scottville, VA 90542",2022-11-26
64,Debra Davis,whitney56@example.com,"050 Kelly Pines Apt. 806 Lake Robert, AS 70350",2022-10-23
65,Brian Larsen,piercestephanie@example.org,"97221 Sean Squares Suite 765 Mcgrathmouth, PR 13706",2024-03-05
66,Dr. Jacob Torres MD,vasquezaimee@example.org,"4873 Bell Via Allenshire, IN 78513",2024-06-02
67,Andre Cooke,deborahclark@example.org,"4088 Garrett Port Suite 606 South Jessetown, NY 51645",2020-04-22
68,Breanna Carpenter,smithkatelyn@example.net,"74570 Jonathan Station South Jessicamouth, MS 17716",2023-07-28
69,William Mitchell,palmerrebecca@example.com,"12988 John Corners Suite 137 Richardbury, MD 09763",2020-09-05
70,Janet Larsen,camposjason@example.org,"41716 Julie Landing Suite 337 Bellton, AK 71106",2023-11-27
71,Jessica Rodriguez,howardjames@example.net,"8607 Kristen Point Apt. 327 Millerfort, ND 81678",2021-10-23
72,Susan Ford,jennifermcbride@example.com,"154 Jones Village West Aliciastad, PR 30096",2021-10-06
73,Ann Thomas,smithryan@example.net,"025 Wilson Tunnel Port Jacob, WV 57894",2023-12-12
74,Molly Willis,amanda13@example.org,"425 Stokes Ports Apt. 707 New Andrewside, TN 11025",2023-12-02
75,David Reyes,alexandra82@example.net,"3615 Karen Summit Karenland, FM 75601",2021-11-13
76,Justin Rodriguez,deborah93@example.com,"61532 Phillips Rapids West Aliciahaven, VA 89988",2022-11-12
77,Sue Smith,jeffreymcdowell@example.org,"06137 Mccarty Glen Suite 614 Davidland, FL 09865",2022-06-03
78,Brandy Sims,leblancrichard@example.net,"2336 Miles Court Martinezton, PA 39464",2021-11-06
79,John Padilla,joyce90@example.net,"62402 Jennifer Stravenue New Amber, MO 90145",2024-08-14
80,Roy Howard,vvilla@example.com,"1486 Timothy Ferry Apt. 319 North Melanie, IA 51877",2020-05-19
81,Jason Todd,christophermitchell@example.net,"77107 Brock Oval Apt. 787 Lake Courtneyborough, IA 05536",2022-12-07
82,Michael Fuller,shannon91@example.net,"94896 Wilson Plain Apt. 072 Patriciaport, WV 53767",2021-06-18
83,Joyce Simon,vrodriguez@example.com,"98785 Michele Mountain Apt. 907 New Calvinfort, AK 23924",2020-07-31
84,David Hart,ukrueger@example.org,"2559 Rodney Harbor South Nicolas, TN 44762",2024-10-03
85,Micheal Harding,robert83@example.org,"7883 William Parkway Suite 358 Jamesburgh, NJ 55048",2021-09-09
86,Katelyn Gibson,michael35@example.org,"0166 Molly Mill Lake Sandra, FM 29212",2022-04-19
87,Amanda Wilson,patricia70@example.com,"49544 Thompson Courts Robinsontown, VI 07156",2022-12-18
88,Michael Quinn,tracibarton@example.net,"3810 Juan Glen Reevesfurt, DC 23617",2023-04-10
89,Michelle Burns,donna54@example.org,"48404 Beck Ridge New Karen, OK 76183",2022-12-01
90,Stephen Harrison,evelyn89@example.org,"985 Darren Squares Apt. 808 Tinaside, PA 21505",2020-05-10
91,Deanna Ritter,ashleykaren@example.net,"PSC 7144, Box 4249 APO AP 46486",2022-06-09
92,Stephanie Anderson,joseph82@example.org,"39025 Carrillo Estates Apt. 783 East Lindaport, OH 30688",2023-05-08
93,Melissa Brewer,williamtaylor@example.org,"2477 Cabrera Centers Suite 101 Austinberg, RI 35931",2023-02-05
94,Jonathan Nelson,shamilton@example.org,"6068 William Hills Stewartstad, UT 34124",2024-08-07
95,Dr. Jennifer Clay,zhuffman@example.com,"73085 Mccullough Well Jenniferbury, NV 38369",2021-06-18
96,Caitlin Keller,mario90@example.org,"395 Richard Parkway Haleymouth, ND 17533",2024-02-26
97,George Christian,andreagreen@example.net,"112 Jessica Common Suite 824 Thompsonside, MT 29092",2020-01-25
98,Daniel Bates,macdonaldkevin@example.com,"2652 Odonnell Path Robinsonbury, MA 42326",2020-03-14
99,Chelsea Mcdonald,tinalopez@example.net,"891 Williams Causeway Stephanieview, KY 95168",2021-09-15
100,Charles Stewart,hopkinsmelissa@example.net,"84634 Kurt Forge Apt. 857 Carmenville, DC 03383",2020-12-28
101,James Wilkins,emily57@example.org,"970 Kyle Manor Suite 559 Angelamouth, ID 73504",2023-01-27
102,Daniel Ware,aliciapittman@example.org,"36467 Salazar Cliff Apt. 864 Jeremyborough, CO 67020",2023-10-12
103,Diana Cooper,gina61@example.org,"79665 Dunn Estates Suite 134 Marvinton, PW 47834",2023-06-02
104,Jessica Dickson,michael70@example.com,"0591 Michelle Meadow Apt. 387 West Michael, GU 94297",2020-05-16
105,David Nash,jessica98@example.org,"495 Taylor Crossing Suite 043 Angelport, GU 41073",2023-12-28
106,Virginia Williams,david45@example.com,"353 Hall Mountains Port Russell, PA 72571",2023-03-15
107,Raymond Andrews,grahamjohn@example.org,"851 Raymond Lakes South Antonio, IA 13625",2020-03-07
108,Tracy Haley,sarah44@example.net,"40167 Heather Islands Suite 414 Port Oliviamouth, ND 71954",2024-07-30
109,Tyler Bell,vlewis@example.org,"66929 Gilbert Squares Joseville, DE 79225",2023-08-28
110,Tiffany Quinn MD,derrick26@example.org,"962 Schmidt Villages Loweland, RI 68174",2020-07-31
111,Emily Orr,tadkins@example.com,Unit 0290 Box 3407 DPO AE 67940,2023-10-06
112,Grant Frey,kristen08@example.net,USNV Baker FPO AA 32296,2021-05-30
113,Ryan Hartman,alexandermaria@example.com,"2407 Elizabeth Drive Apt. 066 Port Michaeltown, TN 97088",2022-06-16
114,Gabrielle Woodard,mgriffin@example.net,"307 Faulkner Forest Monicaport, ND 71305",2024-01-28
115,Dawn Peterson,michellewilliams@example.net,"411 Williams Run Suite 934 Hodgesfurt, RI 73093",2021-12-26
116,Melissa Wong,azuniga@example.org,"PSC 0055, Box 8087 APO AE 51548",2022-09-05
117,Michael Cooper,ramirezraymond@example.org,"425 Patterson Inlet Apt. 963 Lake Angela, NE 50183",2024-08-09
118,Beverly Smith,molinaamy@example.org,Unit 5921 Box 7145 DPO AA 85636,2020-11-08
119,Travis Phillips,lhernandez@example.com,"6814 Miguel Landing Apt. 167 Coreyfort, WY 77789",2021-08-16
120,Mark Simmons,rjohnson@example.org,"3799 Mitchell Shoals Apt. 594 Laurahaven, KY 83599",2023-12-21
121,Joshua Mccarty,faith37@example.net,"03981 Ortiz Dam South Michael, GU 28088",2021-05-09
122,Katie Cole,perezmichael@example.org,"039 Gordon Light Apt. 987 Jacksonfurt, OK 84106",2023-11-22
123,Jennifer Young,wilsonkatelyn@example.org,"5114 Delacruz Lock West Amber, VT 95039",2020-03-24
124,Tracy Miller,cnash@example.net,"6749 Johnson Forks Apt. 877 Port Michele, SC 82001",2022-05-25
125,Joshua Mcconnell,martinezmartin@example.com,"11416 Chelsea Mount Suite 346 Tammieburgh, WV 88905",2022-11-29
126,Christian Lewis,steven70@example.net,"540 Wood Courts North Edwinville, NJ 90184",2020-06-04
127,Shelly Thomas,michaelmiller@example.com,"99015 Houston Islands Suite 096 Rivaschester, CA 48018",2024-06-06
128,Bryan Brown,mchen@example.net,"7910 Perez Summit Suite 517 Crawfordburgh, CO 66010",2022-07-09
129,Christine Robinson,qpeters@example.com,"74405 Courtney Road Apt. 259 Port Kelseymouth, DE 65627",2023-02-14
130,Maria Downs,donaldcharles@example.org,"265 Robert Course Suite 554 South Raymondstad, PW 38479",2024-04-17
131,Alec Jimenez,christopher04@example.org,"649 Clements Extensions Apt. 648 South Stevenmouth, NV 88372",2021-10-27
132,John Valdez,fletcherrebekah@example.net,"4104 Melissa Cliff West Caitlinbury, IA 29521",2021-06-13
133,Victor Williams,lauramiller@example.com,"5819 King Terrace Suite 862 Lake Sara, WY 21783",2024-02-22
134,John Harris,kvalencia@example.org,"11896 Rich Corners Hannahberg, MD 97390",2021-07-08
135,Amanda Kramer,castanedanicholas@example.org,"984 Keith Camp Apt. 956 Lake Michele, IA 04305",2020-10-09
136,Austin Wells,nklein@example.com,"PSC 9593, Box 9683 APO AP 81363",2023-09-07
137,Andrew Hammond,nicole87@example.org,"73779 Lutz Coves Jonesfort, AR 50063",2021-10-16
138,Tammy Wilkins,shawn64@example.org,"7152 Brenda Plain Denisetown, KS 83250",2021-03-22
139,Sierra Munoz DVM,mariewilson@example.net,"356 Sanchez Trail North Laurenbury, AR 89414",2024-09-16
140,John Chapman,reyeschristine@example.net,"42137 Mccullough Neck Apt. 256 Rogersfort, OK 42211",2023-07-21
141,Randy Dunn,steven05@example.com,"3941 Paul Vista Courtneychester, MD 55780",2024-07-30
142,Brittany Hendricks,alimelissa@example.com,"9863 Candace Fields Turnerton, MO 75980",2020-10-28
143,Cristina King,ronald58@example.net,"5615 Galvan Mountains East Tanya, MD 92090",2021-05-29
144,Jennifer Ramos,kenneth71@example.net,"57578 Gates Heights Port Janet, AZ 65596",2021-09-01
145,Lisa Chambers,spencerchristopher@example.net,"87410 Kelley Parkways Apt. 477 Port Anthonyside, GU 65834",2024-09-26
146,Gordon Ward,amy32@example.org,"92638 Gordon Lights West Peter, AS 54643",2021-10-14
147,Steven Gomez,andreaschwartz@example.net,"6678 Gary Roads Suite 590 Justintown, PA 05416",2021-01-22
148,Brandi Bailey,sandra54@example.org,"44377 Robert Club Suite 039 West Paul, PW 49495",2023-06-22
149,Charles Smith,martinfisher@example.org,"6560 Karina Lane Apt. 550 Smithshire, SD 40651",2023-05-18
150,Phillip Ramirez,pierceevan@example.org,"9698 Peter Lane Suite 326 Carolynmouth, UT 62871",2020-05-25
151,Lauren Gaines,christina96@example.com,"2183 Colton Ranch Apt. 216 Port Vanessahaven, GU 29347",2023-08-15
152,Kristina Nielsen,fthornton@example.net,"8069 Rogers Ferry Scottfort, NH 80566",2020-04-16
153,Lindsay Stein,michaelmorrison@example.com,"9799 Cook Alley Port Curtis, SD 75683",2020-07-20
154,Robin Stevens,slee@example.net,"38105 Figueroa Tunnel Port Michael, GU 67243",2024-02-12
155,Ryan Weeks,lopezjoseph@example.org,"233 Anthony Ports Josephhaven, OH 02343",2024-05-28
156,Matthew Moore,navarrobryan@example.com,"065 Ewing Squares Apt. 350 East Laura, ND 35808",2020-06-16
157,Cynthia Castaneda,kevin00@example.org,"670 Michael Tunnel Apt. 790 Lake Evelynstad, VI 83339",2024-06-17
158,Michael Andersen,websterryan@example.net,"10923 Danny Rapid Mathewton, AZ 23587",2020-08-22
159,Melissa Young,taylorsimmons@example.com,"4300 Henry Divide Suite 325 West Jerry, GA 61865",2020-02-02
160,Kristi Lee,joanjones@example.net,"02957 Christopher Isle Apt. 069 Jesseport, ND 83169",2022-11-10
161,Lisa House,xsmith@example.com,"227 Villanueva Island Apt. 620 East Lauren, ND 84216",2021-07-19
162,Zachary Taylor,williamsedward@example.org,USNV Roy FPO AP 38373,2021-01-22
163,Nicole Anderson,howens@example.net,Unit 6461 Box 4608 DPO AP 56906,2022-05-26
164,George Jackson,matthew92@example.net,"9593 Roberts Prairie Apt. 967 East Paul, KY 23632",2020-09-20
165,Tanya Anderson,brianmathis@example.net,"59078 Suzanne Spring Apt. 291 Port Robert, OK 08564",2021-05-17
166,Robert Holt,parkerpaula@example.com,"2899 Brooks Points Suite 027 South Robertbury, NM 75503",2021-05-08
167,Melissa Brown,kristin35@example.org,"933 Love Trail Suite 860 North Richard, SC 13734",2023-03-27
168,Ricky Ramos,greenjacqueline@example.net,"113 Shannon Underpass Greenside, VA 94354",2024-06-06
169,Kayla Hunt,cindy82@example.com,"9777 Barnes Mountain Lake Brittanyberg, OH 49510",2024-09-07
170,Steven Zuniga,jacksonbrooke@example.com,"825 Lutz Lights East Jennifershire, WV 60157",2021-01-17
171,Karen Medina,steven78@example.com,"92559 Jacob Turnpike Suite 638 Brittneyborough, TN 62454",2022-03-04
172,Marc Schmitt,brandonponce@example.org,"740 Wilson Place Wallsport, MI 38989",2024-08-02
173,Jessica Terrell,troyjackson@example.com,"6993 Logan Forest Suite 634 West Nicholas, NC 78181",2021-11-20
174,Robert Maynard,murphylinda@example.com,"89986 Acosta Place South Renee, ME 85357",2024-04-01
175,Anna Rios,christopher98@example.net,USNS Parks FPO AP 10746,2020-07-01
176,Dr. Bobby Rodriguez,fskinner@example.org,"1082 Andrew Shores Apt. 544 Williamsfurt, VA 62224",2022-12-31
177,Theresa Baker,mgonzalez@example.net,"674 Bass Divide Apt. 840 New Courtneychester, MP 62083",2023-03-01
178,Marvin Woods,cherryjacqueline@example.net,"71383 Jamie Club Apt. 866 Parkerburgh, NM 12617",2020-02-20
179,Debra Savage,robin54@example.com,USNV Casey FPO AP 81156,2024-03-09
180,Darren Tyler,elizabeth17@example.com,"396 Samantha Pike Suite 515 Whitefurt, TX 91164",2020-01-28
181,Crystal Clark,tboyer@example.net,"2367 Sydney Falls West Jamesport, UT 46835",2024-06-04
182,Sharon Martinez,ckhan@example.com,"299 Laura Trafficway Suite 074 Cartermouth, ND 99495",2022-09-28
183,Douglas Wells,amylowe@example.org,USCGC Carr FPO AE 57787,2024-05-21
184,Jennifer Davis,hannah96@example.com,"62263 Kelly Curve Apt. 880 South Breanna, OR 04140",2021-11-27
185,Breanna Garcia,angela67@example.net,"7470 Lewis Isle North Kimberlyport, ID 71661",2022-11-27
186,Marc Yu,jordanmueller@example.com,"14981 Padilla Coves Suite 702 Santostown, IL 33034",2022-03-14
187,Robert Gomez,joshua58@example.net,"30668 Lewis Walk New Destinyview, FM 42993",2020-10-17
188,David Reyes,steelelisa@example.com,"05299 Ronald Lake Beckerhaven, AL 59237",2024-05-14
189,Allen Martin,karenclarke@example.com,"04002 Sawyer Common Sarahstad, AR 09103",2024-03-18
190,John Mcmillan,rodriguezsusan@example.com,"1085 Evan Rest Port Eric, WA 30687",2023-03-03
191,Heather Hamilton,fcortez@example.com,Unit 8571 Box 8491 DPO AA 20724,2020-06-23
192,Gail Barnes,kennethlopez@example.com,"384 Yoder Avenue Jaimeport, MN 05307",2020-07-14
193,Bobby Schmidt,daniel15@example.net,"3735 Hart Hills Port Katherineport, VI 40156",2023-04-11
194,Zachary Day,wolfcourtney@example.net,"5805 Marc Fords Apt. 891 Lisabury, PR 15497",2021-03-24
195,Alex Mendoza,sandra00@example.com,"91259 Winters Lane Staceyville, NH 80728",2020-02-08
196,Tommy Perkins,anthonysanchez@example.net,Unit 2450 Box 4253 DPO AE 12735,2023-11-05
197,Andrew Whitehead,stephanie65@example.net,"8537 Eric Stream Apt. 002 Howardhaven, VI 17484",2020-07-01
198,Perry Flores,fitzgeralddevin@example.org,"0420 Jared Drives Garyberg, ME 42448",2021-01-26
199,Christopher Anderson,deanna43@example.net,"9076 Lori Groves Suite 198 Mcdanielmouth, DE 65528",2020-12-02
200,Chase Mcgee,cynthia51@example.net,"93372 Jocelyn Circle Jessicamouth, NE 50550",2022-11-01
201,Joseph Lee,santiagodanielle@example.com,"51491 Vasquez Mission Lake Jeremy, WV 98250",2023-04-07
202,Paul Chapman,leekevin@example.com,"308 Ryan Ramp Apt. 421 North Jonathan, AL 24687",2020-08-30
203,Erik Ortiz,ncook@example.net,"4439 Jason Coves North Jeffrey, AZ 71483",2021-10-04
204,Edgar Tucker,daniel40@example.org,"909 Nicholas Inlet Suite 578 Castroborough, AS 82242",2024-02-01
205,Cameron Cobb,mwilliams@example.org,"128 Brenda Causeway Apt. 292 North Timothy, NM 26491",2022-07-14
206,Rodney Cole,myersemma@example.com,"2697 Brian Square Millermouth, DE 40112",2021-04-13
207,Richard Payne,lorrainejenkins@example.com,"383 Bryant Valleys Oliviaton, KY 04283",2022-04-26
208,Lauren Ritter,jamie64@example.com,"84720 Stewart Street Hansontown, NE 33288",2023-04-17
209,William Johnson,dhorton@example.net,"0069 Susan Curve New Jamesview, AS 90474",2022-09-26
210,Jared Hall,michael57@example.org,"PSC 1471, Box 6254 APO AP 32829",2021-09-09
211,David Chavez,jamiemoss@example.net,"33957 Mitchell Dam Apt. 949 Stephaniefurt, KY 14762",2020-06-07
212,Joshua Davis,anthony63@example.org,"76407 Jim Fort Nicholeview, CO 95588",2023-10-17
213,Marissa Smith,reevesgene@example.com,"272 Christopher Branch Port Sarahhaven, NJ 18650",2023-04-22
214,Teresa Thompson,james86@example.org,USS Perez FPO AA 54282,2023-08-29
215,Bobby Jones,carrvictor@example.com,"PSC 8422, Box 7589 APO AA 89745",2024-07-13
216,Donna Hill,tjones@example.com,"8673 Allison Unions Suite 142 Cohenfort, NY 72563",2020-03-03
217,Lisa Thomas,james43@example.net,Unit 2256 Box 3264 DPO AA 51985,2021-07-17
218,Patricia Pierce,kkennedy@example.org,"096 Matthew Flats Suite 106 Lake Peterton, MA 57896",2021-10-03
219,David Mcbride,ravenbrennan@example.com,"71924 Wong Springs Suite 598 Goldenburgh, SD 42697",2022-10-06
220,Courtney Perez,caldwelljoseph@example.com,"6146 David Brook Apt. 205 Lake Jonathan, DE 41218",2022-01-11
221,Ricky Patel,julieadkins@example.org,"3284 William Lodge Davidborough, NM 44971",2020-05-20
222,Theresa Evans,wadams@example.net,"PSC 1395, Box 6382 APO AA 58010",2022-10-20
223,Mrs. Chelsea Ortiz MD,scott68@example.org,"2467 Jessica Trail Apt. 741 Hallbury, TN 75562",2020-08-10
224,Sue Caldwell,ngardner@example.net,"408 Anna Glens Suite 334 Deanhaven, WI 02268",2020-08-16
225,Brian Jones,nknight@example.net,"58271 Alexander Walk Suite 411 Grahamview, MO 92099",2024-09-08
226,Jimmy Anderson,rwalters@example.org,"PSC 9332, Box 7770 APO AE 23133",2023-08-27
227,Brandon Castillo,bishopcolleen@example.com,"4233 Kimberly Trafficway Port Kristinton, NV 08092",2024-05-16
228,Sheila Mendoza,patrickcunningham@example.com,"212 Reid Trace Apt. 543 Kellychester, MD 28505",2020-01-24
229,Tyler Kelly,gregory46@example.org,"94048 Deborah Parks Janetshire, MD 52950",2022-02-09
230,John Crane,munoznichole@example.org,"31491 Nicholson Villages New Brian, LA 34814",2023-02-12
231,Chris White,larsonstephanie@example.net,USCGC Foley FPO AE 40919,2023-10-23
232,James Smith,philip58@example.net,"38767 Moore Grove New Frank, LA 91926",2020-01-01
233,Susan Sanchez,johnchristian@example.net,"3597 Hannah Field Sandraland, HI 46967",2021-11-16
234,Karen Fox,ryanadams@example.com,"4064 Nash Passage Apt. 299 Jamiefurt, PR 27359",2020-11-19
235,Leon Russo,vanessahall@example.org,"509 Mills Courts Apt. 952 Nicholasbury, GU 38370",2021-09-16
236,James Mooney,twilson@example.net,"21208 Spencer Ports Dianaside, IA 89404",2021-12-05
237,Andrew Castro,petersjustin@example.com,"71834 Karen Hills Apt. 750 South Barbarafurt, MS 42166",2020-07-19
238,Dawn Thomas,terristephens@example.net,"2893 Edward Shoals Williamside, WY 83108",2022-04-09
239,Rhonda Chang,evansadrienne@example.com,"48781 David Harbors Suite 157 New Vincentborough, SC 31353",2023-08-15
240,Michael Klein,escott@example.com,USNS Thomas FPO AE 99855,2023-06-12
241,Kristen Harris,woodsleslie@example.net,"2758 Christopher Flat Suite 193 West Angelica, HI 46422",2021-04-14
242,Mary Cherry,jonescheyenne@example.net,"097 Donald Plains West Johnview, OR 84605",2021-01-29
243,Angela Mendez,mhernandez@example.net,"8397 Kimberly Fall New Priscilla, NJ 02873",2023-10-27
244,Katherine Mendoza,hughesandrea@example.com,"297 Sanchez Mount Melissafurt, PW 29584",2022-11-01
245,Jose Bradford,christophershort@example.net,"201 David Rapids South Robertland, MN 95605",2020-09-25
246,Ryan Hughes,yking@example.net,"9321 Martin Greens Suite 450 Laurafurt, AS 71477",2021-11-08
247,Benjamin Olsen,mallory78@example.net,"14568 Stevenson Trail Christopherburgh, PA 23799",2022-03-03
248,Christina Anderson,simpsonjose@example.com,"5022 Vaughn Plain Gutierrezville, WY 62358",2023-09-11
249,Victor Compton MD,richardmeza@example.net,"21957 David Road Apt. 984 Allenport, IN 40943",2024-09-25
250,Tammy Boyd,juanmiller@example.com,"5970 Smith Summit Port Shelley, NC 43300",2024-07-28
251,Lauren Nash,justin54@example.org,Unit 7780 Box 8490 DPO AE 38173,2024-04-15
252,Michael Valentine,kimberly18@example.com,"385 Campbell Corner Thomasbury, NC 17056",2022-11-10
253,Andrew Patrick,brian87@example.net,USCGC Stevens FPO AA 09264,2021-08-09
254,Shelley Donaldson,kiddelizabeth@example.org,Unit 5840 Box 9708 DPO AE 82086,2020-03-13
255,Kathleen Cruz,taylorraymond@example.net,"549 Parker Meadows Apt. 352 North Jenniferburgh, AR 56195",2020-07-07
256,Elizabeth Sanchez,stevenneal@example.net,"58634 Guerra Fort Suite 740 South Pamelastad, NV 63346",2020-09-04
257,Justin Adams,martinezvictor@example.org,"10375 Myers Cove West Elijah, TN 03696",2023-05-06
258,Heather Knapp,robertnorris@example.com,"801 Suzanne Rue West Davidmouth, DC 09101",2022-02-02
259,Timothy Benjamin,moonandre@example.net,"05111 Haley Lakes Scottborough, AL 14678",2020-06-28
260,John Valencia,calvin76@example.org,USNS Ward FPO AP 46736,2023-12-28
261,Dr. Thomas Lopez,frankguerra@example.net,"610 Joseph Greens Harrisport, TX 27070",2021-10-16
262,Carlos Lucas,johnsonmartin@example.com,"98911 White Harbor Anthonyland, ID 09661",2021-03-25
263,Morgan Wong,michellefranklin@example.net,"96638 Kayla Squares Suite 836 Colemouth, DC 44059",2021-05-24
264,Brian Spence,phillip21@example.net,"5307 Schneider Parkways Jasminemouth, WY 91243",2020-08-23
265,Kelli Gonzalez,qallen@example.com,"38886 Randy Flat Johnsonbury, IL 82520",2022-10-01
266,Debbie Owens,dwilliams@example.org,"45009 Jordan Track Suite 364 Matthewton, WY 74848",2024-06-09
267,Tammy Smith,joelove@example.com,"119 Lambert Hill North Jennifermouth, GA 71340",2023-11-22
268,Lauren White,gina73@example.com,"2506 Barrett Pass Wrightstad, FL 84410",2023-05-02
269,Scott Martinez,bmorrow@example.com,"PSC 5173, Box 3597 APO AA 70673",2021-12-10
270,Cameron Perez,jonathan94@example.org,"19719 Lambert Key Suite 639 Williamburgh, DE 87463",2023-04-11
271,Kathryn Bailey,makaylawilliams@example.net,"88146 Moore Stravenue Sophiafort, PA 00828",2021-02-17
272,Sean Smith,millersabrina@example.com,"5646 Elliott Spurs Suite 341 South Lisa, UT 69083",2020-06-29
273,Brian Mathis,rknox@example.net,"550 Williams Shores Lake Joseph, WY 18049",2024-03-25
274,Melinda Smith,mitchell86@example.org,"6550 Jade Fork Apt. 393 East Carrie, GU 51956",2023-06-24
275,Meghan Rivera,keithgardner@example.org,"52440 Karen Ville Lake Brittneyview, MN 10515",2020-07-14
276,Jason Compton,halvarez@example.net,"0556 Conley Alley North Johnview, UT 86063",2023-05-22
277,Blake Powell,xgreene@example.com,"82725 Marshall Estate Apt. 975 New Allison, HI 81745",2024-04-22
278,Dale James,allen61@example.com,"34829 Shannon Plain Port Shariton, ID 32922",2022-04-20
279,Krystal Wise,lynchdonna@example.com,"6861 Patterson Trail Suite 610 Castillobury, DE 85196",2020-06-14
280,Elizabeth Wells,zkirk@example.org,"74800 Kelly Common Apt. 506 East George, NV 14257",2020-09-12
281,Charles Peters,collierjustin@example.com,"PSC 3499, Box 8769 APO AA 67574",2022-07-15
282,Emily Woods,frodriguez@example.com,"208 Bryan Cliff Apt. 360 Matthewberg, RI 72610",2024-03-22
283,Carrie Coleman,gmclaughlin@example.org,"5917 Perez Mission West Edward, PA 84592",2021-08-22
284,Mary Miller,pashley@example.net,"PSC 9345, Box 3739 APO AE 17332",2024-04-09
285,Jennifer Lynch,jenningsgreg@example.com,"406 Webb Port Apt. 480 Williamsonland, CO 59241",2024-04-14
286,Mr. Dakota Johnson MD,laura45@example.com,"3196 Mitchell Gardens South Jenniferfurt, AK 89827",2021-01-25
287,Terry Downs,xwashington@example.com,"PSC 6572, Box 2649 APO AE 06756",2024-09-23
288,James Woodard,curtis06@example.org,"9267 Wilson Plain Apt. 666 Gonzaleztown, WY 83107",2024-02-13
289,Caroline Ward,sabrinanichols@example.org,"08387 John Glen Nathanielberg, IN 35177",2021-01-30
290,Suzanne Liu,lynnlambert@example.org,"663 John Stravenue Lake Walter, MD 54420",2022-12-18
291,Karen Smith,jillianchavez@example.org,"4336 Ewing Ridges Apt. 686 Tateton, NM 72308",2020-01-15
292,Jonathon Anthony,fullermatthew@example.net,"3171 Anna Dale Patrickmouth, MA 35636",2020-03-02
293,Joshua Bennett,erichardson@example.com,"4798 Jessica Manors Suite 376 West Andrew, NV 85042",2020-02-12
294,Brandy Bell,geraldroberts@example.net,"22095 Garner Isle Apt. 502 East Andrebury, AK 92783",2024-06-16
295,Susan Anderson,preyes@example.org,"9457 Martin Ramp Port Jillmouth, ND 33655",2021-03-10
296,Amy Willis,boothrebecca@example.com,Unit 4897 Box 8197 DPO AA 65553,2021-12-15
297,Angela Gross,theresa45@example.org,"0800 Murray Locks Smithstad, AL 79426",2022-07-06
298,Michelle Turner,miranda74@example.com,"046 Brian Circle Higginsmouth, SD 06672",2020-02-06
299,Lori Ruiz,jessica30@example.org,Unit 2231 Box 1843 DPO AE 51620,2024-08-09
300,Gary Wiley,mariahwise@example.com,"01835 Allison Greens Barbaraland, IA 93720",2020-06-12
301,Nicholas Higgins,qwilliams@example.com,"262 Jones Trail Apt. 864 South Shelly, WV 48174",2023-12-23
302,Tamara Hood,shanemorales@example.com,"6095 Patricia Drives West Davidstad, AK 52363",2022-03-05
303,Michael Short,mccoyroberto@example.com,"2271 Jack Rue Apt. 336 West Nathanhaven, SC 60759",2024-05-31
304,William Ruiz,turnerangela@example.com,"9768 Katie Shores Roachchester, VI 27687",2024-01-28
305,Donald Crawford,hunterjohnson@example.org,"900 Misty Haven Port Christopherview, HI 43423",2024-06-30
306,Lee Mccall,lucasbrian@example.com,"213 Dean Inlet Apt. 448 Coxton, NC 47706",2022-05-31
307,Andrew Bell,david24@example.net,"5013 Justin Points Apt. 904 East Matthewberg, SC 05241",2024-03-27
308,Robert Young,teresa82@example.net,"9247 Green Rapids Apt. 586 South Alexisville, VA 22725",2021-06-11
309,Cathy Hale,floressean@example.com,"305 Ibarra Village West Steveport, NE 98717",2021-08-02
310,Destiny Byrd,richard19@example.org,"07537 Wilson Isle Bradleystad, AZ 73068",2020-12-14
311,Ryan White,bensonkrystal@example.net,"4098 Taylor Knoll Suite 729 South Kevin, ND 93497",2021-07-18
312,Edward Herrera,nzimmerman@example.com,"3156 Gill Shoal Lake Davidchester, KY 59220",2020-05-11
313,Meghan Kane,denisemccoy@example.net,"8649 Graves Plains Hallhaven, PR 01360",2021-11-10
314,Edward Spencer,margarethines@example.org,Unit 3305 Box 1534 DPO AE 74762,2021-08-11
315,Dr. Julie Patterson,iperez@example.net,"95162 Lynch Street Suite 559 Leahton, CO 29353",2022-02-18
316,Mrs. Jamie Mayo,gregoryosborne@example.net,"555 Miranda Shoals Laneside, IL 07251",2023-10-18
317,James Dickerson,burkelee@example.com,"902 Melissa Streets Snyderland, UT 27356",2022-04-18
318,Jessica Bass,jason49@example.net,"2734 Allen Drive Port Angelica, FL 59308",2023-11-08
319,Stephen Novak,john27@example.com,"8402 William Burgs South Jeremiahmouth, MP 17612",2023-08-11
320,Renee Burke,eross@example.net,USS Alvarado FPO AP 17235,2023-05-19
321,Michael Weaver,traviscastillo@example.org,"396 Ross Ports East Jessica, NC 37105",2022-03-03
322,Frank Rodriguez,lcarter@example.net,"83951 Ryan Plains Apt. 646 Yuberg, ND 74834",2020-11-24
323,Russell Adams,wilsonjessica@example.net,"212 Ho Track Apt. 360 Andrewview, IA 48090",2021-12-14
324,Sean Gordon,ellisbrian@example.com,"8874 Samantha Centers South Elizabeth, ND 08656",2022-05-14
325,Curtis Zamora,nunezcarlos@example.com,"3483 David Curve Suite 154 Glennview, WY 92812",2024-07-26
326,Sydney Smith,hprice@example.net,"92321 Mark Causeway Suite 428 Elizabethmouth, KY 28894",2022-07-23
327,Christian Crawford,hubbardmario@example.org,"199 Susan Cove East Cody, ME 04882",2024-06-28
328,Hailey Mitchell,jhernandez@example.org,"5460 Herrera Extensions Timothyland, IN 69556",2020-08-22
329,Nancy Rios,annjohnson@example.org,"482 Price Center Suite 636 Hillchester, NM 47162",2020-08-23
330,Eric Orr III,harrislarry@example.com,"337 Carolyn Greens Suite 076 Port Michaelchester, AZ 86304",2021-06-01
331,Candice White,tarafriedman@example.com,"57525 Angela Island Port Tyronebury, OR 98483",2022-03-14
332,Lori Zimmerman,kevin24@example.net,"5136 Nicholas Motorway North Jillborough, PA 99785",2020-05-28
333,Lisa Clark,ghowell@example.org,"26819 Wilson Mountains Smithberg, MI 20865",2024-07-17
334,Amber Sandoval,warrenpatricia@example.net,"7856 Ellis Key Suite 310 Teresachester, MD 71552",2024-04-25
335,Michael Gordon,jhunter@example.org,"76462 Michael Rue Apt. 958 North Kristin, MS 80274",2024-01-21
336,Isaiah Rodriguez,chelseaburke@example.com,"10133 Timothy Ports Suite 720 East Williamport, IA 69587",2020-05-22
337,Patricia Foster,pburns@example.com,"4602 Amanda Isle Haroldchester, RI 47636",2024-04-06
338,Rick Welch,vasquezmark@example.org,"2525 Edwin Tunnel Apt. 460 New Kevintown, IL 05643",2022-04-08
339,Joseph Johnson,moontiffany@example.org,"575 Derrick Isle Apt. 381 New Kim, SD 13783",2020-11-03
340,Lee Garcia,carterkatherine@example.org,Unit 2942 Box 8524 DPO AP 84248,2021-04-27
341,James Young,pcarpenter@example.net,"5590 Martin Pine Apt. 045 East Jonathanland, IL 58477",2021-12-25
342,Joe Benton,vhouse@example.com,"4703 Martinez Gardens Bairdmouth, WV 22976",2023-11-17
343,Gary Benitez,morancrystal@example.org,"340 Jones Meadow Shelbyside, VA 52183",2021-11-06
344,Samuel Glenn,susankemp@example.com,"1984 Jay Lodge Nathanmouth, WV 87494",2020-02-20
345,Samuel Jones,christian92@example.net,"324 Johnson Village Meganshire, VI 13087",2023-11-03
346,Dawn Martinez,lauramurphy@example.com,"39871 Eric Ramp East Rogerstad, CA 89346",2021-02-08
347,Christina Morgan,marthalynch@example.org,"57256 Smith Shoal Suite 926 Walterston, MS 29508",2021-06-06
348,John Galvan,priceelizabeth@example.org,"8514 Warren Stream Suite 398 Lake Thomasville, MH 83300",2023-09-26
349,Wanda Elliott,kelly67@example.net,"28518 Mcdaniel Ferry Apt. 537 Wilsonland, CA 84526",2024-07-23
350,Jocelyn Cuevas,barbaralopez@example.org,"479 Gutierrez Ranch South Jessicafort, CT 70005",2021-04-12
351,Ronnie Williams,lisa87@example.net,"2073 James Crossing Suite 543 Campbellstad, MA 02233",2020-12-15
352,Desiree Miller,sarahcaldwell@example.org,"7135 Darlene Pass Charlesberg, PW 58815",2020-10-02
353,Veronica Rodriguez,wrogers@example.com,"2819 Schmidt Port Suite 630 Laurabury, MN 42739",2024-02-14
354,Melissa Mccormick DVM,howardchristopher@example.org,"2916 Andrews Greens Lynchport, PR 08444",2020-05-20
355,Morgan Roth,tommystewart@example.com,"498 Anthony Mountain Suite 612 Port Kellyview, RI 47221",2022-01-28
356,Mrs. Mary Miles,aschneider@example.com,"4525 Andre Club Suite 291 Maxwellberg, AR 69659",2020-04-17
357,Dr. Jason Humphrey,vwashington@example.com,"83423 Jason Greens Brownview, VI 74084",2020-03-15
358,Alan Delgado,christopher00@example.org,"499 Smith Common Port Frank, NJ 21887",2022-10-01
359,Robin Mullen,taylormark@example.org,"572 Joshua Wells Dayview, KS 82406",2022-05-03
360,Angelica White,dwilliams@example.net,"1323 Thomas Rapid North James, WA 81519",2021-07-23
361,Aaron Campbell,zsalinas@example.org,"0469 Anthony Ferry Apt. 200 Chadtown, TX 10858",2022-12-11
362,Mr. Jesse Moyer,ojones@example.com,USCGC Horne FPO AP 18728,2023-05-16
363,Kenneth Bradley,yclark@example.com,"9984 Petersen Stream Suite 137 Brandonton, IL 65290",2021-01-23
364,Ashley Carter,austin71@example.com,"19145 Keith Drive Suite 409 Lake Loretta, KY 40833",2020-12-30
365,Dr. Kevin Smith,qwiggins@example.net,"7113 Nguyen Locks Apt. 946 Cooperville, OK 44626",2022-10-06
366,Terry Allen,joneslisa@example.org,"2243 Peter Falls Apt. 129 Sandraton, OH 65865",2022-02-22
367,Sandra Jimenez,josesimpson@example.com,"2404 Guerrero Mews Suite 553 Tracyshire, AS 71933",2020-05-06
368,Chad Martin DDS,ronald97@example.org,"0741 Rebecca Fall Apt. 109 South Josemouth, NH 89936",2023-01-20
369,Samuel Hanna,cjordan@example.com,"1310 Cook Unions Apt. 364 Alexanderberg, IA 73249",2021-02-26
370,David Wright,vargasjohn@example.net,"53191 John Harbor Williamston, MH 64350",2022-06-02
371,Stacey Lucero,stephaniejohnson@example.org,"04258 Nguyen Parkway Lake Sherry, NH 58178",2021-05-08
372,Janet Dougherty,brianwilliams@example.com,"3186 Olson Roads Suite 385 Mirandaside, AL 42977",2024-03-03
373,Stephen Owens,mdiaz@example.com,"6611 Raymond Ridges West Colleen, RI 86458",2024-05-13
374,Erica Johnson,qparker@example.com,"8115 Lauren Flats Apt. 368 Johnnyberg, CT 61734",2022-06-25
375,Rodney Cooley,sheagerald@example.org,"39286 Evans Locks Apt. 969 Jillianberg, AL 91510",2022-06-09
376,Nicole Ortiz,tsmith@example.org,"3287 Erica Center Apt. 973 East Lindastad, NV 78234",2022-07-08
377,Jeff Fletcher,vincentsandoval@example.net,"793 Kelly Viaduct Hallchester, OH 37419",2023-08-01
378,Ashley Stuart,andrewcampbell@example.net,"1188 Thomas Squares West Maria, RI 18530",2021-12-18
379,Jason Rose,keithrussell@example.com,"760 Lindsey Parkways Port William, VT 54856",2021-07-10
380,Timothy Turner,robin77@example.org,"341 Avery Field North Aaronport, OR 22516",2024-08-24
381,Vanessa Howard,jill31@example.net,USS Maldonado FPO AA 33947,2020-12-01
382,Ms. Holly Wilkerson,petersonrichard@example.net,"2828 Williams Ferry Jenniferport, IN 62669",2020-03-18
383,Marcus James,kyle80@example.com,"033 Miller Locks Apt. 282 Sandersborough, IN 20925",2020-03-25
384,Mrs. Dana Sparks DDS,parkercrystal@example.net,"02931 Nicholas Heights Suite 040 Nicoleton, OR 05597",2023-01-16
385,Robert Church,priscillamitchell@example.com,"625 Colleen Island Kevinport, ND 97524",2023-06-24
386,Christopher Goodwin,debrachambers@example.net,"PSC 2744, Box 0222 APO AA 40964",2023-07-05
387,Jason Norman,dustingonzalez@example.com,"199 White Row Valeriechester, NE 76695",2023-11-06
388,Teresa Camacho,heather44@example.com,"63000 Blake Crescent Lake Jerryfurt, WY 65882",2023-10-08
389,Joshua Reed,kballard@example.org,"91242 Chelsea Expressway Lake Jillian, SC 27053",2020-11-22
390,Jeffrey Phelps,boyeralison@example.net,"4070 Ramos Meadow Lake Jessica, DC 39864",2020-07-18
391,Jason Ballard,christian35@example.net,USS Hicks FPO AA 24867,2020-07-07
392,Dylan Galvan,jasminlewis@example.org,"22911 Alexander Bypass East Candaceport, SC 88767",2023-08-13
393,Caitlin Hernandez,andrew74@example.com,"12243 Arroyo Fords Apt. 449 Port Sabrinamouth, DC 45537",2024-05-17
394,Timothy Garrett,rodneyhoffman@example.com,"71740 Kyle Keys Suite 753 Philipberg, KS 95704",2023-04-05
395,James Small,daniellemiller@example.org,"PSC 2142, Box 3648 APO AA 22577",2020-03-13
396,John Duncan,taylor19@example.net,"04217 Patterson Coves Apt. 968 South Richardland, VT 64943",2020-07-02
397,Daniel Hall,taylorshawna@example.org,"18964 Jacqueline Lights Apt. 973 Johnsonburgh, IA 61106",2022-11-03
398,Christy Garner,mrichmond@example.com,"458 Lee Parkway Suite 678 Kathleenbury, AR 24570",2020-01-03
399,David Morton,jamesdanny@example.com,"1886 Jasmine Ford Rileymouth, VI 49456",2024-02-23
400,Paul Conway,paigerussell@example.com,"51588 Michael Overpass Vanessaton, CA 59518",2021-07-09
