id,name,email,address,date_joined
1,Daniel Benson,westdavid@example.com,"284 Mills Inlet Apt. 271 Deborahburgh, NV 05359",2022-03-14
2,Cesar Torres,richardarnold@example.net,"260 Hutchinson Springs Suite 706 Williamchester, DE 00746",2024-05-28
3,Samantha Nichols,hburgess@example.org,"8733 Luis Tunnel North Jennifermouth, DE 06544",2023-05-12
4,Dr. Austin Larson,steve11@example.com,"3992 Rebecca Landing Charlesfort, IN 70199",2021-08-04
5,Jamie Martinez,freemanchris@example.org,"80840 Amber Lights Nataliestad, OH 03922",2020-09-10
6,James Roberts,bmay@example.com,"316 Leon Mount Bryantview, WI 08672",2021-09-03
7,Tiffany Robertson,annettemitchell@example.net,USS Valenzuela FPO AA 97990,2022-07-13
8,Joshua Prince,jessicatorres@example.org,"1171 Bradley Road Aprilborough, IA 07485",2024-06-08
9,Eric Curry,christine15@example.net,"8843 Theresa Courts Cesarmouth, WI 03660",2021-11-19
10,Walter Werner,emendoza@example.net,"02427 Scott Fork Suite 605 New Sarahstad, CT 91407",2020-09-10
11,Jennifer Allen,rosariopatty@example.com,USNV Davis FPO AP 60566,2020-09-10
12,Danielle Jones,ljones@example.org,"7032 Lori Canyon New Christina, DE 83929",2020-03-30
13,Christopher Ramirez,lutzgary@example.org,"962 Rodney Street Heathtown, DE 43752",2021-12-04
14,Tara Solomon,mirandahowell@example.com,"00218 Scott Pine Jacquelinehaven, CA 87588",2021-03-22
15,Crystal Cardenas,joseph68@example.net,"81566 Phillips Dale New Lesliechester, MA 01231",2024-02-28
16,Andrew Hall,samuel74@example.net,"306 Maddox Shore East Sandramouth, VA 11391",2020-09-07
17,Kimberly Kelly,kellyle@example.org,"487 Maria Fords Suite 603 Lake Matthewfurt, PW 53715",2021-02-23
18,Lisa Lynch,joanne41@example.net,"110 Nguyen Expressway Apt. 791 South Joshua, TN 07724",2022-07-08
19,Jamie Jordan,johnnguyen@example.net,"1212 James Motorway Suite 230 Toniside, CA 78201",2022-03-07
20,Shawn Murphy,annakennedy@example.org,"65907 Nancy Field Apt. 173 New Toddstad, KY 95557",2024-09-03
21,Michael Smith,mike06@example.net,"015 Gonzalez Brook Port Brianport, ID 96351",2024-02-07
22,Monica Sims,dawn44@example.net,"3928 Tran Vista North Kevinbury, MP 83686",2023-02-21
23,Lori Rodriguez,krista08@example.com,"64338 Baker Parkways Port Melinda, SD 55214",2023-09-18
24,Ronald Morrow,lisamiller@example.org,"22097 Bowen Branch South Steven, HI 01760",2020-11-23
25,Caitlyn York,sarahsullivan@example.net,"2802 Richardson Summit Suite 746 Ravenmouth, MA 10981",2021-04-04
26,Mr. Paul Mitchell PhD,melissa05@example.com,"904 Duffy Groves Apt. 364 East Amanda, DE 39583",2021-06-05
27,Natalie Davis,fbecker@example.net,"913 Mark Spur Hartmanview, WY 42718",2022-06-17
28,Valerie Stewart,hjones@example.net,"52856 Stewart Wells Suite 464 Lucasland, MO 36812",2024-09-03
29,Robert Jones,isaac76@example.com,"1848 Cynthia Wells Brandonland, AS 17450",2023-04-25
30,John Brooks,amartinez@example.org,"PSC 7415, Box 2003 APO AE 47462",2022-10-29
31,Kimberly Hodges,eric42@example.com,"36276 John Squares Port Johnstad, NC 26590",2020-03-05
32,Kari Anderson,rosalesryan@example.com,"202 Gabriela Ridges North Robertview, MS 25559",2020-05-31
33,Matthew Valdez,williamroberts@example.com,"786 Tiffany Haven East Jeremy, AL 16021",2023-09-23
34,Noah Roth,pchurch@example.org,USCGC Suarez FPO AA 13832,2022-09-22
35,Jessica Moore,matthewallison@example.org,"3007 Jeanne Falls Feliciafort, AR 03735",2021-03-31
36,Janet Ross,jenniferpugh@example.net,"607 Shirley Oval Suite 601 Lake Maxwell, CA 63018",2022-09-12
37,Dr. Stacy Shepherd,joshuachen@example.org,"900 Vaughn Islands Suite 059 Lake Michelleport, DC 17264",2020-03-03
38,Tyrone Stevens,novakcynthia@example.com,"5289 Carol Hollow Port Amber, VI 72877",2023-12-06
39,Jason Vega,bryanparker@example.net,"694 Roger Garden Youngberg, PA 96881",2024-05-03
40,Tammy Coleman,smallbrooke@example.net,"519 Burns Coves Suite 980 North Tammy, LA 15580",2020-08-27
41,Renee Brown,ekim@example.org,"475 Joanna Corner Suite 528 Port Brandon, CA 42637",2022-11-29
42,Damon Vargas,kelly71@example.net,"860 Jennifer Station Suite 579 South John, AZ 67025",2022-08-16
43,April Jones,leah23@example.net,"PSC 4924, Box 2020 APO AA 87272",2021-11-10
44,Kathryn Smith,amandarussell@example.org,"77236 Caldwell Port Suite 510 Port Erin, NJ 31645",2022-11-04
45,Diana Martin,sierraadams@example.net,"925 Wendy Turnpike Apt. 862 South Sandra, PA 88855",2023-12-31
46,Thomas Lewis,evelynwashington@example.com,"92609 Martinez Burgs Suite 454 Andrewshire, NV 15323",2021-08-23
47,Hayley Kim,callahanmaria@example.org,"260 Farmer Village Christinaview, CA 26852",2021-08-05
48,Teresa Whitaker,godonnell@example.net,"393 Cox Motorway Port Royberg, AL 07758",2020-02-25
49,Caroline Sims,dennispetersen@example.org,"05983 Amy Island Mcdonaldmouth, GU 70116",2021-09-02
50,Kristen Young,klogan@example.com,USCGC Rios FPO AP 94190,2020-06-09
51,Michaela Holloway,palmerjulia@example.org,"479 Erin Trail Suite 454 Savageton, KY 14927",2023-08-09
52,Tom Craig,sandra99@example.org,"041 Washington Ville West Susantown, IN 80901",2021-12-21
53,Jeffrey Mccarty,edwardcosta@example.org,"8515 Collins Point Apt. 121 North George, UT 02553",2022-09-29
54,Sara Kennedy,bonniethompson@example.com,"30003 Ricky Ways Apt. 246 New Deborahshire, MD 49243",2021-01-26
55,Patrick Simmons,brownmegan@example.org,"7010 Bradley Turnpike Suite 776 Oscarburgh, CT 73449",2023-12-10
56,Lisa Gutierrez,iestes@example.com,"27070 Kathleen Square Rollinsville, IL 99167",2021-03-20
57,Lisa Stokes,hickselizabeth@example.org,"13439 Parker Drive Suite 432 Daviston, TX 32197",2023-05-13
58,Karen Mendez,zschwartz@example.net,"39243 Mueller Fields Suite 482 East Valerie, NH 65692",2020-01-07
59,Mark Smith,allison34@example.net,"6039 Rodriguez Mews Suite 573 Villegasshire, OR 32250",2020-08-03
60,Lori Williams,jnolan@example.org,"34143 Kathy Lodge Suite 864 Nguyenfurt, NM 51918",2022-09-11
61,Jeffrey Campbell,farleyamanda@example.org,"8594 Ronald Roads Apt. 958 Sanchezville, NJ 23348",2021-03-15
62,Cindy Bennett,keith40@example.net,"879 Huang Island South Catherine, NC 28312",2021-04-17
63,Jenna Butler,paula11@example.net,"342 Cochran Rapid Suite 859 Hayesmouth, MA 80553",2023-10-19
64,Melissa Oconnor,zcox@example.com,"69187 David Dale Georgeborough, FL 10561",2024-04-28
65,Justin Mathis,kingraven@example.org,"55950 Benson Alley Suite 436 West Courtneyview, FM 11419",2020-09-25
66,Heather Rodriguez,washingtonrobert@example.net,"4391 Sharon Flats Suite 700 New Monica, SC 31737",2020-07-04
67,Robert Smith,sarabarnes@example.org,USNS Peterson FPO AA 83476,2023-02-21
68,Scott House,odonnellkatie@example.net,"6846 Roberts Crescent Turnerfurt, ID 17143",2024-09-28
69,Tiffany Hamilton,michaelrojas@example.com,"0577 Dwayne Hill Port Shannon, MH 21912",2023-11-23
70,Kevin Coleman,pagemelissa@example.org,"380 Palmer Island Apt. 767 West Debraport, WV 77077",2021-12-01
71,Mr. Barry Howell DDS,elizabeth97@example.com,"847 Patricia Road Apt. 938 North Joshuamouth, SC 18140",2023-10-27
72,Charles Ross,tina56@example.org,Unit 0726 Box 0933 DPO AP 22046,2020-01-23
73,Melissa Horton,dwilcox@example.com,"43382 Laura Harbors Pageborough, FM 83368",2020-05-11
74,Tony Wilson,nicholasramsey@example.com,"888 Morse Alley Apt. 578 New Andrewstad, LA 39645",2020-07-04
75,Joy Young,dunnjasmine@example.org,"7994 Russell Bridge Lake Cathy, MH 37882",2021-03-26
76,Joshua Cunningham,mooreleonard@example.net,"6684 Manuel Springs South Brittany, OK 21963",2021-08-27
77,Brittney Gonzales,eric46@example.org,"09090 Richards Station Vangmouth, OK 18273",2023-02-09
78,Mary Duran,christensenkristen@example.com,"5135 Robinson Mills New Yvonnehaven, NJ 01285",2023-03-18
79,Heather Williams,angela42@example.com,"86531 Ashley Ports East Davidside, MI 13163",2023-09-05
80,Anne Scott,cscott@example.net,"7682 Tara Ports Apt. 891 East Susan, AL 37575",2021-01-29
81,Helen Patterson,msmith@example.org,"0051 Smith View Lake Brittany, PA 79068",2022-03-19
82,Jamie Flores,qfleming@example.org,"3938 Jon Rest East Ebonyfurt, FM 65644",2021-07-14
83,Adam Knight,paula29@example.com,"242 Wesley View North Alejandra, HI 32624",2020-06-01
84,James Jones,johnsontodd@example.net,"45626 Jessica Harbors Lake Amberport, SD 55749",2022-08-21
85,Julia Carroll,misty57@example.net,"890 Kristen Roads Lake Nathanport, WI 49176",2022-11-17
86,Dominique Kaiser,matthew29@example.com,"50878 Jennifer Turnpike Apt. 353 Annefurt, WV 35188",2023-02-16
87,Patricia Rosales,alejandro96@example.org,"276 Jose Street Mendozaville, KS 90103",2022-09-15
88,Bobby Butler,jacqueline27@example.com,"030 Fox Prairie New Josephstad, FM 78694",2024-05-09
89,Anthony Horton,curtiseric@example.com,"814 Peterson Inlet Suite 608 Port Tamarashire, AS 40381",2024-05-01
90,Heather Brown,vpage@example.com,"352 Ortiz Turnpike Clarkburgh, LA 89233",2024-09-06
91,Karla Mitchell,kayla77@example.org,"8099 Amanda Parks Port Mary, VI 22207",2021-06-17
92,Kimberly Conley,zroberts@example.com,"PSC 9094, Box 2977 APO AE 05698",2023-05-19
93,Amanda Taylor,mgray@example.org,"19206 Graves Streets Suite 835 New Kendra, VI 41107",2022-11-02
94,Richard Zuniga,washingtonwendy@example.org,"2537 May Dale Apt. 720 Dianeborough, NC 54639",2021-05-09
95,Gina Chavez,csimpson@example.com,"2117 Ashley Tunnel Suite 538 New Jasonland, CO 94443",2022-10-24
96,Renee Moore,rachel36@example.org,"439 April Ramp Suite 687 Lorettaside, CO 53712",2021-09-03
97,Sherry Alvarez,osmith@example.net,"0489 Christine Underpass South Adam, NY 70996",2020-11-03
98,Gerald Meyer,samuelking@example.net,"414 Albert Drive Apt. 075 North Jessica, MA 63857",2022-06-02
99,Jonathan Harvey,qalexander@example.net,"40857 Morris Parkway Apt. 091 Glennside, MO 44945",2020-03-30
100,Megan Zuniga,freemanryan@example.net,"0661 Murphy Course Suite 764 North Megan, SD 31449",2024-04-21
101,Martha Herrera MD,cameron48@example.net,"965 Bowers Walk Suite 536 Mcculloughview, ID 67442",2021-02-03
102,William Mills,rebecca67@example.com,"01782 Carol Loaf Suite 109 South Micheleborough, NV 10850",2024-02-16
103,Chelsea Pennington,brian04@example.net,"3115 Diana Passage Apt. 749 Gonzaleschester, UT 56147",2024-06-25
104,Anthony Smith,manuelarnold@example.net,USS Scott FPO AE 99843,2020-02-24
105,Alexander Scott,gibbsderek@example.net,"PSC 7219, Box 7597 APO AE 63338",2024-08-08
106,Teresa Turner,odawson@example.net,"550 Fitzpatrick Club North Leslieside, IN 49435",2020-10-09
107,James Wang,derekestrada@example.net,"43604 Timothy Cliffs Suite 090 Robbinsbury, ID 47760",2022-11-12
108,Michael Coleman,lucasgarcia@example.org,Unit 3446 Box 2836 DPO AA 24296,2021-10-04
109,Jamie Phillips,dawn55@example.net,"75457 Payne Island Suite 870 South Alexandraborough, NJ 98031",2023-08-18
110,Kevin Walker,murphypaul@example.com,"85140 Jenkins Walks Nathanbury, DE 23136",2020-05-16
111,Michael Rogers,matthewmcdowell@example.net,"89045 Hardy Shoals East Rose, IN 63207",2021-10-10
112,Mrs. Carolyn Ayers DDS,meadowstracy@example.com,"642 Sara Dale Suite 611 Wadeville, WV 67844",2024-05-23
113,Jacob Fisher,victoriadavis@example.net,"2457 Lambert Pine Apt. 818 Reyesburgh, NV 36919",2021-10-10
114,Cory Pham,albert90@example.com,"33097 Juan Throughway East Adrianaside, NE 33663",2021-10-25
115,Daisy Harris,catherine98@example.com,"6939 Gregory Estates Apt. 861 New Stephen, KY 52942",2023-11-18
116,Amber Snyder,jamesgarcia@example.com,"9768 Hernandez Crossroad Suite 250 Lake Russell, AL 22017",2024-01-26
117,Shelly Garcia,gardnerjessica@example.net,Unit 4796 Box 6971 DPO AP 80393,2024-02-03
118,Diana Ford,david26@example.com,"132 Jenny Hills New Stefanie, VI 26284",2024-09-03
119,Natalie Carson,scottmoyer@example.com,"9522 Melinda Point Charlestown, MS 98723",2024-04-20
120,Kevin Cunningham,jennifer27@example.com,"6391 Kane Fork Amandaland, AK 91910",2021-10-13
121,Stephen Sawyer,ncarter@example.net,"5833 Ross Shoals Port Jonathan, TN 30976",2023-03-30
122,Steven Buck,jameshernandez@example.org,"9706 Ford Valleys Melendezshire, AK 15233",2022-10-28
123,Kimberly Hart,melissaforbes@example.com,"4572 Ryan Harbor Lake Tiffanybury, NE 02331",2023-03-09
124,Olivia Webster,thomas04@example.net,"6718 Perez Cliff Apt. 685 New Brandonshire, WV 35889",2020-04-09
125,Jennifer King,lindsey49@example.org,"409 Robert Hill Apt. 793 New Rachel, NY 80804",2021-01-15
126,Stephanie Williams,nicole53@example.com,"58172 Smith Estates Apt. 602 New Heathermouth, MO 63709",2023-07-30
127,Ryan Cruz,kjohnson@example.com,"592 Pamela Motorway Port Rebeccabury, IA 20517",2021-02-16
128,Alison Vance,darrengarcia@example.org,"479 Matthew Crossing North Jose, OR 72711",2023-05-19
129,Amanda Ellis,robinsonjacob@example.org,"07549 Hawkins Squares Port Tamarashire, FM 28815",2022-10-15
130,Ryan Lam,patrick27@example.org,"641 Robert Meadows West Richard, CA 02086",2021-05-23
131,Stephanie Quinn,zacharymcmillan@example.org,"80136 Preston Wall New Jeremyfort, LA 68682",2021-12-15
132,Nicole Donaldson,pamela53@example.com,"234 Watson Plaza East Jeffreyburgh, AS 17596",2021-07-08
133,Charles Bush,bernard70@example.net,"503 Ashley Cliff Coltonmouth, DC 95921",2023-03-12
134,Tracy Maldonado,markwilkerson@example.net,"53697 Douglas Trafficway Port Natalieville, NM 85810",2023-10-08
135,Sheena Williams,ghunt@example.org,"94476 Hunt Village New Douglasmouth, MI 77386",2021-03-15
136,Keith Allen,ycurtis@example.org,"371 Eddie Trail Susanmouth, MT 04435",2021-12-22
137,Timothy Harris,bakerjesse@example.com,"65593 Harrison Falls Apt. 197 Port Angel, SD 30574",2022-02-01
138,Neil Mueller,lindamoore@example.net,"53692 Andre Extensions Millermouth, WY 09051",2023-09-18
139,Beverly Reyes,jennifersmith@example.com,"5204 Thompson Trail North Jordanchester, KS 04399",2023-01-05
140,Jerome Wade,rgraham@example.org,"653 Samuel Way Suite 973 Middletontown, OK 79912",2024-04-23
141,Shannon Thompson,anthony75@example.com,"85904 Timothy Green South James, IL 91299",2020-06-16
142,Michael Buchanan PhD,timothymeyer@example.com,"7176 Bailey Villages Nguyenchester, WV 36582",2024-08-31
143,Mark Wood,sandra79@example.com,"5032 Jose Drive Suite 338 North Joseph, PR 41691",2022-10-11
144,Samantha Murphy,callahandavid@example.com,"05550 Dominguez Rest Lake Alexis, OK 73165",2023-10-18
145,Gina Thompson,vzhang@example.com,"51211 David Key South Craig, GU 06223",2023-06-20
146,Jennifer Martin,kathrynthompson@example.net,"8220 Andre Squares Apt. 522 Katelynview, VI 04282",2023-04-27
147,Kristina Davies,justinanthony@example.net,"30751 Kathleen Haven Apt. 076 Dianahaven, NE 36747",2021-01-06
148,Alyssa Marks,pgraham@example.com,"418 Autumn Center West Joshuaton, NH 52438",2024-03-25
149,Sarah Baker,angelperez@example.net,"66667 Curtis Fall Apt. 380 Michelleport, WI 46231",2020-07-06
150,Michelle Williams,rachelgibbs@example.net,"074 Lisa Springs North Dawn, DE 38282",2022-01-26
151,Edward Maldonado,jdavis@example.com,"71137 Hunt Forges East Mackenzie, DE 35381",2024-04-15
152,Erik Allen,cartermaria@example.net,"47402 Barrera Garden Allenstad, VI 88787",2020-01-01
153,Sarah Fuentes,joshua61@example.net,"72336 Washington Divide Barrettburgh, DC 33798",2022-07-15
154,Aaron King,uboyer@example.com,"79077 Andrews Drive Suite 534 Leslieborough, IA 79827",2020-10-01
155,Douglas Stephenson,youngmichelle@example.org,"12088 Chloe Forges North Desireeshire, MN 95258",2021-06-26
156,Christopher Robinson,dennismichael@example.com,"5802 French Plain Suite 476 North Justinstad, CT 29240",2022-08-04
157,John Harris,sfritz@example.org,"51036 Watson Harbor South Saraland, AK 90365",2024-09-10
158,Susan Hutchinson,dsims@example.com,USNS Caldwell FPO AP 05916,2021-05-03
159,Ricky Reed,xaustin@example.net,USNS Alexander FPO AP 84590,2023-02-22
160,Patrick Carter,imcmillan@example.net,"27281 Julie Harbor Suite 576 South Michael, KY 58237",2022-04-17
161,Kimberly Smith,joneshannah@example.org,"2880 Hall Valley Royshire, MN 44292",2022-02-07
162,Danny Jones,diane31@example.org,"0300 Lisa Drive Apt. 363 Lisamouth, VT 44844",2024-08-11
163,Patrick Melendez,wrodriguez@example.org,"63994 Kenneth Streets Apt. 240 Mclaughlinton, ND 18680",2021-11-09
164,Megan Potter,michaeledwards@example.org,"14827 White Inlet Apt. 043 Lake Johnburgh, TN 07557",2022-07-13
165,Marcus Fitzgerald,alejandra58@example.com,"1614 Anderson Causeway Kentville, SD 27544",2021-02-12
166,Heather Clayton,lopezmichael@example.com,"2751 Mckinney Junction South Brittanyburgh, MS 89738",2023-03-17
167,Brandy Taylor,jadechavez@example.com,"219 Steven Extension Port Carolyn, MN 17859",2024-07-28
168,Maria Johnson,csnyder@example.com,"5002 Smith Plaza Suite 674 South Jonberg, PW 22361",2023-09-10
169,James Swanson,sophiahenderson@example.com,"274 Dean Pines Apt. 578 Lake Jessica, NE 08308",2021-03-14
170,Donna Hartman,linda33@example.com,"667 Greene Park North Jasonchester, DE 80326",2022-02-17
171,Andrea Espinoza,lburns@example.org,"865 Murphy Heights Suite 010 East Catherinefort, NM 35500",2020-02-08
172,Julian Hendricks,louisreese@example.net,"545 Mia Forest Melanieview, DC 46329",2020-11-16
173,Jacob Rodriguez,vegakathy@example.com,"5535 Rodney Park Suite 787 West Benjamin, NY 49466",2024-09-30
174,Cynthia Rodriguez,fkelly@example.com,USNS Nicholson FPO AE 77032,2021-12-23
175,Michele Freeman,bstokes@example.com,"25420 Steven Key West Vanessa, AK 98646",2020-11-25
176,Micheal Hernandez,harpermary@example.com,"395 John Causeway Apt. 147 New Jamesshire, TN 31957",2022-08-14
177,Nicholas Leon,kerrthomas@example.net,"88031 James Lodge Juliebury, KS 87327",2020-11-18
178,William Miller,brodgers@example.net,"9766 Brandy Cape Suite 680 Port Patricia, MO 18098",2021-03-25
179,Anthony Blair,ychavez@example.org,"4597 George Square Duffyhaven, PW 88794",2022-12-22
180,David Edwards,megan76@example.org,Unit 8086 Box 7719 DPO AE 66642,2024-09-27
181,Nancy Campbell,kennethpowell@example.net,"47101 Morales Bridge Suite 229 West Janetland, CT 87325",2024-01-10
182,Jeffrey Oneill,zrobinson@example.com,"8988 Adam Crescent South Jenniferbury, RI 16491",2023-10-11
183,Allison Gardner,ccharles@example.net,"581 Kristen Islands North Tiffanyview, MP 51463",2021-12-21
184,Kelly Moore,paul42@example.net,"771 Gregory Knoll Brandonside, NE 45385",2023-09-26
185,Jacob Payne,teresamyers@example.com,"2293 Adam Lakes Jillianshire, MH 09760",2024-02-20
186,Alexander Diaz,randytaylor@example.net,"6815 Tiffany Cove Suite 170 North John, FL 91678",2023-01-19
187,Ronald Roberts,sarahdavis@example.net,"844 Jesse Course Apt. 478 Port Robertport, AZ 51124",2020-06-26
188,Tina Washington,jillian17@example.org,"4195 Jacob Passage West Lisa, WV 19687",2023-10-24
189,Steven Deleon,rdixon@example.org,"57362 Watkins Extension Bradleyberg, OR 81403",2020-12-29
190,Ryan Lewis,zterry@example.com,"8154 Jacob Union Suite 063 West Deborah, KY 62355",2024-09-27
191,Zachary Briggs,bonniewilliams@example.net,"71111 Chambers Centers Lake Tammyview, TN 16580",2022-10-12
192,Gwendolyn Donovan,bryanharris@example.com,"96390 Garcia Stream Brownmouth, LA 66159",2022-07-04
193,Rhonda George,donna68@example.org,"92026 Brown Hollow Apt. 601 North Toddfort, NC 59264",2020-11-14
194,Sheryl Mcfarland,michele50@example.com,"39687 Brad Mount Suite 553 New Michele, DC 75427",2020-08-19
195,Regina Oneill,istone@example.com,"4878 Herman Vista Larryborough, MH 68037",2023-03-19
196,Dennis Dawson,chad90@example.net,"736 Wilkins Rue Apt. 542 New Alexanderside, MN 90344",2022-08-07
197,Lisa Avila,cbauer@example.net,"378 Mia Shoal Patriciaport, AZ 74633",2022-10-20
198,Shelby Medina,kristyhernandez@example.net,"474 Robin Point New Randall, OH 32749",2022-09-29
199,Kenneth Watkins,zharvey@example.org,"13753 Joseph Forks Apt. 029 Katrinaside, WY 24957",2020-04-23
200,Mary Ray,uwhitaker@example.com,"52716 Richardson Junction Suite 938 South Alexis, GU 48911",2020-01-13
201,Stephanie Ho,eric35@example.net,"3203 Kyle Village West Lauren, KY 09527",2022-02-14
202,Cynthia Houston,crystalhill@example.net,"18118 Haynes Loaf North Alexandra, MD 96587",2022-01-14
203,Linda Beck,timothy17@example.net,"0936 Greer Oval Suite 841 Amytown, NH 13210",2024-04-29
204,Hannah Thomas,jose54@example.org,"71502 Wilson Parkway Suite 640 North Jimmy, SD 45255",2022-02-04
205,Laura Jensen,jessica90@example.net,"3038 Eric Club Carterland, MA 52022",2024-05-04
206,Willie Johnson,zgallagher@example.net,"38900 Baker Rapids Sarahchester, OR 90115",2020-02-15
207,Kaitlyn Holt,sarah33@example.org,"241 Luke Shoals East Caroline, PA 47685",2022-07-15
208,Donald Johnson,rebeccahoward@example.org,"89420 Bradley Club Rittertown, DC 31946",2024-02-05
209,Jesse Robertson,lcopeland@example.net,"8561 Roy Estates Lynchshire, IA 04943",2021-01-07
210,James Rocha,jose57@example.com,"332 Stone Plain West Lisaview, VA 16141",2021-09-06
211,Sean Morrison,michael00@example.org,"1736 Teresa Summit Apt. 602 Port Thomas, TX 25850",2022-02-27
212,Julie Williams,christina79@example.net,"2004 Brown Pike New Brian, MI 33503",2023-03-06
213,Jennifer Wilson,dylanjohnson@example.org,"6454 Berry Junctions Suite 937 Port Austin, GU 60028",2024-01-19
214,David King,scotthicks@example.com,"505 Adam Brook Suite 393 Jessicamouth, MO 20927",2023-06-11
215,David Kelley,pharris@example.org,"7891 Garcia Crest Lake Aaron, AS 03229",2022-09-19
216,Shannon Daniels,wperez@example.com,Unit 7295 Box 6398 DPO AA 76861,2022-12-31
217,Shari Smith,welchwilliam@example.org,"6858 Edwin Circles Suite 580 Michaelshire, NH 79091",2021-07-21
218,Angela Zuniga,johnjohnson@example.com,"719 Gibson Station Hollybury, AS 95930",2020-11-13
219,Anthony Hall,mitchellnoah@example.com,"487 Taylor Port Suite 739 Amandaborough, AR 35708",2020-07-10
220,Jamie Nelson,briangomez@example.com,"156 Wright Heights Suite 444 Lake Darryl, WV 97101",2022-05-23
221,Katherine Anderson,patricianelson@example.org,"570 Ashley Trace Suite 066 Alyssafort, CO 35157",2021-01-27
222,Denise Stephens,nicholas25@example.net,"92402 Johnson Street Suite 081 South Carol, FM 68546",2020-11-14
223,Jessica Moore,lindseyhenderson@example.com,USCGC Morris FPO AA 92515,2022-02-05
224,Lisa Mcintyre,katrina69@example.org,"4884 Taylor Knolls Apt. 864 Dannystad, LA 73213",2021-08-20
225,Dr. Edward Myers,nfisher@example.com,"9147 Shawn Harbors Heatherburgh, NV 57147",2022-04-29
226,Shawn Garcia,cneal@example.org,"7871 Christopher Cliffs Suite 653 New Caseyside, CT 35331",2023-01-28
227,Justin Pena,hcraig@example.com,"800 Hernandez Cliff North Timothyland, PA 14258",2023-06-25
228,Cody Thomas,gonzalezlisa@example.org,"97551 Mitchell Lights Suite 537 Robertoland, PR 04918",2022-04-19
229,Brandi Compton,dfranklin@example.com,"321 Brown Fields Suite 710 Karenberg, NE 60569",2022-02-09
230,Stephen James,cheryl84@example.net,"66587 Singh Village Burnettmouth, TN 76303",2023-09-14
231,Nancy Edwards,johngray@example.com,"2610 Esparza Circles Valeriebury, MO 72909",2020-01-05
232,Matthew Ward,herrerascott@example.org,"PSC 2412, Box 2628 APO AA 92863",2023-04-10
233,Jo Huang,sandranelson@example.org,"3221 Conway Causeway Port Alexandra, MP 41330",2021-10-15
234,Carol Odonnell,jay18@example.com,"3524 Rodriguez Glens Suite 200 North Jason, GA 31587",2023-07-02
235,Maria Williams DVM,fullerkathy@example.org,"509 Moore Cape Suite 294 Lake Brandonburgh, NJ 03577",2020-12-10
236,Jeff Todd,christophernewton@example.com,"690 Baldwin Streets Suite 668 Michaelton, AZ 83674",2024-04-03
237,Sherry Hull,grahamnatalie@example.net,USNS Calhoun FPO AE 48973,2020-11-25
238,Renee Maldonado,baileyrachel@example.net,"9260 Patterson Unions Hallshire, MN 15144",2024-01-08
239,Brandy Reid,mjohnson@example.com,"1739 Duarte Skyway Jacobsland, FL 96801",2023-04-23
240,Ashley Bates,joelmckinney@example.net,"093 Steele Rapid Stephanieton, VA 26232",2020-01-12
241,Jeffrey Johnson,tina90@example.com,"6120 Heather Divide Suite 727 Lake Kristinetown, VI 59555",2021-01-06
242,David Martin,thomaspeter@example.org,"898 Gates Ramp Port Glennfurt, WI 54600",2020-01-29
243,Joseph Robinson,rosejoshua@example.net,"3471 Flynn Port East Jefferymouth, AL 08580",2022-06-13
244,Angela Peters,ojones@example.org,"757 Richard Hill Carolland, NE 36575",2020-03-25
245,Dr. Michael Oneal,rreed@example.com,"55628 Anthony Parks Waltonmouth, AS 29711",2020-09-14
246,John Zuniga,dustingentry@example.net,"687 Elizabeth Via Kendrafort, KS 49183",2023-05-30
247,Robert Long,sschultz@example.net,"6094 Johnson Junctions Apt. 614 Grayfort, NE 66160",2020-11-23
248,Kevin Preston,ryanmoyer@example.org,"50589 Christina River Tylerbury, TN 80863",2021-08-17
249,Susan Davis,bakerkimberly@example.net,"98466 Harris Streets Zoefurt, IA 95330",2022-01-16
250,Jordan Weber,collinadkins@example.net,"45089 Taylor Court Suite 324 West Josephtown, MO 98934",2021-06-02
251,Emily Perez DDS,nelsonchelsea@example.org,"61333 Smith Parkways Apt. 307 Michaelborough, VA 77061",2023-02-19
252,Charles Mendez,igreen@example.net,"3607 Reyes Rapid Lake Brianmouth, OH 26247",2022-03-04
253,Meghan Hartman,derek18@example.net,"158 Walker Underpass Apt. 241 Wileyland, WY 80986",2020-11-02
254,Steven Davis,floydjessica@example.net,"2307 Jasmine Burg East Philipmouth, KS 27095",2023-03-05
255,Linda Thompson,kguzman@example.org,"4870 Moran Plains West Stevenview, ND 50981",2022-12-12
256,Gabrielle Thompson,melvinpope@example.org,"0615 Julie Mount Flynnside, VT 54963",2021-06-24
257,Stephanie Ross,wcollier@example.net,"9584 Brian Squares Suite 671 Janehaven, RI 38375",2022-10-10
258,Jacob Adams,michellebrown@example.org,"197 Phillips Roads Suite 478 West Christianberg, PA 55497",2024-07-17
259,Joseph Williams,joe53@example.org,Unit 5054 Box 1563 DPO AA 35647,2022-03-15
260,Michael Middleton,faulknerjames@example.net,"7569 Ana Prairie Apt. 841 North Ian, NC 39347",2021-08-27
261,Lisa Smith,xbarrett@example.com,"425 Thomas Greens Apt. 548 Chavezchester, PW 28300",2023-08-03
262,Miss Beverly Ruiz DDS,seandominguez@example.org,"240 Christopher Heights South Darleneton, NJ 79876",2022-06-02
263,Russell Frye,katherine26@example.net,"151 Davis Dam South Patricia, AK 48083",2022-12-30
264,Jessica Taylor,madison87@example.net,"83339 Melissa Valley Lake Sarahhaven, FM 52982",2021-04-01
265,Patricia Martinez,butlerbarry@example.com,"819 Aimee Plaza North Katherine, HI 58119",2022-11-24
266,Peter Briggs,smithchristopher@example.org,"1845 Young Branch Lake Benjaminland, CT 24637",2023-08-23
267,Michelle Lutz,ronald00@example.org,"436 Theresa Rapids South Tyler, WI 55243",2023-09-11
268,Jennifer Smith,charlenetanner@example.com,"65756 Lorraine Pass Stevenview, OR 31290",2023-04-10
269,Michael Roy,qjohnson@example.org,"978 Alvarez Circles Pachecoberg, AR 49702",2020-06-26
270,Andrew Shelton,lauradiaz@example.org,"015 Scott Corners Suite 228 Lake Robyn, VA 91748",2021-10-07
271,Scott Tate,udavis@example.org,"0016 Wright Inlet Suite 858 Susanbury, IL 90564",2022-03-16
272,Virginia West,rhodesleslie@example.org,"68817 Benson Bridge Murrayborough, UT 04950",2020-01-27
273,Belinda Bell,boonemorgan@example.net,"8487 Smith Manor Suite 358 New Colin, MH 51473",2024-10-08
274,Aimee Garcia DDS,amy34@example.net,"50173 Maria Road Apt. 697 Coxstad, NY 49705",2021-10-05
275,Arthur Washington,briana32@example.com,"74546 Padilla Overpass East Kristinaton, HI 09106",2021-11-25
276,Brandy Flores,owenscurtis@example.org,"86482 Peterson Centers Apt. 861 Josestad, GU 80678",2022-01-05
277,Adam Murray,jeffreyhayes@example.org,"99152 Brianna Rue Suite 482 West Amandahaven, IL 07669",2022-04-01
278,Joshua Anderson,ubarrett@example.org,"394 Christopher Turnpike Suite 005 Ryanburgh, KY 52545",2024-08-12
279,John Nelson,tshelton@example.com,"2890 Jessica Stravenue Apt. 372 New Meganview, MA 80471",2020-06-21
280,Katie Martinez,maydavid@example.com,"60528 Hansen Corner Apt. 398 Port Emilymouth, VA 89412",2020-11-17
281,Dawn Obrien,anthonycowan@example.net,"849 Nathan Station Lake Jessicastad, SC 16044",2020-01-05
282,Tony Gonzalez,brandon18@example.com,"705 Brenda Avenue Cherylstad, NY 35027",2022-04-03
283,Christopher Peterson,russellcarter@example.net,"590 Rodriguez Inlet Lake Johnton, MD 15244",2023-03-28
284,Kelli Marshall,randymiller@example.com,"6555 Lopez Springs Audreyton, ND 53210",2021-01-17
285,Susan Murphy,dana41@example.org,"79522 Craig Light Schultzside, DE 52860",2024-08-21
286,Peter Rivera,lauren06@example.net,"3507 Scott Grove New James, OH 69295",2024-04-08
287,Gabriel Young,marissastephens@example.org,"471 Mason Course Lake Matthewland, CA 85509",2020-03-23
288,Adrian Nguyen,ftucker@example.com,"73812 Justin Islands Klineport, UT 21654",2021-11-08
289,Melissa Watson,yatesjeremy@example.com,"3242 Stevens Mountain Suite 884 Conwayberg, NE 13454",2022-04-24
290,Shannon Gonzalez,fpowers@example.org,"2881 Michele Crescent Apt. 772 Lyonsmouth, NC 79705",2021-07-19
291,Katherine Long,lchavez@example.com,"1328 Garcia Shoal Suite 667 Lake Amanda, MN 95955",2020-02-16
292,Luis Sawyer,uklein@example.org,"191 Sheila Street Weaverfort, IL 07614",2023-12-11
293,Jeffery Wilson,twilson@example.org,"4082 Mueller Run Conleyville, UT 39596",2021-03-21
294,Jack Mathis,austin68@example.org,"8454 Gutierrez Burg Suite 496 East Bryan, PA 90342",2024-06-07
295,Brianna Reed,dspencer@example.net,"4880 Michelle Loaf Apt. 906 North Robert, NH 03450",2022-12-24
296,Kimberly Whitehead,mgonzales@example.net,"491 Wallace Square Suite 804 Port Paul, PW 26852",2023-05-07
297,Edward Vasquez,chanlindsay@example.net,"55735 April Plaza North Kevinport, MH 67892",2021-12-07
298,Kelsey Winters,emilyboyd@example.net,USNS Torres FPO AP 24727,2021-09-23
299,Amanda Sandoval,nfoster@example.org,"097 Michelle Run South Kelly, IN 73880",2021-07-29
300,Candice Welch,randywebb@example.net,"5250 William Road Suite 261 Lewisberg, MD 87685",2020-07-08
301,Tammy Rice,jpatton@example.com,"51768 John Station Taylorland, PW 33086",2023-06-27
302,Sarah Bradley,olivertyler@example.net,"451 Kimberly Fields Suite 201 Johnsonview, NM 79002",2023-08-08
303,Amy Higgins,wolfesuzanne@example.com,"5203 Holmes Mountain New Justin, VI 14758",2022-09-14
304,Katherine Snyder,rwilliams@example.net,"897 Michael Mountains Bennettland, IA 23265",2022-10-02
305,David Baldwin,gomezmonica@example.net,"07798 Rice Cove Apt. 660 West Ashley, NH 48245",2020-04-26
306,Rebecca Stevens,caleb32@example.com,"992 Vega Lodge Dianafort, IL 73850",2022-08-14
307,Michael Kim,mackjoseph@example.com,"4012 Wyatt Island Apt. 041 Avilaville, AS 80879",2020-08-13
308,Albert Acosta,jeffrey49@example.com,"915 Melissa Freeway West Lindsey, MT 50116",2023-12-20
309,Sara Cox,elizabethmendoza@example.net,"0702 Aaron Village Caseybury, NY 23567",2021-09-20
310,Karen Hensley,meyerkurt@example.net,"315 Phelps Valleys Suite 382 Harrishaven, PW 68056",2024-06-05
311,Mary Drake,garciatracy@example.com,"72314 Barbara Stream New Jessica, MS 19408",2023-04-21
312,Travis White,ycabrera@example.net,"512 Lopez Lakes Apt. 107 Markmouth, NE 25284",2020-12-12
313,Amy Davis,eatonchristopher@example.net,USNS Harrington FPO AA 36733,2022-12-24
314,Jessica Jones,yholt@example.com,"84285 Kimberly Alley Suite 649 North Angelahaven, NH 85072",2023-04-28
315,Katie Johnson,vyork@example.com,"120 Catherine Court North David, CT 70936",2022-06-23
316,Thomas Evans,megan24@example.com,"491 Margaret Hill Patricialand, MS 51905",2020-10-30
317,Jamie Alvarez,jessicamartinez@example.org,"287 Kelly Inlet Apt. 865 Patriciatown, KY 57464",2024-10-04
318,Sarah Fox,elizabeth07@example.net,"755 Williams Glens Port Elizabeth, PA 14092",2020-12-18
319,Zachary Morales,saramiller@example.org,"137 Joanna Springs Suite 996 Lake Racheltown, IN 65672",2021-05-14
320,Karen Dickerson,jimmyweaver@example.com,"2431 Shannon Rest South Tinaburgh, MN 67674",2021-03-26
321,Mallory Wolfe,steinscott@example.net,"4789 Gonzalez Mountain Lake Christopherton, HI 16273",2021-03-03
322,Tracy Pittman,holson@example.com,"64169 Jones Centers Suite 638 Port Donna, MN 95693",2020-08-31
323,Maria Cunningham,darius01@example.com,"014 Cox Turnpike Apt. 866 West Traceyton, FM 32212",2020-10-18
324,Matthew Garcia,edunn@example.net,"2720 Alexander Squares Stevensville, TN 45075",2020-08-02
325,Matthew Ramos,scottjennifer@example.org,"79708 William Cliff Apt. 196 East Natalieville, CT 61066",2020-12-22
326,Jill Lee,brucenatalie@example.com,"5817 Silva Curve Apt. 785 Joburgh, NM 97822",2021-12-25
327,Kathleen Hays,tinaclark@example.net,"150 Burton View Port Anneberg, DE 71325",2021-01-04
328,Dawn Watkins,gomeznathan@example.org,"69214 Rowe Street Williamfort, MO 11459",2022-05-19
329,Brenda Thomas,xbutler@example.org,"0658 Perez Curve Apt. 660 Lake Nicole, WV 50104",2023-02-03
330,Renee Pruitt,patricia23@example.net,"37411 Terri Springs Hendricksland, MN 80334",2021-12-13
331,Christopher Khan,brettwhite@example.com,"690 Kelly Valley Michealview, MN 05461",2024-05-31
332,Amanda Black,steven18@example.com,"2883 Johnson Junctions Katelynton, KS 15280",2023-07-29
333,Robert Ruiz,mary28@example.org,"46910 Duran Expressway Apt. 291 Milesburgh, MA 27122",2024-03-19
334,Casey Brown,jessica53@example.com,"3075 Crystal Vista Mcgrathburgh, VI 26525",2021-03-21
335,Tony Reilly,beckerbrian@example.com,"300 Laura Park Rodriguezhaven, PW 15781",2021-11-24
336,Cody Lopez,kaitlynhernandez@example.org,USNS Mathews FPO AA 87782,2024-07-16
337,John Brown,ndouglas@example.com,"87248 Nichole Shore East Johnside, GU 82553",2024-05-19
338,Stephanie Williams,daniel36@example.net,Unit 7618 Box 9397 DPO AE 18328,2020-03-17
339,Alexander Cain,danielhill@example.net,"391 Nicholas Alley Zimmermanshire, TX 60871",2020-03-05
340,Morgan Norris,weaverantonio@example.org,"46454 Kathryn Inlet Apt. 598 Hayesville, GA 58893",2022-10-31
341,David Mendoza,audreyvazquez@example.org,"PSC 5090, Box 0332 APO AP 85974",2021-03-25
342,Danielle Odom,scurtis@example.net,"7001 Ricardo Flat Apt. 220 Kellymouth, DC 04025",2022-12-15
343,Joshua Marquez,nancyhowell@example.org,"5099 Brandon Fork Suite 084 East Sarahstad, KY 09571",2021-09-19
344,Christopher Smith,laura84@example.org,"027 Karen Lakes Ronnietown, GU 02225",2021-09-04
345,Shelia Tran,grantmichelle@example.com,"667 Weaver Courts Suite 421 West Carlos, AZ 75536",2020-08-05
346,Mrs. Laura Brewer,maria02@example.net,"7876 Skinner Brook Richardfort, MS 62581",2022-12-21
347,Melissa Dawson,adean@example.com,"5124 Lauren Village Suite 193 Bakerville, WA 30004",2020-05-08
348,Donald Hunter,osalazar@example.com,"815 Acevedo Points Jasmineland, IL 74232",2023-04-29
349,Ashley Lewis,noah11@example.net,"502 Hicks Rest Apt. 456 New Andrea, LA 80735",2021-04-30
350,Blake Campos,oortiz@example.net,"10978 Angela Springs Suite 345 Cruzton, OR 82860",2020-10-22
351,Daniel Weaver,vbrooks@example.com,"74311 Lamb Corner Suite 011 Jeffreyhaven, MI 83930",2023-07-17
352,Leslie Parker,samuel12@example.net,"6712 Richard Harbor Suite 617 South Jenniferbury, MA 22245",2023-04-01
353,Marissa Wilson,greenbrandon@example.com,"PSC 8429, Box 7828 APO AP 88063",2024-05-26
354,Alexander Jones,justinshaw@example.net,"7523 Yvette Shoal Apt. 342 West Rhondaton, PR 26514",2020-11-28
355,Steven Thomas,pwallace@example.org,"4859 Linda Stravenue West Katieport, WV 37200",2023-07-30
356,Donna Lewis,jenniferharper@example.net,"480 Underwood Falls Emilyport, AK 96785",2023-06-06
357,Jason Rodriguez,davidjohnson@example.org,"2726 George Via Guzmanmouth, NC 04375",2024-01-19
358,Michael Ramsey,laurathompson@example.org,"8189 Brian Lock Suite 933 North Samuel, ME 48101",2023-04-13
359,Kenneth Hughes,christinawarner@example.com,Unit 1808 Box 1423 DPO AA 91161,2020-02-26
360,Justin Garcia,nguyenjeffery@example.org,"3259 Valentine Inlet New Amanda, AK 00704",2020-05-02
361,Jessica Crawford,qedwards@example.org,"40002 Salinas Mall Apt. 628 Lake Samanthaport, TX 36697",2020-09-16
362,Diana Rivas,ebutler@example.org,"24010 Sarah Port Williamsonstad, AZ 50110",2022-08-17
363,Theresa Hernandez,dana11@example.net,Unit 3034 Box 8088 DPO AA 39663,2022-07-01
364,Jason Nelson,kerrigalvan@example.net,"09194 April Extensions Susanton, VI 26468",2023-07-31
365,Mrs. Natalie Sanchez,brandy19@example.org,"PSC 5350, Box 6783 APO AP 31148",2020-10-09
366,Frederick Bartlett,frylisa@example.com,"8694 Lee Village Daltonbury, FL 87517",2022-08-15
367,Vanessa Rodriguez,lgarner@example.net,"7124 Nicholas Common Suite 320 South Matthew, OK 74007",2022-12-13
368,Kristen Smith,david09@example.net,"4549 Brett Ford Andersenfort, WA 11999",2021-05-25
369,Kyle Bartlett,ayoder@example.com,"80099 Lisa Port Apt. 324 Tannertown, MT 72855",2024-10-03
370,Jacob Anderson,roy39@example.org,"2737 Kendra Street Suite 460 Lake Robertborough, IL 61855",2021-03-28
371,Zachary Bruce,hodgesrobert@example.org,"99318 Dalton Dam South Jessicaview, WI 67453",2020-06-29
372,Anna Wiley,conniebaker@example.org,"470 Johnson Crossroad Suite 148 Loriland, IA 90647",2020-09-24
373,Katherine Williams,derek90@example.net,"43349 Michele Mountains Richardbury, WI 39638",2021-04-29
374,Christopher Bauer,brewersarah@example.net,"456 Cheryl Ridges Suite 696 Port Joefort, WI 44547",2023-12-18
375,Christopher Gonzales,christopherhawkins@example.net,"39194 Aaron Canyon South Gailfort, ID 18948",2023-06-11
376,Jennifer Forbes,yyang@example.net,"8450 Kelsey Highway Loganshire, ME 49693",2024-06-08
377,Kelly Taylor,micheal07@example.net,"PSC 9254, Box 2967 APO AA 81712",2020-10-03
378,Meghan Martinez,michaelnelson@example.net,"80993 Melissa Port Apt. 313 North Timothy, AK 03723",2020-10-13
379,Victoria Mason,schmidtlaura@example.net,"97373 Katelyn Brook Michellemouth, NM 33952",2021-07-25
380,Lisa Cannon,fergusonjacob@example.com,"861 Jonathan Forges Calhounchester, KS 15055",2020-03-16
381,Amy Charles,carlosmueller@example.com,"1687 Edward Island Suite 084 Port Joseph, KY 09415",2022-01-26
382,Billy Guerra,jeffrey85@example.org,USCGC Wilson FPO AE 68729,2023-12-02
383,Natasha Turner,jonesjessica@example.net,"30981 Chambers Crossing Lake Pamelastad, NE 16002",2020-08-28
384,Michelle Smith,yorkchristina@example.org,"0719 Reed Plaza New Saraville, WV 47754",2023-10-05
385,Michael Campos,drusso@example.net,Unit 6401 Box 2789 DPO AA 93281,2022-06-13
386,Kimberly Little,marquezmichelle@example.com,"9456 Michael Mills New Jimmy, MP 79575",2020-10-01
387,Juan Flores,brianaallen@example.com,"52198 Steele Terrace North Cameronmouth, LA 35544",2023-04-25
388,Christopher Contreras,ghill@example.org,"5042 Thomas Mill Suite 993 Blackmouth, VT 98430",2022-01-31
389,Mark Lowe,torrescory@example.org,"92440 Rose Mill Apt. 297 Williamstad, ID 84636",2022-04-10
390,Daniel Stein,fsalazar@example.net,"9225 Young Mountains North Kristafurt, ME 95750",2022-06-24
391,Jared Lambert,wagnerallison@example.org,"274 Sarah Stream Apt. 385 Hendersonburgh, DC 78702",2020-01-26
392,Bernard Sullivan,bryanpaul@example.net,"29712 Christian Neck North Davidport, UT 84218",2021-01-25
393,George Clements,donald42@example.com,"664 Wolfe Parkways Lake Carolyntown, PW 31600",2020-06-08
394,Deborah Holland,christophercalhoun@example.org,"406 Harper Run West Amandaton, DE 79696",2023-02-01
395,Travis Gardner,padams@example.com,"903 Andrea Rapids Port Brianna, MO 99540",2020-12-19
396,Frank Hughes,burkejames@example.com,"2460 Griffin Springs Apt. 052 Port Keithhaven, NJ 79163",2021-11-05
397,Jennifer Jackson,nicole22@example.net,"5753 Lori Fall Suite 332 Lindashire, PR 28223",2024-10-04
398,Anna George,wolfdavid@example.org,"3687 Adams Track Suite 085 West Lisa, FL 25214",2023-03-10
399,Jason Robbins,jamesestrada@example.com,Unit 6152 Box 1384 DPO AA 07305,2024-09-27
400,John Weaver,matthew25@example.com,"92974 Small Port Richardville, RI 05705",2021-01-04
