id,name,email,address,date_joined
1,Shelly Collins,kshepard@example.org,Unit 9100 Box 0894 DPO AA 28306,2020-01-06
2,Samantha Cruz DVM,bspence@example.com,"716 Vance Landing Apt. 083 Tuckerland, NJ 39293",2022-09-10
3,Jacob Kennedy,sbuchanan@example.org,Unit 4582 Box 1593 DPO AE 84876,2022-02-12
4,Mrs. Mary Scott,guerrerobenjamin@example.com,"9889 Shane Keys Amyfort, NH 80492",2023-01-11
5,Michael Floyd,rallen@example.net,"316 Harris Drives Jasonmouth, VA 02007",2024-04-03
6,Henry Good,raymondshepherd@example.org,"836 Fields Green Smithstad, RI 83481",2022-01-23
7,Stephanie Chen,duranbrandon@example.com,"PSC 3387, Box 2170 APO AE 96181",2023-06-14
8,Rebecca Carr,marypacheco@example.net,"239 Kimberly Lake Wolfeview, LA 70242",2021-12-07
9,Joseph Butler,evanspatricia@example.net,"2686 Harry Junctions Apt. 613 North Daisyshire, OK 15339",2021-08-31
10,Roberto Dorsey,stephanie36@example.net,"301 Pamela Way Apt. 022 New Jamesmouth, IN 36845",2022-07-26
11,Shawn Harris,brownraymond@example.org,"PSC 4599, Box 6325 APO AA 28372",2024-02-08
12,Juan Wheeler,mackenzie38@example.com,Unit 0008 Box 9020 DPO AA 14690,2020-02-17
13,Adam Davis,nicholas28@example.org,"853 Wendy Dam Port Elizabethchester, OR 12327",2021-05-31
14,Joel Powers,knelson@example.com,"67973 Samantha Well Suite 147 New Susanstad, KS 66757",2023-05-08
15,Colin Rangel,robertwright@example.org,"16126 Huff Village Suite 604 Watsonville, ME 02727",2021-08-19
16,Sarah Herring,hayssara@example.com,"20892 Davis Skyway South Jillhaven, NJ 46493",2024-05-03
17,Michael Aguilar,johnsonalexa@example.com,"4782 Kristopher Crossroad New Jonathanburgh, NE 56781",2023-11-06
18,Ronald Scott,lori19@example.org,"0013 Joshua Corner Suite 908 North Drewburgh, MO 07676",2022-09-25
19,Jeffrey Mahoney,littlewilliam@example.org,"16197 Little Springs Elizabethshire, GU 87281",2020-07-13
20,Debra Schwartz,katiesosa@example.com,Unit 2437 Box 2145 DPO AP 59902,2020-01-04
21,Mary Young,phillipmorris@example.net,"3627 Debbie Cove Carrshire, MD 53315",2022-03-15
22,Molly Mccoy,elizabethwhite@example.com,"0924 Vega Branch Suite 594 Johnsonchester, OR 93361",2024-08-29
23,James Gallagher,grussell@example.net,"38094 Todd Plains Gabrielfort, SD 09631",2020-12-31
24,Christina Kane,shepherdcarl@example.net,"4927 Robert Harbors Lake Christinaside, AS 33259",2020-10-10
25,Gabriel Zimmerman,bensontimothy@example.net,"5005 Sanders Fort Apt. 674 Parkshaven, PR 08295",2023-10-18
26,Gary Dennis DDS,melissa03@example.com,"49845 Morales Valley Suite 123 North Andrewborough, CT 02729",2022-07-19
27,Michael Hamilton,reyesannette@example.org,"03826 Alexander Shoals North Lisafort, PW 32226",2024-03-10
28,Michael Chang,mjackson@example.org,"793 Erika Garden Lake Scottport, OR 50572",2022-08-13
29,Michael Moore,david97@example.net,"3928 Nicholas Trail Apt. 140 Lake Sydney, VI 27542",2023-06-09
30,Mrs. Brandy Williams,susan39@example.com,"60779 Gordon Neck Suite 996 Port Kathleenbury, LA 05562",2021-08-27
31,Jennifer Lane,malonederrick@example.com,Unit 7281 Box 8559 DPO AP 88905,2023-01-18
32,Joseph Hoover,michaelwilliams@example.com,"2185 Rosales Lake Suite 863 South Lisa, AR 37252",2022-03-29
33,Hunter Bauer,allenpaul@example.org,"4804 Nguyen Throughway North Justin, NY 48965",2024-06-19
34,Elizabeth Richards,nathanielfowler@example.org,"553 Christopher Greens Suite 400 West Gordonville, KY 43928",2022-11-09
35,Tracy Adams,taramcintosh@example.org,"528 Rowe Harbor South Raymond, ND 26229",2020-01-28
36,Linda Ramirez,nelsontravis@example.net,"072 Jones Track North Karen, ID 23861",2023-05-02
37,Adam Figueroa,emmawright@example.net,"234 Charles Prairie Apt. 466 East Kristyton, NM 71279",2022-05-18
38,Martha Logan,martinezantonio@example.org,"496 Megan Roads Lake Mark, MA 88741",2022-12-21
39,Alyssa Alexander,melissa68@example.org,"698 Steven Corner Apt. 642 Port Jeremyton, OH 65980",2022-01-19
40,Holly Sandoval,jennifer95@example.com,"3240 Kimberly Springs Apt. 530 Zacharytown, GU 12625",2023-04-18
41,Lisa Dyer,tiffany65@example.org,"198 Rivera Path Pattersonstad, MN 83114",2023-03-12
42,Mary Perez,steven66@example.net,"83324 Chad Centers Suite 812 Dennishaven, AK 09214",2022-06-14
43,Todd Snyder,hhunter@example.org,"995 Boyle Mountains Apt. 896 East Joseph, HI 03908",2021-09-11
44,Chloe Richardson,kristinfuentes@example.org,"8190 Joshua Extension West Diane, MD 14120",2023-02-20
45,Ronnie Dawson,pirwin@example.org,"310 Blevins Rest Brianfurt, WA 57700",2021-09-18
46,Veronica Quinn,kevin78@example.com,"68606 James Cove Apt. 028 Lake Katherinebury, AL 18944",2020-05-16
47,Wesley Shaw,brownmonica@example.com,"201 Michelle Avenue Apt. 830 New Kathleenchester, SC 89781",2020-05-11
48,Brenda Norton,hphillips@example.net,"279 Gary Unions Apt. 650 North Barry, WV 07678",2024-07-19
49,Robert Johnson,elizabethjones@example.net,"1725 Reid Groves Apt. 428 Lake Curtisland, NY 65800",2021-12-03
50,Richard Johnson,moodyrobert@example.com,"38016 Cassandra Ville West Daniel, AK 94087",2021-07-27
51,Mr. Michael Harris DVM,marvinharvey@example.net,"7316 Joseph Squares Suite 212 Lake Samuelchester, TN 35540",2023-11-21
52,Charles Williams,reyesdouglas@example.net,"64855 Glenn Squares Hayesland, MD 38607",2023-09-04
53,Charles Morgan,holmesbrent@example.com,"418 Wright Streets Rioschester, MO 66810",2021-04-07
54,Manuel Conley,uhorton@example.org,"647 Dean Fields Suite 298 Brownshire, ID 28683",2022-05-10
55,Eric Brown,oliviacontreras@example.com,"209 Curtis Isle Apt. 544 North Gerald, GA 16159",2021-06-30
56,Scott Hooper,morrowedward@example.com,"235 Brian Hills Bradfordburgh, AZ 85462",2023-11-21
57,David House,glee@example.com,"97615 Gabrielle Forge Suite 633 Peterburgh, ND 56002",2024-01-13
58,Shawn Vaughn,alyssaatkinson@example.org,"000 Wheeler Highway Rachaelton, GU 07437",2022-02-22
59,Valerie Hines,karlclark@example.org,"6713 Joseph Well Suite 649 Staciemouth, TX 83694",2024-07-15
60,Brian Henry,jenniferkerr@example.net,"9782 Shawn Street Apt. 009 East Frank, AR 21346",2020-08-18
61,Robert Gates,gina83@example.net,"5808 Summers Groves Apt. 154 Brianbury, SC 75661",2024-05-03
62,Tracy Walsh,peterwade@example.org,"363 Lisa Forge Gailview, NV 93358",2020-05-27
63,Julie Reed MD,mcguiremelissa@example.net,"946 Abigail Views Apt. 926 Walkerside, UT 14392",2022-06-18
64,Miranda Romero,heathermckee@example.org,"084 Robert Common Suite 940 North Jessechester, NH 99011",2020-03-08
65,Samantha Sanchez,wlopez@example.com,"813 Henderson Summit New Lauraville, VI 21715",2020-11-02
66,Stephanie Mendez,wpage@example.com,"2794 Barnett Mill Suite 761 West Kenneth, WV 93485",2023-07-11
67,Tina Parsons,waltonearl@example.org,"5990 Teresa Avenue Apt. 523 South Janetmouth, NJ 23744",2021-01-31
68,Luke Rodriguez,kelleykristin@example.net,"279 Samuel Valley Apt. 756 South Rickyport, MS 11127",2023-05-12
69,Stacey Chavez,bbenson@example.org,"745 Bowman Falls Cherylstad, SC 72427",2020-07-07
70,Rachel Clements,robert19@example.com,Unit 1443 Box 3707 DPO AE 62227,2022-05-06
71,Kelsey Gutierrez,newtonkristen@example.net,"60316 Jessica Wall Apt. 675 Nicholsstad, RI 59230",2021-08-18
72,Amber Fernandez,michelletucker@example.org,"183 Frank Gardens Port Lorifort, UT 36194",2020-03-07
73,John Yang,john79@example.org,"3925 Michael Junction Wrightside, MI 20601",2020-09-19
74,Robin Lee,steven65@example.org,"166 Bridget Brook Montgomerymouth, AS 72066",2020-07-17
75,Adam Tucker,davidwerner@example.net,"74006 David River Suite 759 West Billy, MD 37210",2020-04-04
76,Jessica Howell,evanwilliams@example.org,"576 Smith Cliffs North Travishaven, CO 46031",2024-05-20
77,Christina Hall,kpatton@example.com,"243 Jeremy Course Apt. 077 North David, KS 81126",2020-08-24
78,Steven Gonzalez,hartrobert@example.net,"03598 Robert View Suite 799 New Jonshire, MD 14242",2024-03-28
79,Samantha Martinez,kerrjacob@example.com,"436 Allen Pine Lake Andrew, NY 20814",2022-04-23
80,Rebecca Sawyer,marshallsergio@example.org,"5397 Johnson Station North Markfort, OH 20195",2020-11-21
81,Christina Richardson,gloriasanford@example.net,"29597 Lori Estate Amybury, MO 78506",2023-05-03
82,Kristen Sanchez,flee@example.net,"4413 Jonathan Shores Pinedastad, NY 94772",2024-08-15
83,Wayne Sanders,rhernandez@example.org,"204 Sullivan Mountain Suite 304 Jessicaville, IA 78816",2021-05-14
84,Kyle Burns,wwright@example.com,USS West FPO AA 08385,2022-09-17
85,Cassandra Marshall,michellekane@example.net,Unit 5785 Box 3244 DPO AA 53539,2022-01-30
86,Christopher Carroll,kbutler@example.net,"495 April Rue Suite 318 North David, NC 91018",2020-10-12
87,Heather Jones,dparker@example.org,"64637 Robert Islands Markland, UT 76993",2021-03-17
88,Heather Johnson,cooketodd@example.net,"90746 Joanna Crescent Apt. 284 Port Patricia, AK 90407",2023-08-04
89,Erika Aguilar,katelynwilliams@example.com,"412 Riggs Mills Carlstad, NC 21463",2023-01-03
90,Nicholas Miles,dean89@example.com,"37417 Schneider Key Apt. 786 East Mercedesport, AS 78406",2021-05-08
91,Tiffany Nguyen,lorismith@example.com,"80502 Brown Springs Port Steve, AS 49740",2023-01-16
92,David Sanchez,petersonangela@example.com,"39712 Gordon Spurs West Amber, PR 86086",2024-07-31
93,Anthony Mathis,ericdixon@example.net,"139 Vargas Locks Apt. 500 Westburgh, MH 60943",2022-04-18
94,Alex Davis,michaelwiley@example.com,"6566 David Station Apt. 959 North Diane, AK 16080",2023-07-01
95,John Curry,gallegoskimberly@example.net,"0987 Cynthia Vista New Danielland, VA 19150",2022-05-11
96,Johnny Fisher,aharris@example.com,"596 Barnes Center Port Amy, LA 04760",2021-06-23
97,Catherine Young,danielle57@example.org,"16160 Jay Ferry Jaredshire, PA 17300",2024-07-21
98,Nicole Smith,jimenezrobert@example.org,"16487 Schroeder Ville Apt. 805 Michaelstad, MP 37303",2024-08-01
99,Carlos Patton,bryanclark@example.net,"075 Boyd Lock Lake Nathan, VT 85361",2024-03-12
100,Katherine Caldwell,goodwinvictoria@example.net,"5466 Martinez Ports Apt. 082 Lake Nichole, MP 23388",2022-11-08
101,Brandi Colon,bruce41@example.org,"08199 Michelle Neck South Wandashire, AK 08515",2022-09-14
102,Ms. Nichole Ellis MD,marquezamy@example.org,"66755 Antonio Dale Suite 473 Port Robert, VA 67858",2023-08-28
103,Judith Gordon,mhobbs@example.com,USNV Stanley FPO AE 47273,2022-08-30
104,Tara Williams,dominique98@example.com,"39171 Kimberly Via East Mikayla, FL 54516",2020-03-14
105,Vickie Davis,salinasjoshua@example.com,USNV Tucker FPO AA 03103,2021-07-10
106,Caroline Harris,obenitez@example.com,"53199 Jones Island Port Robert, NH 35043",2020-02-06
107,Jose Garcia,ydixon@example.com,"5495 Thompson Spring Lucaschester, KS 55816",2021-04-14
108,Patricia Duran,danny21@example.org,"81332 Crystal Extension Suite 717 North Kathleenview, MP 53197",2022-09-30
109,Paula Ortiz,melissa57@example.net,"82301 Acevedo Plain Suite 722 North Angelashire, SC 64412",2023-08-06
110,Jose Greene,weissandrea@example.com,"3817 Diana Mission Kimside, MA 81230",2020-01-19
111,Ashley Williams,amybush@example.net,USNS Simpson FPO AE 37689,2022-10-27
112,Andrea Washington,marshalljennifer@example.net,"659 Campbell Burg Rossview, FM 02345",2023-10-08
113,Kristen Davis,james79@example.net,"9010 Anderson Hill Apt. 447 Watkinsmouth, NJ 23131",2023-09-14
114,Maria Harrison,markphillips@example.com,"04402 Mack Points Apt. 153 South Jacqueline, UT 71129",2024-09-07
115,Tara Elliott,falexander@example.com,"032 Webb Common Apt. 500 Alecburgh, LA 25085",2024-01-04
116,Nicole Conner,amanda20@example.net,"482 Ashley Locks Apt. 775 Morganside, MP 55791",2020-04-20
117,Edward Hall,rstafford@example.net,"4660 Patricia Trace Harrischester, GU 27584",2022-05-31
118,Kyle Rogers,garciachristopher@example.org,"053 James Street Suite 429 North Melissaside, WA 14710",2021-02-11
119,Dr. Tyler Miller MD,williambridges@example.org,"70412 Blake Ford Bradleychester, DC 04620",2022-01-30
120,John Lara,ronald20@example.com,"4825 Sanders Points Suite 828 West Joseph, DC 53440",2024-02-29
121,James Garcia,taylorbradley@example.net,"1191 Miller Way Suite 359 Wilsontown, MD 33551",2023-07-20
122,Kevin Sutton,fcook@example.net,"16433 Taylor Views Carolstad, OR 36193",2020-05-03
123,Denise Robles,cphillips@example.org,"08731 Hess Unions Suite 419 Port Lindseyberg, IA 72710",2022-07-02
124,Dr. Joshua Ramirez,charles84@example.com,"7849 Carrillo Walk Wileymouth, FL 26208",2024-03-09
125,Justin Ballard,dawn80@example.net,"1428 Porter Highway Port Katieville, WA 28100",2020-05-09
126,Jennifer Brown,karengarcia@example.com,"964 Kayla Spring Port Maria, DC 95124",2022-01-09
127,Michelle Cook,tiffanycain@example.org,"PSC 2160, Box 4053 APO AA 03703",2021-01-17
128,Robert Walker,theresa71@example.com,"28839 Matthew Hill Apt. 552 New Kelli, DE 24612",2021-02-16
129,Jerry Vasquez,wbyrd@example.com,"4160 Anthony Manor Suite 564 Carrilloburgh, UT 94846",2021-05-26
130,Gary Blair,logan52@example.net,Unit 8748 Box 5812 DPO AP 17835,2022-01-03
131,Robert Harris,ydowns@example.com,"158 Peter Cliffs Apt. 340 Lake Drewshire, MT 29059",2021-03-02
132,James Foster,amy08@example.net,"8175 Steven Station Apt. 556 North Tanya, WA 19245",2021-09-22
133,Christine Ford,grodriguez@example.org,"156 Kenneth Radial South Carl, FL 36297",2021-02-14
134,Erin Harper,parkandrea@example.com,"306 Jacqueline View Suite 003 Brandyfurt, WI 48254",2023-06-02
135,Natalie Hughes,sheltonamy@example.com,"3297 Larry Crescent Port Ashley, SC 44326",2020-01-03
136,Taylor Love,cynthia19@example.com,"1510 Garrett Square Rhondachester, PR 05244",2020-03-24
137,Steven Christensen,harperjessica@example.org,"85653 Reyes Cliffs Suite 058 Campbellside, CT 63733",2022-05-10
138,Scott Anderson,iwilliams@example.net,"23051 Douglas Shoals Suite 744 Mitchellfurt, NE 45560",2022-07-14
139,Ronald Richardson,allenkatie@example.org,"191 Barnes Terrace Apt. 159 North Christianville, MA 12126",2022-01-24
140,Justin Barnett,haydenmatthew@example.com,"5971 Kirk Point Suite 859 Adamsstad, VT 13221",2020-08-03
141,Brenda Arias,theresa78@example.net,"PSC 3412, Box 7947 APO AA 94221",2021-05-20
142,Krista Mccarty,michael91@example.org,"748 Mccoy Highway Apt. 994 Johnsonside, NJ 57184",2020-11-02
143,Sharon Patel,strongchelsea@example.com,"7466 Joshua Flats Dannyberg, CO 69924",2024-02-26
144,Brenda Mendez,uhayes@example.org,"46332 Cynthia Hill Apt. 399 Blakemouth, NC 57847",2024-08-06
145,Adam Sandoval,rpeterson@example.com,Unit 3672 Box 4086 DPO AA 26849,2022-04-23
146,Daniel Griffith,geraldsmith@example.com,"2257 Perry Keys Daniellefurt, CT 59747",2021-11-01
147,Kelly Allen,ariasronald@example.org,"5853 Jared Mountains Colemanton, IN 79014",2023-11-15
148,Mary Boyd,vjackson@example.com,"842 Jones Ridges Port Christine, NH 82406",2023-05-23
149,Denise Fleming,nathanduncan@example.com,"3919 Madden Creek Robinsonville, MO 09757",2020-02-24
150,Crystal Lee,fdonovan@example.com,"529 Lozano Street Dixonbury, NY 88188",2023-08-12
151,Cathy Griffin,ssullivan@example.org,"876 Virginia Squares East Kelly, FL 84332",2020-02-02
152,Jonathan Hughes,susanarnold@example.com,"13961 Andre Motorway Port Stephenport, NH 53763",2023-08-26
153,Carlos Torres,wilsonbradley@example.com,"814 Austin Stravenue Suite 828 Port Kimberly, ID 97285",2020-03-31
154,Miranda Sullivan,lparker@example.com,"134 Kathleen Shoal Hudsonport, HI 23909",2021-11-25
155,Michael Johnson,mariohudson@example.com,"28640 Flowers Camp Port Jason, KS 69664",2021-08-15
156,Claudia Copeland,brycewhite@example.net,"6960 Manuel Via Suite 470 New Danielchester, MS 11256",2023-01-26
157,Lisa Washington,kjones@example.com,Unit 4040 Box 7171 DPO AE 30277,2020-05-12
158,Brian Ho,rebeccamaldonado@example.org,"2847 Alice Parkway Suite 056 Campbellborough, MT 27551",2024-01-04
159,Michael Wallace,barnesmelissa@example.org,"678 King Place New Aliciamouth, NY 67021",2023-10-21
160,Holly Cook,reesejason@example.net,"911 Lambert Bridge Suite 542 Morrismouth, MP 65078",2020-01-07
161,Harry Sexton,mcdanieljason@example.net,"4699 Christopher Stream West Jeffreystad, AR 95516",2020-12-20
162,Amy Cunningham,hardinmonica@example.net,USNV Hart FPO AP 97222,2022-12-20
163,Regina Sullivan,scott56@example.com,"81642 Sara Underpass Apt. 663 Thomasberg, IA 11282",2020-01-13
164,Mary Vega,fsnyder@example.com,"018 Richard Dale Brownbury, GA 41945",2021-01-23
165,Alyssa Anderson,randall80@example.com,"704 Ramos Square Apt. 049 East Andrew, ME 34258",2024-02-05
166,Curtis Peters,wrichardson@example.net,"445 Alyssa Landing Suite 320 Heatherbury, MN 29532",2023-07-06
167,Bradley Ray,kylekoch@example.com,"9963 Mark Spurs Apt. 878 Reneemouth, WY 25667",2021-03-12
168,Jenny Santos,nathananderson@example.com,"2698 Molly Port Theresabury, KY 97110",2020-04-05
169,John Chan,evan85@example.net,"735 Morales Wall North Sharonborough, TX 17611",2021-08-03
170,Tanner James,xrivas@example.org,"0535 Alexander Course Suite 142 Jenniferfort, AL 72741",2020-11-18
171,Shawn Skinner,paulhansen@example.org,"250 Erica Alley Suite 703 Jamesmouth, TN 44843",2020-12-09
172,Timothy Maxwell,curtismartin@example.net,"14208 Lewis Viaduct New Joanhaven, OR 27902",2023-03-26
173,Jason Heath,michellejones@example.org,"870 Christopher Ford Apt. 601 Allenside, PR 47936",2021-05-08
174,Ryan Zimmerman,henryschultz@example.net,"PSC 3202, Box 8543 APO AA 84840",2022-05-10
175,Brooke Baxter,gwilson@example.org,"6779 Mariah Expressway North Roger, NJ 05736",2024-07-26
176,Dr. Jared Winters,andrewhayden@example.org,"832 Robert Walk Burchfurt, ME 70985",2021-01-25
177,Mrs. Sherry Mills DVM,riverabeth@example.com,"26879 Damon Lakes Apt. 851 New Charlesside, NV 90105",2022-07-16
178,Shaun Lee,youngjeffrey@example.net,"29570 Moore Parkways North Theresafort, IA 22567",2023-04-07
179,Patrick Hawkins,christine16@example.com,"31224 Brian Springs Lake Carlland, NC 57845",2022-11-04
180,Timothy Murray,tyler48@example.net,"3568 Martin Club Apt. 132 South Christinefurt, RI 32557",2021-10-18
181,Thomas Hunter,nathanielgonzales@example.net,"02670 Kaitlyn Vista Brownstad, VT 11448",2021-12-16
182,Brandon Davidson,jamie81@example.com,"7764 Clay Extension Apt. 232 Johnsonside, PA 64708",2022-12-02
183,Ashley Kline,nathanlong@example.com,"711 Davis Plains Apt. 005 Thompsonstad, MP 64006",2022-01-30
184,Timothy Rowe,wpowers@example.org,"880 Murray Squares East Tom, CO 42795",2023-03-21
185,Barbara Hill,tonysmith@example.com,"520 Baker Ranch Suite 908 East Shaunshire, VT 73129",2022-11-19
186,Gregory Butler,mark04@example.net,"518 Dale Views Suite 734 Tammyhaven, IN 54638",2020-08-27
187,Trevor Young,smithsherri@example.org,"7443 Patel Creek North Sheilashire, WA 22977",2021-11-28
188,Emily Kerr,burnsjohn@example.com,"3594 Wallace Forges New Richardtown, FM 96940",2022-12-21
189,Mary Lutz,patriciawilliams@example.net,"06750 Davis Spur Apt. 465 South Brucechester, SC 56219",2022-09-28
190,Sarah Carson,scottpowell@example.com,"26326 David Terrace Apt. 203 Port Michellebury, AK 68179",2022-09-09
191,Angela Castro,davidedwards@example.com,"3709 Mitchell Canyon Romeromouth, DE 16332",2020-07-10
192,Lisa Sullivan,sandra36@example.com,"504 Boyd Dam West Tracymouth, NJ 10341",2023-01-14
193,Peter Bass,steven85@example.com,"91493 Carlson Ferry Suite 492 Lake Gregoryhaven, IA 60734",2022-12-02
194,Ryan Williams,nschmidt@example.com,"348 Sarah Spurs Suite 112 South Veronicachester, ME 43698",2020-10-24
195,Linda Olson,mandythompson@example.com,"65524 Carr Burg Lake Ashleyland, KS 18739",2024-03-08
196,Daniel Escobar DDS,jessicamccoy@example.org,"26979 Carlos Cape South Josephfurt, PR 70464",2021-01-05
197,Leslie Castillo,jensenbarbara@example.net,USCGC Foster FPO AP 34652,2022-05-05
198,Patricia Young,carolineeaton@example.net,"58978 Stewart Ville Port Parker, ND 20496",2021-06-16
199,Melanie Alvarado,rmassey@example.org,"072 Hannah Plain Brownchester, MI 07720",2020-07-14
200,Joanna White,robert64@example.com,"52175 Christine Hill Port Kellystad, VT 81605",2024-03-23
201,Mrs. Kimberly Bennett MD,lauramann@example.org,"353 Laura View Suite 635 East Brittany, TX 66611",2024-03-07
202,Alexandra Jones,jacksonjill@example.com,"140 Bell Ferry Davidborough, MH 83954",2020-10-04
203,Julie Rivera,matthew59@example.com,"563 Andrew Overpass Suite 946 Bernardstad, WI 82526",2021-08-28
204,Michael Rogers,diamondsmith@example.net,"5595 Welch Plain North Robertbury, AK 01088",2023-02-01
205,Keith Lopez,john37@example.org,"35130 Tyler Station Apt. 243 Lake Raymondport, VA 60714",2023-01-13
206,Rebecca Hardy,shawngarcia@example.com,"067 Shannon Lakes Suite 215 Charlesburgh, DE 96273",2024-05-04
207,Dean Kelly,villegaswilliam@example.net,"73790 Lee Mountain New Richard, NJ 15969",2023-01-30
208,Ariel Martin,jonathon28@example.org,"067 Randy Lakes Suite 008 Lake Ambershire, AR 75738",2020-01-06
209,David Fitzgerald,sierrashort@example.net,"21231 Miller Walk Wilsonfort, TX 22203",2023-02-21
210,Ricardo Young,alexsandoval@example.org,"3610 Daniel Fields Alyssaville, TX 18810",2023-09-19
211,Melanie Bennett,fbarr@example.com,"540 Estes Club Hernandezfort, GA 18149",2020-12-28
212,Melissa Young,malonebianca@example.org,USNV Freeman FPO AA 78187,2023-07-19
213,Beth Serrano,nicolethompson@example.org,"051 Franco Prairie Lake Ianchester, OR 78506",2023-11-17
214,James Moore,richardsonmicheal@example.net,"24175 Emily Trail Apt. 726 New Jeffrey, AK 59240",2023-07-16
215,Anthony Beck,joseph19@example.com,"053 Felicia Springs Apt. 464 North Nicholaschester, MS 97171",2021-12-21
216,Keith Phillips,hahnmelinda@example.net,"4960 Michelle Street Suite 648 New Caitlin, NE 03816",2022-02-25
217,Andrew Patton,igood@example.net,"0243 Norma Corners Apt. 656 Davismouth, MI 72859",2021-12-18
218,Leah Douglas,davidbaker@example.com,"43090 Wood Summit Suite 446 Lake Janetstad, RI 50312",2023-11-17
219,Debra Garcia,tamijones@example.com,"5994 Armstrong Stream Vargasberg, NE 62036",2023-04-24
220,Troy Miles,whitebrendan@example.com,"8103 Sharon Crescent West Jessechester, DC 16396",2023-11-03
221,Joseph Richardson,vhorn@example.net,"41341 Leach Estate Apt. 582 Parkerchester, NE 29348",2020-05-06
222,Amber Freeman,sarahdavis@example.com,"023 Johnson Points Port Lindaland, NJ 16960",2021-12-27
223,Regina Murray,williamturner@example.org,"35382 Kara Turnpike Apt. 496 Shannonshire, IL 78139",2020-03-06
224,Patricia Foster PhD,pcollins@example.com,"284 Zachary Manors Suite 471 East Daniellefurt, AK 49338",2023-04-20
225,Jared Martin,jacksonpedro@example.org,"8172 Kelly Knolls Apt. 056 Stephenshire, MS 27872",2024-04-13
226,Joseph Williams,hkim@example.com,"06530 Johnson Landing Apt. 333 Christensenbury, LA 70664",2021-01-31
227,Jaclyn Schultz,christian87@example.com,"PSC 5199, Box 9149 APO AA 75469",2021-11-23
228,Michelle Hanson,thomas84@example.org,"6678 Michael Gardens Brockfurt, GU 21256",2021-11-23
229,Sarah Clark,sperez@example.com,"43952 Bryant Rapid Smithview, NY 83048",2024-10-09
230,Latoya Owens,richardsonjeremy@example.net,Unit 1124 Box 7521 DPO AA 51862,2021-06-20
231,James James,jhoward@example.net,"9590 Reyes Fort Stokesland, GU 85141",2020-10-25
232,Robin Williams,chad35@example.net,"0116 Katrina Cliff Suite 257 Port Thomas, MH 63369",2023-09-29
233,Terry Hill,dbell@example.net,"503 Mary Harbor South Melissafurt, GA 36324",2023-11-06
234,Natasha Blanchard,josesmith@example.com,"9550 Pierce Park North Veronicaview, LA 57564",2024-04-10
235,Pamela Wallace,chadblackburn@example.com,"44488 Joshua Glen East Darrellstad, NE 57185",2022-02-06
236,William Meyer,xstein@example.org,"18515 Hendrix Fall Apt. 284 Kempview, NC 68546",2022-10-13
237,William Zimmerman,wmassey@example.com,"3734 Jeffrey Tunnel Fergusonbury, NH 62678",2023-03-03
238,Diana Lee,mistyclayton@example.org,"5853 Michelle Flats Apt. 429 East William, OK 01697",2024-01-24
239,Justin Tate,ramirezmatthew@example.net,"125 Keith Row Perezfurt, IN 56510",2021-10-29
240,Dr. Cindy Cochran,ashley29@example.org,"667 Angela Harbor Suite 015 South Rhondafurt, FM 11666",2021-02-10
241,John Ward,reidlacey@example.org,"0040 Wilson Dam Suite 957 North Melissa, HI 04294",2023-08-23
242,Justin Cross,ngreen@example.net,Unit 8311 Box 2034 DPO AP 63449,2024-01-02
243,Eileen Douglas,saraholmes@example.org,"940 Anthony Ways Apt. 443 West Billberg, KY 94648",2020-05-12
244,Joseph Reyes,lgraham@example.net,"434 Blair Trail East Gabrielabury, CO 23074",2023-01-10
245,Dr. Maureen Lopez MD,debra13@example.net,Unit 4432 Box 1735 DPO AE 88131,2024-05-02
246,Richard Mcdonald,crystal23@example.net,"264 Bray Port Suite 256 East Joannaland, MT 94310",2022-02-14
247,Alicia Phillips,rebecca21@example.net,"8976 Stevens Way Emilybury, NC 73794",2021-05-17
248,Allen Kelly,josephmorris@example.org,"94024 Smith Fork Suite 244 East Stanley, NY 47454",2023-04-12
249,Joshua Chavez,rreyes@example.org,"8013 Richardson Ports Suite 697 Andradeside, MN 18801",2023-02-22
250,John Wall PhD,richard00@example.com,"384 Hernandez Loop Suite 427 East Hannah, TX 93560",2020-05-03
251,Anthony Smith,gonzalezjohn@example.net,"1328 Jones Glen Beckerland, GU 02939",2023-01-14
252,Kevin Cook,armstrongmatthew@example.net,"6454 Sharon Knolls Apt. 829 Mcfarlandberg, GU 85761",2021-11-21
253,Carol Crane,zkelley@example.com,"96160 Martinez Creek New Sharon, MA 51447",2021-01-30
254,Krista Swanson,bethany08@example.org,Unit 7432 Box 7231 DPO AE 30000,2021-03-03
255,Kenneth Hudson,schwartzelizabeth@example.org,"563 Hamilton Junction Apt. 656 Joshuabury, FL 62569",2021-08-11
256,Jessica Lopez,kimberlysimpson@example.org,"687 Robles Lights Apt. 488 Garciashire, ID 73373",2023-06-25
257,Valerie Porter,fgrant@example.org,"172 Holloway Extension West Donald, SC 07863",2020-01-11
258,Ryan Cardenas,brandon90@example.net,"61947 Bryan Villages West Dannybury, NJ 56379",2020-01-08
259,Holly Avery,sullivanelizabeth@example.org,"200 Morrison Park Apt. 938 Taylorton, NC 94173",2021-11-16
260,Amanda Smith,kristine85@example.net,"PSC 6625, Box 4038 APO AE 47399",2020-09-20
261,Jasmine Harris,snyderjoanne@example.net,"29220 Chase Knoll Apt. 793 Mendezhaven, MA 66308",2024-02-15
262,Erica Obrien,ystewart@example.com,"8046 Powell Spurs Apt. 545 West Crystalport, AL 94634",2024-08-07
263,Andrew Richards,antoniobell@example.net,USS Hunter FPO AP 07165,2023-05-21
264,Brian Silva,conradbeth@example.com,"PSC 2389, Box 1250 APO AE 03828",2022-02-06
265,Melanie Smith,ucooper@example.net,"79997 Martinez Road Suite 273 Sarahtown, TX 72132",2021-07-01
266,Carol Robertson,nellison@example.org,"91637 Paul Cliffs Williamschester, OK 28647",2023-11-01
267,Matthew Miller,stevenrichardson@example.org,"1655 Bean Union Kevinton, NH 30402",2023-12-02
268,Amanda Aguilar,brianna51@example.org,Unit 7098 Box 8557 DPO AA 19428,2024-07-15
269,Patricia George,molly98@example.net,"593 Nicole Pass Stewartport, MD 51818",2022-07-04
270,Steven Norman,nlawson@example.org,"PSC 8566, Box 2670 APO AP 74071",2022-07-26
271,Peter Mitchell,karenhunt@example.org,"313 Campbell Flat Suite 950 North Rachelton, PW 65519",2021-06-28
272,Danielle Martinez,halldiana@example.net,"73199 Orozco Harbor Suite 344 Moniquemouth, AR 49660",2020-01-30
273,Donna Weber,emcdonald@example.com,Unit 7541 Box 8687 DPO AP 65651,2024-07-05
274,Kara Zavala,ashley22@example.org,"6689 Christopher Track Apt. 760 Port Robert, PR 41939",2022-12-21
275,Valerie Patterson,youngrebecca@example.com,"67537 Thomas Street Jenniferside, CT 46769",2023-07-18
276,Peter Kidd,ismith@example.com,"0486 Rhonda Mountains Bowmanfort, TN 73002",2023-02-25
277,Jose Kirk,leejason@example.net,"905 Guerra Passage Suite 579 South Julie, SC 41743",2024-02-14
278,Barry Rhodes,campbelljennifer@example.net,"953 Riggs Inlet Apt. 430 Danielletown, NV 91738",2022-11-04
279,Jennifer Bautista,qbray@example.org,"7407 Velez Passage Gloverville, CO 22613",2021-02-11
280,James Rhodes,smithbenjamin@example.com,"989 Johnson Villages Suite 700 South Matthew, DE 77664",2022-09-11
281,Cynthia Rodriguez,jeffreyjohnson@example.org,Unit 5573 Box 8015 DPO AA 37329,2020-04-15
282,Benjamin Rogers,ptaylor@example.net,Unit 0951 Box 8886 DPO AP 92780,2022-05-15
283,Claudia Allen,johnedwards@example.org,"15428 Doyle Bypass Port Rogershire, ND 77750",2021-05-09
284,David Fitzgerald,jorgecantrell@example.com,"055 George Pike East Stephaniemouth, WI 98176",2023-03-11
285,Jacob Mccarthy,udaniels@example.com,"1958 Garcia Parks Apt. 158 Jasonberg, MT 51159",2020-06-01
286,Jill Mays,jaywarner@example.net,"97488 Matthew Corner Suite 600 South Trevorland, IN 64985",2022-11-30
287,Julie Edwards,melissamorales@example.com,USNV Thornton FPO AP 08298,2021-08-10
288,Mark Gray,tammymiddleton@example.net,Unit 1974 Box 4536 DPO AE 25145,2021-07-16
289,Madeline Parker,middletonemily@example.net,"51858 Hall Forge Apt. 144 Domingueztown, LA 81395",2021-07-06
290,Connor Anderson,hillmonica@example.com,"307 Sarah Pines Apt. 827 Cameronhaven, MT 02567",2024-09-11
291,Kevin Bowers,merrittfrank@example.com,"51586 Friedman Points Port Jackchester, PR 45113",2022-02-08
292,Pamela Young,ricardo20@example.com,"870 Michelle Haven Suite 656 South Shelly, FL 92333",2023-02-01
293,Brooke Jennings,slivingston@example.com,"7083 Koch Rapid Suite 381 North Teresa, TX 44410",2022-04-30
294,Mary Butler,olynch@example.com,"44270 Elizabeth Lakes Burnsburgh, FM 41887",2021-04-23
295,Alexandra Stevens,ericwatkins@example.net,"059 Stout Canyon Lake Eddiehaven, GA 64424",2024-06-18
296,Maria Baker,dholloway@example.com,"62395 Adrienne Meadows Apt. 102 Salazarhaven, NJ 30798",2023-07-24
297,Andrew Johnson,amy05@example.com,"133 Evans Mission Apt. 053 Port Danielle, MS 79578",2023-11-16
298,Courtney Miller,ann72@example.net,"7321 Heather Trafficway Martinport, AK 78621",2021-02-24
299,Phillip Nichols,garnerthomas@example.com,"4833 Tiffany Shore Lisastad, GA 31586",2023-11-06
300,Ronald Brown,scott31@example.org,USNS Wilson FPO AP 14736,2021-03-18
301,Christopher Garcia,walkererika@example.org,"5248 Patricia Parkways Matthewtown, NH 79894",2023-02-28
302,Vincent Dean,nancy58@example.com,"6516 Jeffrey Walks Port Amystad, FL 42172",2023-10-10
303,Anthony Brooks,ginamack@example.org,"28955 Hughes Street Lake Andrew, SD 50132",2020-10-25
304,Marvin Payne,ann44@example.net,"51861 Kristen Wall Suite 078 Jacobsonfort, IL 56222",2021-03-13
305,Shari Fuller,kellyfranklin@example.org,"4386 Martinez Brooks Apt. 743 Roblesmouth, MO 38615",2020-05-07
306,Mary Jones,zholmes@example.org,"6249 Russell Manors Suite 972 New Donnaborough, NJ 08458",2022-03-31
307,Holly Wilson,heatherhernandez@example.com,"PSC 0054, Box 7599 APO AP 80701",2020-03-30
308,Joyce Wilson,ebennett@example.net,"8588 Stephen Lodge Suite 858 New Dorothymouth, NC 92565",2020-08-07
309,Patrick Hall,nsimmons@example.org,"99317 Andre Corners West Nicoleshire, IL 12649",2020-04-29
310,Kristin Ho,vmoore@example.org,"06864 Nathan Motorway Suite 879 East Jaclynfort, NY 96421",2020-11-25
311,Rachel Martin,hugheschristopher@example.com,"415 Judith Manors Suite 911 South Lauraview, MN 83624",2020-06-08
312,David Cole,tamievans@example.net,"75728 Hamilton Greens Suite 202 Kimberlyton, MP 99284",2022-11-12
313,Linda Nixon,gdaniels@example.net,"0252 Denise Forks Apt. 472 South Anthonymouth, MT 39008",2021-05-09
314,Joseph Roberson,craigjoshua@example.org,"95064 Shane Mews Apt. 119 West Julia, MH 74074",2024-05-10
315,Miranda House,kevinharrison@example.com,"PSC 8267, Box 4778 APO AP 92835",2022-02-09
316,Susan Daniels,hallannette@example.com,"6347 Sarah Shoal West Benjaminmouth, NM 15029",2023-12-23
317,Aaron Walker,meredith19@example.org,"828 Conrad Falls East Albert, SC 08904",2024-08-21
318,Wendy Smith,richard96@example.net,"80625 Gina Turnpike Apt. 276 Colemouth, FM 34808",2023-07-03
319,Eric Long MD,jesusstevens@example.org,"52227 Zachary Spur East Casey, PR 06571",2023-08-28
320,Lindsay Willis,edward18@example.net,"0456 Williamson Keys Jacksontown, SC 03514",2023-12-11
321,Cindy Gill,misty61@example.net,"28449 Nancy Drive Apt. 540 Vasquezview, OR 55200",2023-04-24
322,Mark Dunlap,erin29@example.com,"20285 Sarah Alley Port Patrickstad, PR 31911",2020-06-14
323,Matthew Lewis,kreynolds@example.org,"63804 King Street Daltontown, MS 22103",2022-09-19
324,Bryan Tran,leonardcampbell@example.com,"7891 Mary Ridges Apt. 243 Geoffreytown, NM 85175",2021-06-25
325,Natasha Bautista,tmcdonald@example.org,"877 Ryan Mountain Suite 390 North Jacquelinehaven, MO 37508",2021-08-18
326,Hannah Scott,stevenevans@example.com,"77949 Morrow Wells Apt. 449 North Stephanie, SD 36097",2023-04-16
327,Daniel Montes,williamsmargaret@example.com,"5081 Ware Place Rollinsville, NH 17025",2020-04-14
328,Andrew Henry,fisherleah@example.net,"934 Gregory Stravenue Suite 241 South Stephanietown, OR 17696",2021-05-03
329,Kristen Wilson,wwhite@example.org,"559 Lawrence Corner Elizabethmouth, WA 28490",2024-08-29
330,Christopher Olson MD,zjuarez@example.org,"88269 Smith Grove Apt. 128 Port Deniseshire, IA 12430",2023-10-07
331,Austin Martinez,michael81@example.org,"91971 Mary Valley Suite 120 Vanessaberg, MA 99783",2022-06-26
332,Mark Diaz,patrick10@example.com,"122 Blanchard Prairie Suite 154 Diazfort, OR 82970",2024-06-05
333,Dennis Carpenter,ericaramos@example.com,"219 Wilson Extension Carlatown, NC 65675",2020-10-17
334,Angela Olson,ortizjoshua@example.org,"26018 John Crossing Thomasview, OR 84078",2020-12-13
335,Michael Howard,georgeacosta@example.com,"6679 Victor Grove Apt. 735 Lake Penny, TX 37478",2021-06-16
336,Michelle Warren,isabella57@example.org,"44135 Jeff Light Harrisbury, MO 42991",2020-04-02
337,Jack Dodson,paul68@example.com,Unit 9630 Box 8084 DPO AE 31427,2024-08-09
338,Nicole Hatfield,anthony37@example.net,"91381 Sellers Fords Vangberg, GU 41152",2021-02-28
339,Danielle Johnson,annette03@example.org,"21936 Emily Heights Keithfort, NV 51528",2020-06-01
340,Kevin Peck,zdowns@example.com,"1108 Murray Stream Apt. 428 Stephaniebury, IL 29123",2022-07-29
341,Mike Rose,suttonmark@example.com,"34838 Travis Freeway Colemantown, MN 63308",2021-11-19
342,Stephanie Wright,jamesrodriguez@example.net,Unit 9658 Box 8464 DPO AE 23098,2023-11-03
343,Mr. Travis Carter MD,wrightdavid@example.net,"9145 Kristi Unions Tannerton, NC 60320",2021-04-26
344,Arthur Lyons,morgannatasha@example.com,"7181 Victoria Cove Reynoldsview, NJ 88831",2020-08-20
345,Jacob Bailey,nguyenfrank@example.net,"81600 Donna Ports Apt. 440 Randallhaven, FM 16185",2024-06-14
346,Brenda Sanders,xgomez@example.net,"506 Ward Throughway East Marie, VI 11561",2023-08-03
347,Theresa Peck,andrewsadam@example.org,"92303 Matthew Islands Suite 141 West Scotttown, WY 79839",2021-04-26
348,Amy Campbell,brittany30@example.net,"747 Morris Lakes Port Heather, NE 57484",2023-12-15
349,Maurice Pruitt,kingmorgan@example.com,"72858 Jones Mountain Suite 989 Robertsonmouth, LA 77101",2022-09-25
350,Krystal Glenn,jeremy42@example.com,"534 Page Fork Suite 969 North Sarah, PW 34647",2021-04-11
351,Nathaniel Stevenson,johnny09@example.com,"03885 Wells Crescent Michaelhaven, IL 49025",2020-03-29
352,Kimberly Kramer,millerbrian@example.com,"8125 Wright View South Mark, RI 80730",2021-11-02
353,Ruben Norris,cody26@example.net,Unit 1142 Box 0436 DPO AE 71476,2022-04-07
354,Sean Villegas MD,ayerseric@example.net,Unit 1256 Box 8072 DPO AA 20023,2020-08-13
355,Alyssa Harper,brandon35@example.org,USNV Snyder FPO AE 16610,2022-05-23
356,David Wilson,omolina@example.net,"PSC 3507, Box 4087 APO AE 11300",2021-05-25
357,Lauren Lucas,jason43@example.org,"55150 King Coves North Kennethtown, NE 16763",2020-02-20
358,Marie Lee,moniquewalker@example.net,"972 Moss Prairie North Carrie, MS 76089",2024-07-09
359,Shelia Simmons,smithmark@example.org,"54584 Toni Harbors New Brandy, MS 45145",2020-09-01
360,Christopher Stewart,dale53@example.org,"2919 Hall Mission Apt. 080 East Daniel, DE 64516",2021-10-15
361,Jennifer Anderson,kyle67@example.org,"3488 Shannon Glen Ronaldfort, WI 03354",2022-09-29
362,Dr. Lorraine Rodriguez MD,smitchell@example.com,"0456 Brown Corners Brittanymouth, PR 15525",2021-09-15
363,Sara White MD,lloydashley@example.com,"33624 Roberto Junction Beckmouth, RI 04942",2023-04-23
364,Mary Garcia,andersonmary@example.com,"25119 Jennifer Roads Sarahshire, WA 90771",2023-06-22
365,Pamela Shelton,christopher04@example.org,"503 Stephanie Freeway Apt. 002 Christopherview, ND 57512",2021-04-09
366,Heather Jackson,thomaspalmer@example.com,"789 David Ville East Madison, KY 34251",2022-04-23
367,Elaine Scott,nicolehughes@example.com,"665 Lawrence Divide Port Theresaland, MH 76597",2023-12-15
368,Derek Adams,richardsoneric@example.com,"4314 Ian Estates Lake Elizabeth, GU 92151",2022-07-30
369,William Bowen,paullewis@example.net,"48959 Mack Heights Apt. 174 Ramirezhaven, AR 08482",2024-06-13
370,Matthew Mccoy,csimon@example.org,"3352 Taylor Haven Apt. 734 North Jill, UT 35307",2023-03-12
371,Allison Brady,normancarey@example.net,"066 Olivia Valleys North Johnchester, PW 95048",2020-08-02
372,Chad Hernandez,michael07@example.com,"PSC 9007, Box 4360 APO AP 28884",2020-11-24
373,Ashley Smith,prattangela@example.org,"2319 Fletcher Roads Apt. 903 North Neil, ND 45520",2021-11-20
374,Carla Spencer,eric85@example.net,"10308 Nunez Light Apt. 326 Jonesmouth, PW 75696",2022-10-23
375,Samantha Zavala,herbertmcdaniel@example.com,"13562 Green Estate North Mary, IA 03611",2020-08-24
376,Wesley Pham,jeffreylopez@example.org,"422 Kristin Villages East Christopher, NC 22793",2020-06-27
377,Nicholas Clark,susanbarajas@example.org,"8277 Gordon Forge Apt. 284 North Katrina, ME 61123",2021-06-21
378,Jennifer Reyes,cynthia39@example.com,"8623 Christopher Center South Carolyn, ME 19528",2024-04-05
379,Nancy Johnson,amanda55@example.com,"50896 Morgan Locks Apt. 783 Rogersshire, NJ 30948",2024-07-17
380,Anthony Dickerson,ericwood@example.org,USNS Jones FPO AP 02531,2023-09-21
381,Samantha Ho,ana55@example.com,"1247 Pacheco Loop Apt. 289 Deanside, PR 40957",2022-07-26
382,Crystal Little,amalone@example.org,"8468 Jeffrey Estate Port Anthony, ND 81923",2022-07-12
383,Kelli Silva,fhoward@example.net,"018 Wyatt Union Apt. 532 Englishland, OK 10734",2021-02-11
384,Damon Scott,fowlerjason@example.com,"914 Levine Tunnel Apt. 101 New Toddland, MI 62317",2021-02-17
385,Jessica Brown,kennethcohen@example.net,"6793 Robert Viaduct New Joyfurt, AZ 02841",2024-07-06
386,Ashley Kirk,taramatthews@example.com,"8376 Corey Ferry Port Jason, OK 29192",2022-10-25
387,Laura Chang,anthonyvargas@example.com,"385 Donald Extension Port Valerie, IN 74963",2023-09-06
388,Angel Robles,katherine18@example.com,"96868 Thompson Pine Lynnbury, MT 53956",2020-03-14
389,Rhonda Mcdonald,david39@example.com,"39379 Scott Drive Suite 646 Port Thomasburgh, SC 97973",2022-02-07
390,Michelle Huerta,josephmckay@example.com,Unit 7584 Box 0779 DPO AP 11679,2023-03-25
391,Renee Parks,foneill@example.net,"895 Gibbs Mountains Lake David, MI 88333",2023-04-09
392,Eric Davis,jamesgray@example.com,"1834 Graham Overpass Suite 740 North Kristy, CO 70278",2024-02-16
393,Mark Smith,frank79@example.net,Unit 2744 Box 9975 DPO AP 38668,2022-07-11
394,Kelly Newman,caseykristy@example.com,"823 Justin Islands Port Jessica, IN 78838",2022-04-04
395,Ronnie Montgomery,lindsaysmith@example.org,"55653 Taylor Throughway Suite 050 New Jacob, MT 29099",2020-10-18
396,Scott Daniels,chaveztabitha@example.com,"12553 Leonard Mountains New Jonathanhaven, MH 13924",2020-06-29
397,Dean Berg,jessica36@example.net,"684 Simon Manor Patelberg, WY 30394",2023-07-25
398,Sara Stevenson,kruiz@example.com,"687 Pierce Mall Suite 734 North Dustin, PA 12538",2023-05-13
399,Paige Shaw,parkerjoshua@example.com,"38244 Christine Junctions Stephanieville, PA 41147",2020-04-21
400,Aaron Dominguez,mdecker@example.net,"0079 Burns Locks Suite 192 Albertland, NE 62075",2022-09-03
