id,name,email,address,date_joined
1,Julie Jones,sfischer@example.com,USNV Oneill FPO AP 40761,2023-12-18
2,Katelyn Smith,carmen31@example.com,"802 Wheeler Rest Suite 506 West Jessica, HI 80967",2020-05-19
3,Randy Blair,melindalynch@example.com,"38245 Christina Key Apt. 682 North Nicole, LA 76666",2022-07-01
4,Rebecca King,michael23@example.org,"36540 Brian Haven North Sheila, NC 70217",2020-03-07
5,Luke Jimenez,justin71@example.com,"6501 Turner Burgs Greenshire, LA 45606",2022-03-18
6,Joshua Jimenez,hchaney@example.net,"33790 Deborah Extension Suite 458 Douglastown, IN 49142",2022-06-22
7,Ashlee Vasquez,zkeller@example.com,"944 Welch Burgs North Grant, NC 03816",2020-08-05
8,Frank Garcia,debra56@example.net,"35744 Ortega Squares North Edward, MD 72913",2024-09-08
9,Shannon Wood,jameschen@example.com,"4999 Adams Mission Suite 325 West Molly, PW 48736",2021-09-23
10,Daryl Bennett,ydyer@example.com,"1110 Emma Meadow Apt. 596 Grahamport, VA 19954",2024-03-08
11,Douglas Campbell,kellypotter@example.net,"75566 Matthew Circles Apt. 155 Burkemouth, CA 26252",2021-10-31
12,Daniel Smith,carriethompson@example.org,"5469 Pollard Haven New Dawn, NJ 83608",2020-10-13
13,Stephanie Shields,jasminebrewer@example.net,USNV Austin FPO AE 19977,2022-09-11
14,Felicia Graves,webbdawn@example.net,"110 John Lodge Apt. 990 East Jennifer, DE 27722",2023-03-07
15,Timothy Bryant,ashleytaylor@example.com,"10845 John Freeway Port Sandra, WY 78590",2023-12-06
16,Shawn Sloan,nicholasmarsh@example.com,"05221 Atkins Flat North Nathanielchester, PR 60992",2023-08-20
17,James Johnson,eharris@example.net,"244 Daniel Gardens Shelleyburgh, NH 50273",2021-12-10
18,Carlos Roberts,jonesjonathan@example.net,"6604 Jacob Prairie Apt. 181 Leemouth, MN 60126",2023-11-19
19,Richard Carr,taylorjeff@example.net,"494 Shelby Circles Suite 216 West Jonathan, GA 20438",2021-04-01
20,Reginald Bryan,kempdustin@example.com,"907 Reginald Lake Lake Keith, IA 08218",2020-09-01
21,Patricia Hodge,fmendez@example.net,"15776 Marilyn Islands Woodsburgh, AZ 69440",2024-01-10
22,Natalie Cline,youngtyler@example.com,"4026 Murray Ridges Arnoldberg, MO 61482",2021-05-30
23,Clifford Daniels,changsusan@example.net,"634 Joshua Camp New Erinburgh, AL 22009",2023-05-08
24,Jennifer Thornton,jennifernunez@example.com,"PSC 4843, Box 1330 APO AE 65427",2024-07-20
25,Robert Stewart,victoria89@example.org,"55386 Michelle Expressway Mirandaton, NE 38473",2020-09-16
26,John Hartman,cassandrastewart@example.com,"89090 Mills Crossroad Apt. 010 Hollyton, HI 48948",2020-11-05
27,Lisa Klein,peckjacqueline@example.org,"48100 Gregory Mills Suite 008 Lopezport, ND 54769",2023-02-03
28,Susan Roman,cheryl07@example.net,"8932 Williams Port Port Nicole, KS 67476",2021-12-31
29,Justin Lucero,mathew57@example.net,"5807 Philip Common Port Johnnyfurt, GU 88758",2023-03-12
30,Christopher Williams,qsmith@example.org,"28839 Griffin Path Christopherborough, VT 61988",2020-05-27
31,Mary Huynh,mandrade@example.com,Unit 4251 Box 1852 DPO AA 78623,2023-03-21
32,Jesus Robinson,ihall@example.org,"70230 Lawrence Cliffs Apt. 370 Lopezside, OR 35035",2021-07-04
33,Amy Shah,martinjames@example.net,USCGC Castillo FPO AA 70974,2020-09-09
34,Ashley Hernandez,spencer14@example.net,"24120 Clarke Meadows Michelehaven, NH 75554",2023-11-09
35,Ms. Kimberly Benton MD,jennifer32@example.com,"7596 Hudson Place New Ralph, AR 69487",2022-05-17
36,Meagan Lee,christine37@example.org,"14230 Ramsey Rapids Suite 520 South Tiffanyhaven, AL 63477",2021-04-01
37,Donna Huerta,shelleyhernandez@example.org,"2759 Garrett Ferry Kylestad, NH 99543",2021-07-12
38,Sara Lowery,taylorbobby@example.com,"2196 Christina Court Annfort, TN 32604",2021-11-13
39,Rachel Hernandez,brownrachel@example.com,USCGC Robinson FPO AP 77775,2021-12-24
40,Craig Turner,meagan37@example.com,"5605 Rodriguez Street Lake Kathrynmouth, AR 44538",2022-04-09
41,Heather Fisher,bradley44@example.org,"47346 Shaw Tunnel Port Michaelmouth, NJ 26734",2021-07-08
42,Sabrina Medina,petersonwesley@example.com,Unit 0047 Box 5937 DPO AP 93751,2021-06-17
43,Janice Miller,robert54@example.net,USS Moreno FPO AE 69751,2022-07-22
44,Joseph Brown,sheila86@example.org,"366 Gray Ramp South Lukemouth, KS 55318",2021-05-04
45,Joshua Fletcher,jaime26@example.com,"286 Mcfarland Courts Barronhaven, NM 30461",2024-03-28
46,Patrick Nguyen,kevinparker@example.org,"653 Michael Turnpike Apt. 351 West Danielberg, PW 56335",2023-11-16
47,Juan Smith,danielanderson@example.org,"8302 Thomas Turnpike Apt. 521 Fullerport, WV 35792",2021-09-20
48,Kenneth Mccormick,hayley31@example.net,"941 Cox Crescent Apt. 670 East Emily, PA 38613",2024-06-12
49,Michelle Gallegos,albert49@example.com,"95025 Norman Ridges Kennethport, MS 19813",2021-07-18
50,Denise David,joshuawilliams@example.org,"606 Scott Highway Morrisburgh, MA 25107",2021-04-26
51,Brandon Randall,kathleen42@example.com,"443 Cynthia Parks Apt. 988 Martinmouth, AL 77366",2022-06-30
52,James Collins,jason51@example.net,"6594 David Crest Port Kathleen, RI 69223",2021-01-30
53,Wendy Shepherd,nshaffer@example.net,"863 Lee Extension Suite 913 East Brian, PR 04341",2020-07-01
54,Angela Camacho,jpage@example.org,USS Turner FPO AP 52987,2024-08-10
55,John Johnson,davisbrenda@example.org,"010 Matthew Plain Lindsayton, TN 85069",2021-12-28
56,Brian Brewer,ttorres@example.com,"8741 Dillon Place Suite 252 Michelleberg, MA 39149",2022-01-09
57,Lisa Perry,jamesdixon@example.com,"67220 Martinez Views North Sarahmouth, GU 08640",2021-09-10
58,Kyle Riley,hannahstanton@example.net,"31015 William Hill Dwayneside, UT 51658",2024-05-10
59,Christina Peters,ymorris@example.net,"16770 Gordon Mountains Port Caitlinchester, WI 71717",2023-01-06
60,Amanda Kline,baxtersteven@example.org,"831 Amy Bridge Suite 858 North Tami, NV 00575",2022-12-07
61,Tracy Benson,chad64@example.com,"58139 Nancy Squares New Yvonnefurt, NC 03422",2020-08-31
62,Katherine Marshall,mbrown@example.net,Unit 9603 Box 1549 DPO AA 43211,2020-10-20
63,Matthew Johnson,mckenziecruz@example.org,"0014 James Flats South Kevin, ID 01967",2022-05-07
64,Gary Combs,nnichols@example.net,"86717 Logan Well Apt. 992 North Henryville, MN 04245",2022-03-23
65,Jack Cannon,hilllori@example.com,"6495 Cox Road Jimenezmouth, AR 51088",2024-02-21
66,Timothy Fleming,antonio98@example.com,"05029 Timothy Plains Apt. 408 North Davidburgh, VT 61141",2024-01-21
67,Anthony Anderson,toddblake@example.net,"9970 Valdez Flat Watersfurt, KY 79229",2022-07-03
68,Shannon Parker,zachary80@example.com,"7214 Stewart Loaf East Maria, NM 24487",2020-08-08
69,Mary Smith,romerocarrie@example.org,"995 Stacy Inlet West Austinborough, KS 16160",2024-04-28
70,Beverly Nunez,dferguson@example.org,Unit 4521 Box 5959 DPO AA 80693,2020-05-01
71,Ethan Smith,tstevens@example.com,"2374 Prince Shoal Suite 967 New Davidmouth, RI 10882",2021-02-10
72,Paul Davis,pgarcia@example.net,"80092 Heather Centers Michaeltown, WA 44725",2020-01-16
73,Thomas Gilmore,davisryan@example.org,Unit 3450 Box 7166 DPO AA 72714,2023-03-24
74,Miss Natalie Griffin MD,juliebooker@example.com,"0368 Spencer Spurs Apt. 456 Joshuashire, SC 47188",2022-07-25
75,Justin Wood,butlerconnor@example.net,"665 Joseph Estates Suite 172 New Stephanie, MO 43177",2022-12-17
76,Tammy Franklin,kaitlin00@example.com,"3277 Michele Crossroad Apt. 144 West Christopher, DC 20438",2023-12-02
77,Vanessa Perry DDS,melissamiller@example.com,"488 Buckley Path Laurashire, NM 36109",2020-10-12
78,Michelle Smith,rodrigueztimothy@example.org,Unit 1437 Box 1236 DPO AE 80254,2020-10-10
79,Joel Santos,staceycurtis@example.org,"59366 Edward Hills Tinachester, OH 35137",2024-01-25
80,Joseph Curtis,kenneth24@example.org,"PSC 9706, Box 1378 APO AE 06067",2023-09-21
81,Luke Stewart,martinsarah@example.org,"48841 Jessica Trafficway Apt. 437 Melissachester, KY 24239",2024-05-26
82,Isaac Schmidt MD,carias@example.com,"27570 Alexis Glen Suite 992 Onealmouth, OH 58268",2023-04-10
83,Michael Gay,batesdonald@example.org,"08445 Campos Island South Alison, FL 95958",2020-04-07
84,Samuel Hudson,hramirez@example.org,"3017 Phillip Road Apt. 324 Lewishaven, OR 62696",2020-01-20
85,Nicole Hodges,phelpschristian@example.org,"87165 Deleon Gateway New Annaland, NH 30880",2022-10-18
86,Hailey Espinoza,riverachristina@example.com,"PSC 7094, Box 1973 APO AA 68564",2021-08-18
87,Nicole Lewis,whiteheadashley@example.com,"74853 Garcia Ports East Steven, MT 65090",2022-02-17
88,Christopher Thompson,zlopez@example.org,"49303 Simon Bypass Suite 455 Claudiamouth, SD 00984",2021-01-06
89,David Hughes,diazandrew@example.net,"578 Floyd Mill Suite 382 North Christina, MH 56071",2022-11-02
90,Brandon Watson,johnharper@example.com,"667 Joyce Station Suite 457 Port Jessicastad, TN 81807",2022-07-10
91,Daniel Jackson,tracynguyen@example.com,"974 Keith Loop Apt. 439 Chungport, PA 95998",2023-01-14
92,William Robinson,melanierobinson@example.org,"286 James Alley Suite 843 Lake Jennifer, PA 89579",2021-01-08
93,Nicholas Figueroa,alejandroharris@example.com,"842 Henry Turnpike Suite 151 Port Lindsaytown, VT 36153",2021-10-17
94,Erik Conway,davidfowler@example.com,"45140 James Trail Richardsonmouth, FL 45910",2023-11-02
95,Kenneth Hampton,john86@example.org,"6304 Pratt Forest Suite 032 South Aaronstad, CO 09602",2023-01-21
96,Douglas Williams,aguirretravis@example.net,"948 Tracy Stream Ryanberg, AS 70380",2021-01-14
97,Sarah Gonzalez,kgoodman@example.com,"3416 Haley Roads Williamsstad, CO 41286",2024-07-13
98,Joseph Smith MD,mckenziejessica@example.com,"0820 Martinez Village Apt. 208 Port Jackview, IN 16889",2021-11-24
99,Lisa Gonzalez,georgeross@example.com,USNV Lopez FPO AA 53754,2022-02-26
100,Victor Nelson,tramirez@example.org,"598 Doris Ports Michelleton, NC 42075",2023-08-10
101,James Ramos,aaron79@example.net,USS Murray FPO AA 17907,2022-04-20
102,Marcus Flores,qlucas@example.org,"684 Hector Locks South Jennifer, OK 39322",2023-05-28
103,James Lane,bsanders@example.net,"9096 Hanson Junction Apt. 902 Shortton, PA 72385",2022-07-05
104,Kenneth Patton,jeffrey43@example.org,"3223 Walker Cliff Suite 196 West Kelseyfurt, AR 77402",2021-03-30
105,Jennifer Vance,david89@example.com,"150 Jacob Mountain Christineport, AL 29349",2024-05-17
106,Michelle Nelson,matthew82@example.org,"9171 Wright Lock Suite 702 East Beverly, ID 86501",2021-10-29
107,Eric Cole,cindy76@example.com,USCGC Watson FPO AP 15051,2022-07-05
108,Michael Smith,vsexton@example.net,"9822 Johnson Spur Suite 673 Anitaland, FM 57682",2021-03-21
109,Kathleen Bowen,garrettdavid@example.org,"1549 Brenda Courts Reynoldsside, PW 19639",2023-10-14
110,Mary Jackson,jacobhart@example.net,"075 Simmons Station North Markmouth, NM 60038",2020-06-25
111,Kayla Davis,lwoods@example.org,"1149 Misty Drive South Christinaview, GA 66646",2022-12-12
112,Lisa Jackson,rodriguezrachel@example.org,"14444 Alexander Spring New Joseph, WA 15858",2024-06-11
113,Charlene Miller,qjackson@example.com,"108 Michael Garden Apt. 360 Jacksonburgh, WI 69001",2022-01-01
114,Ashley Bradshaw,melissamarshall@example.com,"94109 Sherman Parkway Apt. 678 Grahamchester, IA 70729",2023-04-12
115,Michelle Roberts,jenkinsjonathan@example.org,"6669 Perkins Course East Christopher, ND 08580",2021-03-23
116,Karen Vance,bcamacho@example.org,"412 Jackson Centers East Julieville, SD 31017",2023-05-11
117,Deborah Bates,elainemullen@example.org,"629 Sandra Islands Suite 494 Port Crystalstad, AR 77791",2024-09-12
118,Michael Newton,ksloan@example.net,"687 Kaitlin Islands East Lisa, MP 28620",2020-11-25
119,Lauren Stephenson,jacksongregory@example.com,"62829 John Pines Allenchester, FM 78453",2021-05-24
120,Jessica Hudson,scottfrazier@example.org,"38173 Amanda Centers Port Valerieberg, TX 03327",2022-11-19
121,Thomas Russell,fhenderson@example.org,"7490 Jennifer Gardens Apt. 290 Washingtonshire, WA 74671",2021-04-01
122,Christopher Pham,valenciakevin@example.com,USS Massey FPO AE 04118,2024-07-20
123,Melissa Ramirez,taylorshannon@example.org,"92690 Mcpherson Pike Suite 067 Ryanberg, PW 08567",2021-08-06
124,Stephanie Zuniga,lterrell@example.net,"97674 Torres Ranch South Sheryl, NY 75892",2021-06-22
125,Michael Hansen,houstonkyle@example.com,"02375 Reeves Causeway Suite 994 Lake Jessica, MT 23007",2023-03-17
126,Alexandra Santiago,lawrencegood@example.org,"8018 David Knolls Suite 170 Lake Mariah, NY 55527",2020-09-16
127,Richard Williams,barry07@example.net,"0032 Christensen Square Armstrongmouth, AZ 11815",2021-06-15
128,Joshua Jones,sharon03@example.com,"446 Jason Lodge New Carolynland, PW 39259",2022-06-19
129,Scott May,randy17@example.org,"833 Robinson Plains West Michelleside, VI 73398",2020-04-11
130,Eric Moore,gomeznichole@example.com,"5889 Duncan Bypass East Joshuastad, FM 34837",2020-02-27
131,Rachel Kramer,david81@example.org,"1046 Maria Lakes New Jason, OK 28335",2022-10-08
132,Gina Berry,adavis@example.org,"678 Joseph Roads Apt. 663 Port Manuelburgh, MD 36939",2023-05-06
133,Nicole Roberts,asloan@example.com,"3058 Priscilla Drive Jessicaborough, AR 09449",2022-08-18
134,Julie Hughes,david88@example.net,"9244 David Ramp Apt. 607 Calderonborough, MH 07413",2023-07-22
135,Kenneth Melendez,gcurry@example.com,"413 Allen Haven New Matthew, PA 73906",2020-04-03
136,Ryan Moore,lopezdonald@example.org,"8283 Stephen Unions Suite 237 Briannahaven, DC 53574",2022-01-30
137,Robert Williams,dshort@example.net,"10631 Anthony Port Waltermouth, AL 89593",2020-04-04
138,Alison Hartman,jessicafloyd@example.net,"38538 David Glens Suite 184 Daveside, DE 81618",2021-07-04
139,Veronica Lee,rachelhawkins@example.com,"486 Wood Union West Brendanland, RI 50575",2021-01-11
140,Michael White,qoneill@example.net,"67325 Myers Prairie North Molly, FL 76706",2023-02-28
141,Robert Lynch,murphypamela@example.org,"00609 Larson Brook Suite 459 Port Michelle, AR 99173",2020-12-09
142,Kevin Foster,jstewart@example.com,"28085 Christopher Pike Apt. 027 Ericburgh, HI 31761",2021-01-08
143,Allen Miller,bbrown@example.org,"302 Boone Ferry Wrighthaven, MI 94108",2021-04-11
144,Samantha Torres,toddangela@example.net,"55925 Shane Vista Suite 008 Ritastad, FL 75761",2023-09-27
145,Ashley Young,maryhernandez@example.com,USNV Thornton FPO AA 40004,2022-03-19
146,Monica Butler,patriciakane@example.com,Unit 7882 Box 2762 DPO AP 83289,2024-03-02
147,Richard Perez,dgonzalez@example.net,"13575 Victoria Drive Lake Shelby, FM 61895",2022-01-26
148,Krystal Massey,jennifer86@example.net,"885 Savage Isle Suite 121 Parkerland, AR 16228",2020-05-04
149,Samantha Martin,matthewadams@example.org,"34882 Hector Creek Floresfurt, MP 89818",2021-06-09
150,Eric Peterson,janice32@example.org,"557 Campbell Run Cortezburgh, NV 57583",2024-01-07
151,Daniel Myers,bholloway@example.org,"427 James Ramp East Nicholasborough, PR 77488",2024-08-25
152,Dawn Rodriguez,lisa76@example.com,"45497 Sabrina Crest New Deniseside, TX 16139",2020-06-23
153,Laura Gilbert,cassandratucker@example.org,"483 Richardson Rue West Michelle, SD 71494",2023-09-27
154,Sean Garcia,freemancarrie@example.net,"8882 Rogers Corner Rachelfurt, FL 48195",2024-05-27
155,Mark Johnson,bgibson@example.com,USNV Flores FPO AE 23606,2024-01-22
156,Jennifer Bailey,taylorwolf@example.com,"044 Roberta Prairie Suite 882 Lake Anne, WV 59673",2024-08-21
157,Kimberly Ryan,allenapril@example.com,"0648 Velez Knolls Suite 654 Port Joseph, NC 54211",2022-01-24
158,Gina Franklin,angel33@example.com,"9132 Johnson Gardens Perkinsshire, VI 30848",2022-02-18
159,Nicholas Smith,jennifersmith@example.com,"1877 Jason Greens West Jacobview, NV 01015",2020-10-09
160,Robert Bennett,wallserin@example.net,"354 Sheila Ramp East Amber, NE 50386",2023-05-31
161,Dillon Nelson,clinton73@example.com,"03949 Lee Stravenue Suite 669 East Rebecca, FM 36511",2023-05-05
162,Patrick Arnold,scottwilcox@example.com,"05397 Thomas Road Suite 010 New Bernardville, NJ 83560",2024-04-29
163,David Valenzuela,jasonanderson@example.com,"5126 Daniel Fields Hughesstad, VI 99739",2020-04-01
164,Christy Carpenter,jenniferpatel@example.org,"84706 Simmons View Suite 672 North Cynthia, GU 13106",2023-08-24
165,Alan Ali,wileylinda@example.org,"3218 Cooper Trail Elizabethland, WI 11644",2022-10-06
166,Alicia Jimenez,gomeztracy@example.net,"PSC 8138, Box 9000 APO AP 20425",2023-05-13
167,Mrs. Brenda Wagner,ewatson@example.com,"414 Gray Key Apt. 506 Markmouth, MS 58858",2021-07-16
168,Connor Smith,davidhansen@example.org,"800 Johnson Ridge North Kerriside, MO 11082",2023-06-10
169,Steven Hanson,tyronenelson@example.net,"52565 Debra Plaza Scottborough, LA 51823",2020-09-03
170,Chad Smith,annaparks@example.org,"7753 Sandra Point Apt. 486 Kathyhaven, SC 92871",2020-09-04
171,Jonathan Wolfe,eric24@example.com,USNS Gross FPO AP 88506,2021-04-19
172,Kristina Tyler,james14@example.net,"024 Jessica Divide Lestad, AS 58755",2020-08-03
173,Isaac Moore,sandramontgomery@example.com,"63175 Malone Key Apt. 004 South Michael, RI 66805",2023-03-02
174,Christian West,april05@example.net,"28092 Cassandra Harbor Edwardshire, CT 47888",2021-05-18
175,Stephanie Nguyen,robertthompson@example.com,"942 Lynch Glen Suite 266 New Jeffreychester, PA 70262",2021-11-22
176,Leroy Olson,lopezann@example.net,"858 Burton Oval Suite 763 North Christopher, TX 30496",2023-05-03
177,Anthony Little,lstephens@example.org,"6152 Hodge Way Apt. 120 Meyerfort, GA 24236",2024-08-01
178,Patricia Browning DDS,pmccarthy@example.org,"67137 Jennifer Manors Kerriview, AL 48386",2024-04-23
179,John Lopez,william49@example.org,"88550 Yang Ranch Apt. 472 West Catherinefort, MT 99191",2024-06-05
180,Mackenzie Griffin,gonzalesnancy@example.net,"4970 Garcia Walk Suite 097 Port Tomshire, MT 61339",2024-05-17
181,David Hernandez,samantha01@example.com,USCGC Young FPO AA 92565,2023-01-27
182,Sean Matthews,johnrose@example.net,"6780 Richard Hill Apt. 037 Aaronbury, MO 21206",2020-08-11
183,Tammie Crawford,jeffrey16@example.com,"05842 Palmer Drives Suite 821 West Annaburgh, GA 20261",2023-04-17
184,Scott Harris,ljacobson@example.net,"055 Johnson Pass Heathborough, WY 22079",2020-11-02
185,Sarah Martin,mary07@example.net,"94420 Jennifer Cape Apt. 886 Donaldsonview, FL 50204",2021-04-06
186,Anthony Smith,josephrodriguez@example.net,Unit 8162 Box 6656 DPO AE 40237,2023-09-30
187,Kevin Flynn,thomasbryant@example.net,"0443 Keith Roads Davidsonville, DC 23245",2024-02-18
188,Laura Collins,elizabethosborne@example.net,"00703 Lindsey Gateway Suite 383 Port Brad, LA 68835",2023-01-27
189,Julie Garrett,montoyarussell@example.org,"70528 Noble Lakes West Donnafurt, LA 68005",2022-07-31
190,Tracie Sullivan,phardy@example.net,"26736 Lin Pike North Janiceton, ID 70334",2023-04-20
191,Anne Morris,sgibson@example.net,"267 Horne Heights South Jessicahaven, RI 41950",2020-12-06
192,Aaron Williams,simsryan@example.com,"26270 White Key Lake Kelly, NJ 01380",2023-07-06
193,Brian Hernandez,qjohnson@example.com,"41997 Mayo Shoals New Nathan, IL 72206",2024-08-05
194,Jennifer Marshall,david23@example.com,"9342 Lane Canyon Lake Katelyn, AZ 45477",2024-05-10
195,Frank Bryant,hawkinslaura@example.net,"0343 Kennedy Brook Apt. 831 West Emilyberg, NH 01401",2024-09-08
196,Carla Sanchez,zoemunoz@example.net,"473 Bethany Mission Lake Stephanie, KY 60405",2024-10-02
197,Elizabeth King,nperez@example.org,"380 Patterson Inlet Apt. 958 Osborneland, UT 29264",2024-08-12
198,Mark Martinez,llong@example.org,"8873 Adams Wall Parkerfort, WA 66574",2023-03-06
199,Fred Roth,joseph65@example.org,"0022 Brown Skyway North Michelle, CT 64193",2021-08-19
200,Joshua Hardin,hobbsaaron@example.org,Unit 6922 Box 0966 DPO AE 16051,2022-09-27
201,Heather Ortega,chad77@example.com,"457 Brian Dam Apt. 512 East Christinetown, VI 35829",2023-06-28
202,Kelsey Whitney,judithcruz@example.org,USCGC Zimmerman FPO AP 94903,2023-01-03
203,Sharon Smith,melaniesmith@example.org,"PSC 9776, Box 6497 APO AA 34317",2023-01-29
204,Randy Moses,julie83@example.org,"45575 Manuel Views East Pamela, FM 66667",2024-02-28
205,Annette Andersen,whitedavid@example.net,"125 Rebecca Meadow Apt. 575 Hansenhaven, MT 80436",2023-12-18
206,Kenneth Vasquez DDS,gcase@example.com,USS Smith FPO AE 36935,2021-10-27
207,Jeffrey Powell,millerjennifer@example.org,"4489 Michelle Place Apt. 635 North Sandra, NC 92366",2022-11-24
208,Joseph Munoz,xjones@example.net,"674 Olson Forge Emilymouth, PA 64758",2022-10-31
209,Thomas Barnett,heidihaney@example.org,"0648 Garrett Summit Apt. 065 Vanceborough, NV 57213",2022-06-30
210,Antonio Vargas,rushcindy@example.org,"24200 Green Manor Shelbyberg, SC 84881",2022-10-29
211,Cynthia Wright,christinataylor@example.com,"1405 Douglas Ferry Apt. 286 Smithside, AK 59996",2023-02-15
212,Pamela Hull,melodycraig@example.org,"737 Smith Via Apt. 746 Warrenmouth, CT 79331",2022-06-07
213,Robert Sanchez,urodriguez@example.com,"964 Kim Park Port Michael, MO 68453",2022-12-01
214,Jessica Hill,deborahgarrison@example.com,"7432 Guzman Keys Scottberg, FL 02795",2022-06-12
215,Kelly Sheppard,moorejoseph@example.com,"PSC 0264, Box 6697 APO AE 80082",2023-10-23
216,Lisa Harris,qcohen@example.org,"975 Carr Ridges Port Brendachester, KS 61813",2020-02-10
217,Ashley Cole,davidwilliamson@example.org,"70767 Vanessa Cape Wilkinsland, IL 05196",2020-02-04
218,Elizabeth Dominguez,ellisonbrittany@example.com,"259 Jacobson Parkway Stephenport, AL 87923",2020-04-10
219,Marie Barrett,molly70@example.net,"19438 Stanley Flat Apt. 852 Lake Matthewville, MP 46896",2020-01-16
220,Elizabeth Garcia,zsmith@example.com,"3477 Jasmine Field Williamfurt, ND 12819",2023-02-22
221,Katie Harris,travis07@example.com,"6634 Rodriguez Neck Barrettside, GA 52521",2024-06-01
222,Travis Martin,kevin99@example.net,"25454 Sheila Ramp Suite 364 Port Matthewstad, MH 37138",2022-06-06
223,Anthony Johnson,voneill@example.com,"9055 Morton Field North Beth, MO 64536",2024-05-31
224,Erin Bean,whitakermia@example.net,"6611 Mercado Roads Apt. 190 Diamondborough, TN 72173",2024-06-24
225,Robert Schmidt,erollins@example.com,"8165 Deanna Lake Monicaborough, FL 96747",2024-01-02
226,Joel Underwood,marydiaz@example.net,"91620 Spears Center Lake Sandraburgh, SD 39953",2020-03-19
227,Kayla Barker,gstewart@example.com,"7207 James Corner Apt. 451 Andersonfurt, FL 79507",2023-10-30
228,Lisa Becker,yhooper@example.com,"0934 Hess Flat Apt. 051 Tammyberg, MA 09012",2023-12-05
229,Benjamin Miller,apeters@example.net,USNV Lara FPO AA 77359,2024-07-22
230,Karen Morales,kari51@example.org,"9798 Martinez Fort Lake Derek, AL 73354",2021-11-29
231,Joan Welch,mpayne@example.com,"108 Tina Divide Apt. 178 East Traviston, UT 06956",2022-04-08
232,Laurie Everett,lindaevans@example.com,"139 Hull Lodge North Vincentfurt, CA 79889",2023-03-17
233,John Wilson,rachel31@example.org,"476 Rose Stream Adamland, ND 83474",2020-06-14
234,Rebecca Smith,rturner@example.org,"758 Walter Radial Deniseborough, IA 25820",2021-07-05
235,Dylan Hall,oduke@example.net,Unit 8382 Box 7805 DPO AE 55317,2021-07-23
236,Anna Carr MD,kathymeyers@example.com,USNV Zimmerman FPO AE 72351,2024-02-06
237,Brianna Thomas,xfigueroa@example.org,"5678 Chelsea Orchard Davidhaven, DE 11111",2021-07-09
238,Alexandria Flores,miadavenport@example.net,"02802 Beth Summit South Hector, TX 63261",2022-03-19
239,Emily White DVM,ortegasara@example.net,"895 Jasmin Trace Apt. 285 Washingtonhaven, FL 48786",2022-05-30
240,Logan Alvarez,khernandez@example.com,"152 Lydia Forges Apt. 954 South Jessemouth, KS 89839",2020-07-24
241,Jasmine Williams,monica57@example.org,"7976 Brad Flats Apt. 759 West Gabrielland, WV 95853",2024-01-25
242,David Wade,fclark@example.org,"701 Thomas Way Harrisberg, ID 62482",2022-03-20
243,Michelle Evans,rachel24@example.net,"6080 Perez Common Lake Patrickmouth, NJ 36246",2020-01-15
244,David Harris,kellyheather@example.com,"875 Donna Viaduct Apt. 189 East Courtney, AS 07944",2020-04-13
245,Amy Dickson,hayserin@example.com,"36071 Allen Mount Suite 220 Port John, WV 65548",2021-01-05
246,Sabrina Alexander MD,barbaratate@example.org,"57312 Kyle Forges Port Raymond, IN 59394",2021-04-17
247,Stephen Herring,wesley10@example.net,"167 Jackson Underpass Johnsonbury, NH 38197",2020-12-16
248,Ashley Gordon,estradanicholas@example.com,"763 Martinez Mission Suite 777 East Laurie, WY 06760",2020-07-22
249,Johnny Beltran,dtaylor@example.org,Unit 5865 Box 3807 DPO AA 49900,2023-08-01
250,Seth Cox,hernandezshirley@example.net,"PSC 5225, Box 2313 APO AA 23074",2021-12-20
251,Toni Hurst,patrick36@example.org,"298 Melissa Springs South Maureen, MI 49755",2023-05-04
252,Michelle Taylor,xgoodwin@example.net,"2285 Brown Ferry West Amanda, WV 04622",2022-11-19
253,Julia Jackson,jreid@example.org,"9683 Todd Extension Suite 361 Lake Denise, NC 50765",2021-01-24
254,Kimberly Fowler,qlogan@example.com,"2752 Paul Plaza Port Cassandra, NM 56341",2023-11-28
255,Kelly Thompson,carriegraves@example.net,"53937 John Walks Brandiside, PA 27650",2022-10-10
256,Meredith Pacheco,wguzman@example.net,USS Ward FPO AE 55662,2021-01-23
257,Audrey Turner,aaron74@example.com,"680 Stephanie Ways West Donald, NH 17908",2021-06-23
258,Martin Huerta,lauriebaldwin@example.net,"26357 Francis Trail Gonzalezfurt, AK 69539",2022-07-18
259,Peter Kemp,robertobrown@example.org,"9016 Robin Springs West Mariaton, UT 55316",2024-04-18
260,Sherry Andrews,toddhuffman@example.net,"987 Conley Forges West Heidichester, AK 23764",2021-06-07
261,Timothy Sheppard,katherinegould@example.net,"83696 Ronald Drive East Aaron, SC 33777",2020-10-15
262,Linda Smith,lisabeck@example.com,"9285 Omar Bypass New Brittanyland, PW 89480",2022-06-11
263,Elizabeth Taylor,welchshelly@example.com,"0515 Austin Corners Suite 780 West Willieview, WI 57467",2024-07-29
264,Benjamin Reynolds,jillthompson@example.net,"3292 Johnson Port Apt. 055 Port Krystalfort, GU 36785",2020-01-19
265,Martin Knight,mitchellmary@example.com,"9210 Howard Tunnel Suite 828 Lake Williammouth, SC 76144",2023-08-08
266,Keith Bush,esmith@example.com,"2311 Brittany Isle West Jessica, ID 35290",2024-09-09
267,Eric Stewart,amyfranco@example.com,"08098 Martinez Courts North Sylvia, VA 63035",2020-06-02
268,Ricky Kennedy,lopezmatthew@example.org,"109 Berry Manor South Bryanport, OH 19929",2022-10-31
269,Scott Pugh,rowesarah@example.net,"152 Adams Fort North Tina, TX 71902",2021-03-18
270,Alexis Davis,nbanks@example.org,"8961 Thomas Drives Apt. 896 Jimmyburgh, ID 26082",2022-12-08
271,Kelly Hurst,reedbenjamin@example.net,"89448 Brock Centers Apt. 717 Elliottland, UT 79761",2021-02-14
272,Kim Stevens,shortholly@example.org,"238 Charles Tunnel Davidchester, IL 33384",2020-05-24
273,Jeffrey Smith,rachel93@example.com,Unit 2643 Box 5780 DPO AA 63462,2024-01-16
274,Joseph Ross,kpierce@example.com,"180 Anthony Ferry Apt. 286 Garciafort, MS 87628",2023-04-08
275,Michele Wall,jessethompson@example.net,"56502 Nancy Center Lake Melissa, VA 37111",2021-12-29
276,William Barnett,lisa60@example.net,"95947 Toni Camp West Miguelchester, VT 73844",2024-10-08
277,Christian Garcia,qrhodes@example.net,"6760 Carlson Lights Suite 922 Griffithchester, NM 82191",2024-04-07
278,Sergio Perez,underwoodcameron@example.com,"58386 James Union Suite 474 West Jilltown, FL 36872",2023-05-22
279,Kyle Wall,millercarlos@example.com,"4310 David Path Suite 020 Steventon, MH 92793",2024-02-18
280,Raymond Reeves,abigailgray@example.net,"02434 Patrick Village West Madison, HI 05060",2023-09-18
281,Mathew Thomas,danamartin@example.org,"36347 Young Wells Calvinport, SC 39155",2020-01-24
282,Courtney Williams,anitasanchez@example.net,"PSC 9706, Box 4093 APO AP 62345",2023-07-31
283,Joseph Rodriguez,washingtonpaul@example.org,Unit 1723 Box 1065 DPO AP 65236,2021-08-31
284,Cheyenne Morris,brandon58@example.com,"432 Ann Turnpike Port Beth, AZ 28502",2023-01-14
285,Matthew Alvarez,batesmichelle@example.com,"4268 Nicholas Port Lucasmouth, NE 78674",2022-04-06
286,Jennifer Hayes,andrew90@example.net,"534 Thompson Ways Suite 344 West Dennishaven, GU 69119",2021-09-12
287,Jacqueline Reynolds,robert34@example.net,"75560 James Fields East Cindy, ME 68277",2021-11-09
288,Lisa Jenkins,zimmermanjames@example.net,"785 Paul Lakes Port Peterside, OK 31738",2020-07-05
289,Benjamin Drake,eric27@example.org,"9548 Stephens Avenue Karenshire, MS 67690",2020-05-02
290,Richard Reyes,oliviabell@example.net,"1736 Brown Plaza Suite 477 Ginabury, UT 67953",2022-05-14
291,Belinda Ortega,hsantos@example.org,"3779 Timothy Ways Apt. 984 South Tonyburgh, KS 90759",2021-03-26
292,Philip Schmidt,elizabethpierce@example.org,"2623 Jay Hollow Stephanieborough, MT 14525",2020-09-16
293,Jessica Hamilton,tracypowell@example.net,"246 Sean Tunnel Apt. 314 Port James, NC 59009",2022-06-05
294,Brittany Davidson,jessicawilliams@example.net,"01718 Kemp Overpass Suite 277 Port Monicaside, NV 12546",2023-01-31
295,William White,steven84@example.net,USS Jackson FPO AP 89645,2024-07-29
296,Andrew Smith,xrivas@example.org,"1547 Brown Heights Apt. 466 Michaelborough, MD 76982",2022-09-09
297,Shawn Green,baldwinphillip@example.com,"350 Phillip Court Suite 014 Brownton, TN 69270",2021-05-11
298,Gina Wright,johnmaynard@example.net,"2960 Neil Lodge Apt. 890 Villaview, FM 23615",2023-04-24
299,Eric Hernandez,vjones@example.org,"7423 Strickland Mountain Apt. 590 South Cassandra, NH 45459",2020-12-03
300,Angie Burton,abigail03@example.com,"365 Tara Gateway Suite 600 Martinezfurt, DC 92806",2021-10-26
301,Brenda Trevino,hardyashley@example.com,"09818 Roth Creek Port Rachel, WV 12286",2024-07-16
302,Vicki Butler,rebeccaarellano@example.com,"3367 Timothy Freeway Davistown, MH 89667",2023-03-01
303,Kevin Potter,shelly37@example.com,"59174 Nguyen Trail Rebeccafort, LA 56197",2023-01-10
304,Sara Calderon,xbush@example.com,"2994 Rodriguez Expressway Suite 005 East Christianside, AL 42759",2023-06-19
305,Erica Payne,samuel31@example.org,"02164 Ingram Station Apt. 544 Audreyberg, PW 70069",2022-04-16
306,Denise Nguyen,paige19@example.net,"1564 Padilla Point Weberfurt, NE 18945",2021-07-26
307,John Jones,john68@example.org,"647 Parker Points New Dawnberg, WV 50010",2020-08-03
308,Jennifer Dixon,kellerlinda@example.org,"41053 Parker Union Michelleside, PW 16105",2022-11-04
309,Sherri Bell,arnoldmichael@example.org,"24967 Caroline Creek Apt. 206 East Charles, GA 75345",2023-03-18
310,Pamela Rivera,james16@example.com,"356 Allen Rapids Rachelborough, OR 17836",2022-03-15
311,Laura Lopez,rray@example.org,"89464 Freeman Viaduct Apt. 528 Port Stacy, ME 33779",2022-12-26
312,Shari Robinson,charles42@example.com,"85255 Veronica Wall Villanuevabury, MS 34363",2021-04-28
313,Brittney Campbell,bcain@example.net,"93549 Ashley Burg Shannontown, ME 16203",2021-07-10
314,Courtney Evans,harrisronald@example.com,"60443 Gonzalez Trail Apt. 172 Garrettchester, GU 02451",2021-04-13
315,John Nelson,jessicagraham@example.net,"9334 Green Fort Deborahfurt, DC 58390",2020-05-18
316,Laura Dean,zbell@example.com,"622 Barrett Roads Apt. 313 Lindaland, VA 65018",2022-01-19
317,Victoria Bridges,angela73@example.com,"07228 Hansen Lakes East Michaelbury, IL 41069",2023-03-18
318,Michael Herring,rebeccashort@example.com,USNV Moody FPO AE 01152,2020-04-19
319,Jessica Chambers,richnatasha@example.net,"097 Payne Summit Lake Holly, MS 39897",2020-09-23
320,Justin Clayton,ajohnson@example.net,"3339 Tracey Field Tinatown, MT 23654",2022-02-16
321,Rachel Cruz,alex84@example.org,"890 Stephanie Circles Apt. 701 East Tannershire, NC 41935",2023-10-09
322,Kaitlyn Mcclure,trevor78@example.net,"1524 Christie Path Jenniferport, UT 15193",2020-05-03
323,James Leonard,diazkristi@example.org,"893 Virginia Skyway Suite 961 South Brittneyberg, AZ 64243",2024-08-25
324,Michael Bradford,obrown@example.net,"741 Thomas Ramp Apt. 987 Matthewstad, LA 34870",2023-10-31
325,Joshua Miller,stephenskristina@example.org,"60049 Shaffer Groves Apt. 569 East Henry, MH 69284",2022-07-05
326,Frank Bridges,powersmichelle@example.org,"10456 Gabriel Flats Johnberg, VA 97313",2022-03-12
327,Devon Long,shawn46@example.net,"18477 Ward Land Stevenhaven, NV 02719",2021-10-25
328,Jessica Wright,john08@example.com,"944 Misty Via New Scottside, NH 42493",2024-03-02
329,Jodi Hart,matthewhouse@example.org,"PSC 1592, Box 8219 APO AE 51619",2021-11-17
330,Kenneth Gibbs DDS,laurieanderson@example.net,"9713 Robert Land Suite 843 Lake Jay, MP 91161",2021-03-27
331,Kevin Weber,stevenseduardo@example.org,Unit 6518 Box 9420 DPO AE 07288,2023-03-25
332,Claire White,hthompson@example.net,"87053 Tracy Orchard Suite 159 Anthonymouth, IN 95076",2021-04-02
333,Jon Thompson,walkernichole@example.net,"44272 Jessica Cliff South Justintown, MA 39537",2021-10-01
334,Sarah Shepard,tracey61@example.org,"98403 Jerry Falls Suite 814 Lake Michael, ME 70328",2023-11-13
335,David Bernard,alvarezlauren@example.org,"625 Roger Extensions Apt. 030 West Jeffreymouth, IA 56539",2023-01-12
336,Kathleen Richardson,jsandoval@example.org,"64333 Carolyn Loaf Jacksonstad, IL 49775",2024-02-02
337,Donald Bell,hjordan@example.net,"3129 Cynthia Drive New Manuelhaven, WA 06068",2023-12-01
338,David Grant,smithkathleen@example.net,"40826 Jacobs Plains Suite 227 Port Emilyberg, AR 45095",2020-01-10
339,Carl Johnston,joan72@example.com,"194 Lam Rapid Karlaville, AL 42612",2023-01-06
340,Vincent Whitaker,paul23@example.com,"0991 Lauren Trail South Ashlee, VA 83580",2024-05-10
341,Eric Lopez,xperry@example.com,"987 Smith Mount Apt. 936 Lake Markberg, CT 29389",2022-09-03
342,April Hart,jenningsmonica@example.net,"302 Pam Roads Apt. 971 New Adam, UT 32342",2021-11-02
343,Russell Blanchard,tshepard@example.net,"25714 Matthew Track Apt. 084 Rossport, MA 71394",2023-05-19
344,Duane Galloway,lcunningham@example.org,"0963 Alan Ville Apt. 284 Walshchester, TX 03650",2021-03-21
345,Krista Park,esmith@example.com,"40225 Freeman Keys Suite 807 Lake Thomasville, CT 44073",2020-06-20
346,Tammy Castillo,stevenmartinez@example.com,"738 Suarez Fort South Brianfort, MD 49886",2020-01-22
347,Brittney Ramirez,qadams@example.org,"31830 Jessica Rest Suite 206 Port Ralphshire, AR 50488",2023-11-14
348,Stacy Brown,walshryan@example.org,"909 Charles Courts Port Paulstad, MP 39444",2021-12-08
349,Bianca Williams,freyes@example.net,"833 Katherine Drive Apt. 937 North Jenniferfort, FM 37614",2022-09-19
350,Matthew Peters,jessica52@example.com,"400 Sutton Harbor Apt. 973 South Ninamouth, RI 19397",2024-08-08
351,Janet Silva,hyoung@example.net,"078 Rodriguez Club New Michael, WI 63407",2023-04-03
352,Erin Torres,sheilalara@example.com,"47766 Mills Stravenue Dunnport, RI 20836",2020-12-23
353,Timothy Mcneil,wrightnancy@example.org,"3208 Shirley Lodge Charlesmouth, MT 20741",2021-08-26
354,Joann Mason,peter09@example.org,"103 Andrew Dam Suite 867 Natalieview, SD 26765",2020-09-10
355,Melissa Bailey,shawmichelle@example.org,"64346 Bullock Mount Apt. 129 West Sheilaport, MD 23921",2021-07-28
356,Melissa Montgomery,nreynolds@example.org,"59362 Jasmine Loop North Molly, MH 02075",2021-07-09
357,Seth Allen,dcruz@example.org,"409 Cross Path Apt. 586 Hollandfurt, NC 25214",2022-06-19
358,Ian Morton,christy87@example.net,"93128 Joel Lodge Suite 778 Vincentport, MO 58154",2022-02-16
359,Shawn Mcbride,thompsonkevin@example.net,"1556 Chad Trail Suite 109 East Troyberg, KY 52546",2024-08-19
360,Ashley Blackwell,khodges@example.org,"497 Davis Station Apt. 915 Jillfurt, WY 32992",2021-02-28
361,Tammy Lawrence,tiffany08@example.org,"70821 Jackson Manors Apt. 384 New Shelly, ND 90762",2020-06-27
362,Phillip Wilson,zbraun@example.org,"4613 Martin Orchard South Joshuaberg, AL 14245",2023-07-28
363,Lisa Gonzalez,mariohoffman@example.com,"39633 Wilkins Hills Kemphaven, KY 42650",2021-06-25
364,Paula Chavez,davidyoung@example.com,"18554 Wilcox Lakes North Joshua, AZ 25895",2024-02-24
365,Nathan Brown,richard26@example.org,"909 Adrian Greens Christinabury, LA 86723",2022-09-25
366,James Gonzalez,jarvisshannon@example.com,"63138 Clayton Cliffs Apt. 721 Randytown, OK 27142",2022-08-19
367,Timothy Johnson,jennifergamble@example.net,"13604 Alejandro Manors Apt. 393 Sampsonton, WV 71154",2020-05-11
368,Kenneth Davila,alexis36@example.org,USNS Acosta FPO AA 24812,2022-04-24
369,Mark Clark,morajohn@example.com,"71056 John Brook Apt. 083 Morenochester, ME 13386",2022-11-01
370,Christopher Gonzalez,kellyperez@example.net,"PSC 7302, Box 9162 APO AE 13598",2023-03-26
371,Kimberly Reynolds,sonya24@example.org,"77873 Lori Track Neilville, WI 96288",2020-06-15
372,Michael Taylor,jillkerr@example.org,"0002 Kenneth Village Apt. 868 East Kevinborough, SD 52353",2021-04-09
373,James Barnett,calhounbrittany@example.net,"031 Franco Rue Atkinsonport, PA 38325",2021-04-05
374,Jacob Cooper,kgardner@example.com,"02843 Kimberly Trail Suite 048 West Laura, MN 14140",2020-02-18
375,Tara George,qfitzpatrick@example.net,"PSC 5120, Box 7007 APO AE 26063",2024-08-03
376,Elizabeth Carter,umiller@example.net,"4863 Jeffrey Forks Apt. 803 Port Wyatt, MA 47347",2024-01-18
377,Patricia Garcia,scottstephanie@example.org,"14173 Hannah View Apt. 771 Michaelton, LA 93709",2022-08-17
378,Tony Pena,mary38@example.org,"8182 Kaiser Valley Apt. 251 South Hayden, MP 15278",2020-11-18
379,Jodi Mcdonald,sonyamahoney@example.com,Unit 3095 Box 4320 DPO AE 38679,2021-03-08
380,Julie Hendricks,fullerkimberly@example.net,"752 Charles Vista Allenhaven, MO 37407",2022-02-24
381,Michael Garcia,davidrivera@example.com,"944 Bill Estates Apt. 290 North Brandon, MD 80916",2024-09-24
382,Kimberly Lopez,emaddox@example.org,"266 Harris Route Apt. 427 South Jameschester, RI 59762",2024-10-01
383,Chris Chandler,alexanderbrian@example.net,"32257 Kim Fords New Steven, AS 22881",2021-03-20
384,Eric Brown,timothygolden@example.net,"696 Beard Ville Apt. 489 West Alejandro, NY 01836",2024-01-06
385,Kim Castro,patriciajackson@example.net,"38251 William Bridge Apt. 220 Smithland, ME 79150",2023-07-12
386,Tiffany Lester,michelle88@example.org,"4482 Sanchez Mountains Suite 777 Moorehaven, ID 68766",2023-09-02
387,Lori Mendoza,curtisbennett@example.net,"PSC 6810, Box 1045 APO AP 89480",2022-08-26
388,Caleb Mcintyre,nathan65@example.org,"422 Watts Crest Kimberlymouth, NC 31174",2023-08-14
389,Shelby Fuller,jessicabell@example.org,"302 Hernandez Terrace Luisborough, VA 31198",2022-02-06
390,Kathryn Cohen,keithgreen@example.com,"61830 Jimmy Landing Smithton, NH 01897",2022-02-10
391,John Parker,jensenjohn@example.com,"44601 Pena Junction Apt. 971 Thompsonfurt, ND 67918",2021-02-16
392,Lisa Cobb,hubbarddavid@example.com,"1911 Jon Road New Lee, KY 56547",2023-06-04
393,Jesse Morrison,lowemary@example.org,"09454 Miller Skyway Spencerville, CT 96849",2021-10-01
394,Jack Donovan,natalie27@example.com,"5008 Amber Plains Apt. 622 Andrewton, DE 66103",2021-09-25
395,Sheila Miller,wendy22@example.com,"6961 Dana Fields Suite 135 South Timothyfurt, MI 11187",2021-08-28
396,Vanessa Taylor,ywatson@example.net,"72003 Jackson Knolls Apt. 479 New Adammouth, NC 94300",2021-04-08
397,John Roach,lunamichelle@example.com,"71493 Nathan Burgs West Tyrone, OR 01481",2024-10-07
398,Tamara Golden,eugene01@example.org,"93417 Larry Rapid Suite 201 Port Kyle, MH 93034",2020-06-13
399,Mark Cain DVM,wshields@example.org,"16718 Meagan Inlet Suite 624 West Connie, AZ 42587",2023-06-15
400,Melissa Miller,anthonyaustin@example.com,Unit 5106 Box 7342 DPO AE 34286,2024-07-31
