id,name,email,address,date_joined
1,Christopher Alexander,rick99@example.com,"9644 Thomas Drive Port Alexandrastad, AL 49046",2024-07-02
2,Sara May,scottalexander@example.com,"91879 Elliott Keys Lake Brettland, PW 38838",2021-11-22
3,Marc Nelson,rryan@example.net,"0870 Haynes Meadows Port Taylorberg, WV 49780",2020-01-08
4,Pamela Martinez,anthony95@example.org,"394 Desiree Tunnel Whiteville, IN 21414",2023-08-05
5,Charles Jenkins,sanchezanthony@example.net,"0317 Ryan Ridge Port Eric, ME 92529",2020-10-09
6,Deborah Bradford,michaelbell@example.com,"90561 Myers Village Brookston, NJ 54899",2022-01-18
7,Stephanie Allen,thomas68@example.org,"85406 Baker Forges Hannahshire, MD 90867",2021-08-27
8,Kristy Allen,kimberly31@example.com,"93571 Duncan Port Apt. 564 New Jason, RI 13271",2021-04-19
9,Veronica Castaneda,christophergibson@example.org,"56289 Smith Roads South Erikaport, FL 82994",2023-07-30
10,Anthony Thompson MD,armstrongpaul@example.com,USS Sims FPO AA 16202,2020-10-19
11,Deborah Peterson,christopher26@example.com,"2705 Janet Ramp Stephanieborough, IA 01300",2020-08-23
12,Stephen Mann,charles97@example.org,"403 Hodges Port Apt. 047 North Stephanie, KS 37308",2022-01-10
13,Vicki Smith,abigail44@example.com,"584 Woods Plains New Davidchester, AZ 39278",2023-09-08
14,James Thompson,james72@example.net,"244 Walker Ville Alicemouth, DC 21024",2021-11-17
15,Nicholas Zimmerman,stevensanchez@example.org,"869 Victor Rapids Butlerport, MS 39567",2020-09-26
16,Kevin Clark,sara56@example.net,"729 Fritz Extensions North Stephenside, RI 64474",2022-05-23
17,Eric Jackson,allencisneros@example.org,"80314 Kelly Extensions Apt. 644 Lake Joseph, NM 09647",2022-01-12
18,Gregory Palmer,ocoleman@example.com,"4293 Clarke Green Suite 707 Rebeccaton, PR 40704",2022-03-25
19,Jessica Doyle,michaelgill@example.net,"570 Bass Lodge East Brittanyport, DC 68848",2023-09-13
20,Mary Garrett,xlopez@example.net,"68983 Page Mount Apt. 489 East Kristina, IL 95991",2023-06-23
21,Joseph Salazar,mullinscathy@example.com,"438 Rhodes Port Suite 808 New Valerieport, GU 58564",2021-03-03
22,Denise Wong,heather35@example.com,"723 Graves Oval Apt. 187 Ramosstad, ME 60576",2023-01-23
23,Alicia Dickson,phillip73@example.net,"2065 Jacob Mall Suite 074 East Crystalview, PA 90617",2022-09-12
24,Oscar Nelson,timothymays@example.net,"91187 Lisa Islands Espinozaton, AR 46105",2022-10-29
25,Elizabeth Rivera,stephanie90@example.org,"65705 Rachael Plaza Apt. 697 Irwintown, IL 20166",2022-03-10
26,Jamie Kim,wlee@example.org,"23993 James Branch South Sergiochester, UT 16783",2022-01-28
27,Ruth Gonzales,fsmith@example.org,Unit 2399 Box 7296 DPO AA 14002,2022-09-12
28,Gregory Robinson,sarahhudson@example.org,"77824 Kenneth Circle Suite 556 Leview, AK 50372",2020-02-12
29,Brian Henry,josephbarnett@example.org,"81183 Patterson Views Apt. 689 Brownview, NE 96437",2021-10-13
30,Tracy Mccullough,wsimpson@example.com,"0804 Michael Springs North Michaelburgh, LA 26817",2020-01-01
31,Ryan Patterson,bgamble@example.com,"090 Johnson Mission South Sarahfurt, ID 85454",2023-07-21
32,Larry Schmitt,ocarr@example.com,"26645 Judith Ferry Apt. 362 Adamfort, ID 56760",2022-10-12
33,Sarah Alvarez,johnallen@example.net,"580 Garcia Bridge Robbinsstad, AS 47105",2020-11-10
34,Allison Roberson,piercemichael@example.net,"64737 Catherine Walks Suite 345 Garzafort, WV 27684",2024-03-02
35,Tracy Holmes,jonescathy@example.net,"877 Kimberly Trace Suite 014 Abbottside, MP 54528",2022-07-28
36,Nicholas Marshall,lisasmith@example.com,"817 Kimberly Valleys Apt. 369 Pricefurt, KS 79940",2021-08-23
37,Zachary Smith,melendezgabrielle@example.net,"6864 Timothy Radial New Lance, HI 22903",2024-09-24
38,Brian Nelson,heather84@example.net,"PSC 7734, Box 3074 APO AA 94606",2023-06-27
39,Michael Rodriguez,amy04@example.net,"58234 Kristin Mission Suite 917 Thomasside, AS 30476",2020-11-03
40,Kelly Moon,crystal66@example.net,"5762 Hernandez Common Christophermouth, RI 53941",2022-04-02
41,Shane Alvarez,mariahsanford@example.net,"PSC 2734, Box 9337 APO AE 16508",2024-04-07
42,Gabriela Rhodes,robyn87@example.net,"2727 James Fall Apt. 490 Harrystad, OR 46136",2024-08-05
43,Derrick Stephens,joneszachary@example.net,"830 Alexander Shore South Kelsey, UT 45732",2024-01-03
44,Charles Golden,jhanson@example.org,"2098 Frank Forges East Martha, MO 25411",2021-07-28
45,Jeremy Miller,tammyallen@example.com,"568 Louis Pike Suite 226 Jasonton, SC 03128",2023-09-01
46,Jamie Patel,jordan03@example.com,"816 Faulkner Roads Suite 716 New Toddmouth, WY 18997",2024-01-25
47,Emma Rodriguez,anthony22@example.com,"6889 Raymond Parkway New Ryanburgh, TN 10592",2023-02-21
48,Peter Osborne,ocarter@example.org,"28457 Mann Shores North Debra, DE 06102",2023-06-26
49,Sandra Montes,emily62@example.org,USCGC Leonard FPO AA 71445,2021-03-11
50,Mary House,ethomas@example.com,"367 Williams Junctions Suite 620 Jenniferborough, IA 68202",2020-12-31
51,Gregory Boyd,youngrachel@example.com,"5202 Eric Island Davishaven, NC 32728",2023-07-18
52,Leonard Gibson,smalljoseph@example.com,USNS Brown FPO AA 78208,2020-08-14
53,Emily Castro,kimberlywhite@example.org,"78970 Michelle Parkways Apt. 754 Guerramouth, NY 32166",2024-06-04
54,Carrie Gray,yvonne96@example.net,"27809 Pittman Plaza West Patty, DE 90863",2024-03-03
55,Anthony Thompson,joshuaochoa@example.com,"0331 Parsons Vista Apt. 848 Port Sandrastad, NV 34712",2023-01-03
56,Cynthia Morgan,mfrey@example.org,"408 Vance Pass Apt. 090 East Blakechester, NM 24575",2023-06-28
57,Michele Ward,jamie84@example.net,"327 Alejandro Ranch Vanessafurt, SC 49795",2021-06-04
58,Michelle Perez,dianadavila@example.net,USNV Ross FPO AP 03789,2020-10-03
59,Kerri Roberts,michele46@example.net,"35969 Chung Fall Jacobburgh, RI 74521",2021-10-11
60,Raymond Stokes,brittany54@example.net,"82728 Cain Islands Port Davidmouth, UT 69095",2024-01-13
61,Heather Simon,gillespiethomas@example.net,"15311 Hunter Hills Andrewsville, IL 48244",2024-08-13
62,Jonathan Shaw,lynchcarla@example.com,"28382 Chad Motorway Suite 804 Monicabury, NJ 58852",2022-11-06
63,Katie Jones,flowerskeith@example.org,"2158 Cross Road Thomasfort, NJ 99346",2023-04-29
64,Charles Walker,john88@example.org,"27315 Shannon Field South Jacobchester, OK 57163",2021-06-06
65,Nicholas Obrien,hensleyjames@example.net,Unit 7447 Box 1310 DPO AA 03333,2024-06-22
66,Scott Martin,sandovalkelly@example.com,"250 Ayala Lakes West Larryborough, AL 78205",2020-09-23
67,Donna Powers,michael75@example.com,"30096 Maldonado Plaza Suite 926 East Brian, OH 46416",2020-04-23
68,Alexander Ramsey,higginsmatthew@example.org,"4683 Hill Stravenue Apt. 234 Randystad, IA 94786",2020-12-30
69,Andrew Mckinney,scottmullins@example.com,"757 Valerie Shoal Port Anthony, ID 11869",2021-01-07
70,Carolyn Manning,megan57@example.net,"43322 Heather Oval Taylorchester, KY 04611",2022-12-11
71,Kelly Gonzales,hayesadam@example.com,"87113 Hansen Land Apt. 606 Margaretburgh, CA 44125",2024-09-03
72,Robert Cook,hallsara@example.net,"55265 Connie Cliff Lake Laurenhaven, NV 76205",2021-01-17
73,Debra Russo,bradleykirby@example.org,"484 Stephen Cliff Suite 169 Tammyburgh, AL 54240",2024-10-03
74,Jason Wright,derek51@example.net,Unit 8234 Box 6249 DPO AA 64849,2020-06-01
75,Harold Eaton,torresmelissa@example.com,"4174 Donna Road Suite 823 Guzmanmouth, IL 26670",2021-04-17
76,Billy Ritter,larry36@example.com,"243 Paul Flat Port Douglasborough, NE 18786",2024-08-17
77,Katrina Mckay,stouteric@example.net,"701 Charles Isle Suite 039 Port Tiffany, OR 32446",2022-05-30
78,Austin Rodriguez,lynchreginald@example.org,"PSC 5954, Box 2396 APO AA 38103",2023-05-22
79,Greg Gibson,gcole@example.org,"0506 Booker Run Apt. 860 Edwardsland, NV 07271",2023-05-25
80,Patrick Alvarez,pnicholson@example.net,"90773 Barrera Drives Apt. 515 Amandashire, WV 49207",2023-07-08
81,George Bradford,derek13@example.org,"5454 Larry Ville Apt. 698 Brownchester, OH 81418",2024-02-24
82,Stacy Hickman,jenkinsjustin@example.com,"321 Clark Loaf Suite 379 West Danielborough, OK 63275",2023-04-02
83,Molly Snyder,khiggins@example.com,"2004 Olsen Forks West Brianton, NM 21535",2023-07-30
84,Kristina Gibbs,leetina@example.net,"81509 Whitney Light New Justinmouth, OK 54324",2022-03-26
85,Julie Ramirez,dsmith@example.com,"338 Phillips Freeway Apt. 262 New Barbara, AZ 98734",2023-07-06
86,Curtis King,lisa12@example.net,"8831 Ramirez Trace Drakefort, DC 97729",2021-06-04
87,David Travis,watsonthomas@example.com,"1227 Johnson Fort West Maria, ME 84978",2024-03-26
88,Jose Henry,gmoore@example.com,"71815 Harris Plaza Lake Kaylaton, IA 34783",2022-07-06
89,Stacy Kelley,dstevens@example.com,"4282 Gordon Locks Carolmouth, NY 86373",2022-01-29
90,Mary Anderson,melissa13@example.com,"4144 Kevin Coves Chapmanberg, PR 75215",2021-04-27
91,Becky Green,phillipsphilip@example.net,"368 Olson Springs Apt. 626 North Dennisburgh, OH 08096",2021-06-11
92,Lydia Zhang,vconner@example.net,"3217 Margaret Inlet Port Colin, NE 32513",2022-10-16
93,Anthony Lee,vanessagray@example.org,"PSC 5644, Box 1457 APO AA 51126",2022-05-04
94,Kathleen Glenn,timothy02@example.org,"PSC 1713, Box 7035 APO AA 51049",2020-03-14
95,Olivia Wagner,ilambert@example.com,"8773 Robin Points Apt. 130 East Yolanda, MS 11497",2020-06-17
96,Robert Chavez,perezkayla@example.org,"030 Ward Lights New Markberg, VI 54322",2024-09-29
97,Joseph Brock,bishopamy@example.org,"9107 Jenna Summit Suite 234 New Kevinton, DC 45934",2023-03-07
98,Devon Robertson,tbates@example.com,"386 Malik Tunnel Apt. 647 Floydmouth, IA 04827",2023-01-19
99,Randall Erickson,april99@example.org,"34074 Thomas Plaza Suite 928 North Alexandriatown, AZ 73117",2021-08-28
100,David Mcbride,kelleygail@example.com,"870 Moyer Groves Suite 263 Lloydburgh, VT 25630",2024-01-11
101,Dean Harmon,brobinson@example.net,"094 Philip Circle Ashleeburgh, UT 55098",2021-06-30
102,Scott Jimenez,sierra91@example.org,"0804 Johnson Island Suite 271 South Rachel, NH 28718",2024-07-13
103,Thomas Young,patrickruiz@example.org,"2918 Natalie Path West Tracymouth, MO 18554",2024-01-27
104,Dr. Wesley Walker,fgardner@example.com,"1629 Mccoy Course West Randall, FL 50753",2024-02-15
105,Jacqueline Gomez,philliphall@example.com,"8438 Chen Vista Apt. 223 East Lisa, MH 19292",2020-09-29
106,Andrea Brown,corey96@example.com,"7012 Ellis Trace Apt. 522 Port David, LA 29489",2023-04-08
107,Tony Edwards,qlopez@example.net,"043 William Neck Suite 300 East Ana, IN 94817",2023-06-17
108,Jessica Cantrell,leonardmichael@example.net,"74173 Vincent Street Suite 923 West Nicole, MP 42205",2022-08-20
109,Laurie Campbell,gaguirre@example.org,"63654 Tyler Spurs Suite 710 Josephtown, WI 91026",2021-02-06
110,Richard Francis,averymonica@example.org,"784 Kristy Isle Suite 705 Schultzton, VI 08782",2020-07-30
111,Cheryl Peterson,megan49@example.org,"319 Powell River North Renee, PR 36156",2021-10-24
112,April Moore,petersonjuan@example.net,"88566 Williams View South Melaniebury, IL 21967",2023-03-29
113,Darren Watkins,dduran@example.net,"901 William Hollow Kristinhaven, PR 63714",2023-07-29
114,Charles Webb,zsalinas@example.com,"93935 Livingston Mountain South Lisa, IN 18872",2021-10-22
115,Tina Arnold,gwendolynthompson@example.net,"294 Tara Field Apt. 265 East Shawnstad, MP 49154",2022-09-22
116,Cindy Ryan,carrmario@example.org,"6236 Dakota Burg Suite 854 East Julie, RI 62470",2024-06-23
117,Michael Camacho,ymoran@example.net,"71932 Christopher Valley South Russell, GA 15188",2020-02-28
118,Kimberly Walls,ricejoseph@example.org,"794 Jackson Common Suite 099 South Marcville, TX 01880",2022-07-19
119,Danielle Porter,coopermary@example.net,"8413 Lisa Gateway Suite 022 Davisville, ND 42408",2020-03-31
120,Desiree Watkins,ftucker@example.net,USNV Hinton FPO AE 85993,2023-06-05
121,Mr. Carl Davies,ashley52@example.net,"613 Dale Common Apt. 180 New Gerald, MA 25032",2023-06-13
122,Erika Russell,amartinez@example.com,"112 Brown Underpass Port Franciscohaven, PR 30154",2023-03-20
123,Christopher Wood,weberjoseph@example.com,Unit 3332 Box 4515 DPO AA 00897,2021-07-05
124,Jonathan Miller,jonathangeorge@example.net,"022 Jenny Avenue Suite 276 North Cody, GU 35284",2022-05-17
125,Gerald Lee,wesley89@example.com,"142 Christy Greens Apt. 063 Elliottborough, KY 37267",2022-02-01
126,Katherine Smith,smithzachary@example.com,"57631 Nancy Spurs Port Christina, MT 11963",2022-04-15
127,Randall Long,tbarker@example.com,"67309 Boyd Lodge Apt. 388 Port Tamaraview, RI 61443",2022-02-23
128,Daniel Sawyer,katelyn02@example.net,"79206 Mays Ports Suite 299 North Jasonchester, WA 36241",2020-11-19
129,Michael Kerr,handrews@example.com,"565 Henry Estates South Kelseyview, CT 75568",2023-10-20
130,William Walker,kimberly75@example.net,"66748 Andrea Freeway Apt. 270 Port Jason, SD 73425",2020-02-17
131,Ralph Berry,holly16@example.net,"PSC 9018, Box 3362 APO AP 95976",2023-04-12
132,Joseph Manning,robertramirez@example.net,"91834 Douglas Row Suite 682 Jonathanview, NV 82933",2020-08-23
133,Stacy Moore,thorntontracy@example.net,"99285 Sanders Canyon New Diana, CT 69770",2020-02-15
134,Chad Williamson Jr.,otyler@example.org,"297 Lopez Tunnel Lake Shawnbury, WA 41375",2024-02-10
135,Joseph Terrell,vcruz@example.net,"74421 Sherry Cliff Fowlerhaven, CO 60470",2024-02-26
136,Sandra Herrera,debragordon@example.net,"PSC 3942, Box 3568 APO AE 68049",2023-10-31
137,Kathleen Campbell,monica36@example.net,"1127 Darlene Trafficway Suite 398 New Julia, CO 61081",2023-07-15
138,Michelle Peters,adrian74@example.org,"076 Carmen Club Suite 860 North Jacob, IN 05885",2021-02-07
139,Jennifer Krause,madison20@example.org,"4934 Martinez Wells Apt. 320 North Jillfurt, MI 19681",2020-08-01
140,Jason Cummings,ple@example.org,"6464 Todd Plaza Apt. 779 East Jenniferchester, NH 47238",2022-04-27
141,Trevor Harrison,hurstrebecca@example.net,"853 Christina Lock Apt. 935 Lopezmouth, WI 58102",2023-01-04
142,Amy Knapp,rbuck@example.org,"9295 Smith Overpass Suite 000 West Janet, OR 99603",2020-02-02
143,Mark Henderson,malonethomas@example.net,"618 Johnny Mountains Apt. 263 Port Timothyton, WY 32581",2024-08-19
144,Kathryn Tran,brad32@example.com,"6906 John Shoal Apt. 274 New Elainetown, KY 23299",2024-09-02
145,Catherine Lane,nathan12@example.com,"21649 Smith Drive Trevorshire, NJ 30843",2023-04-10
146,Matthew Mendez,tcollins@example.net,"8922 Bass Street Apt. 323 Port Scott, NM 89228",2022-12-27
147,Emily Campbell,qbaker@example.com,"862 Eaton Prairie Suite 726 North Jonathanville, MI 72947",2022-08-11
148,Karen Castillo,hardyanna@example.net,"7150 Wagner Isle Suite 300 New Alex, MD 26770",2022-02-03
149,Mark Brown,robertserin@example.org,USS Reynolds FPO AA 25455,2022-08-13
150,John Smith,scallahan@example.org,"8313 Sweeney Tunnel South Joseside, NC 31510",2021-11-14
151,Kenneth Perez,asalazar@example.org,"8745 Lori Point South Rachel, VA 58533",2020-03-18
152,David Lang,rjohnson@example.com,"0260 Griffin Fort Suite 837 South Matthew, CT 70565",2021-02-05
153,Stacy Mueller,gschultz@example.org,"01516 Howard Street Suite 614 Lake Danielchester, NM 94061",2024-02-10
154,Lori Lee,derekburke@example.org,"838 Stephanie Harbors Andrewsborough, AR 82276",2023-04-23
155,Lauren Ramos,stephanietodd@example.com,"8645 Barker Place Suite 061 Jenniferville, PW 21175",2021-05-10
156,Kristina Thomas,eoneill@example.net,"6464 Antonio Stream East Amandahaven, VA 08030",2023-03-15
157,Christine Green,sscott@example.org,"448 Sutton Mills Apt. 891 Joseton, DE 99270",2020-04-24
158,Wendy Mcguire,soniaparker@example.net,"84672 Darren Roads Kirbymouth, TN 64155",2021-06-16
159,William Thomas,xnichols@example.com,"636 Barker Drives Tiffanyfurt, NV 39997",2024-06-12
160,Noah Mccall,vluna@example.net,"956 Martinez Course Suite 807 New Anthony, ID 35706",2022-09-27
161,Jeremy Manning,heatherdavis@example.org,"2600 Veronica Harbor Suite 593 Port Elizabeth, OK 30174",2024-01-25
162,Renee Wyatt,kjacobson@example.com,"595 Terry Terrace South Cherylfurt, ND 27140",2023-07-24
163,Olivia Roman,ccampbell@example.com,"39532 Brown Parkways Apt. 435 Valeriemouth, AR 67373",2022-11-25
164,Samantha Jensen,dayrobert@example.net,"56477 Matthews Ports Apt. 211 New Nicolefurt, HI 60575",2024-05-23
165,Cristian Glover,michael38@example.org,"5580 Mary Alley Perkinsberg, AL 03264",2023-01-02
166,John Jimenez,ediaz@example.com,"64897 Hughes Inlet Suite 820 West Alexandra, GA 69270",2022-11-09
167,Wendy Gibson,wendycontreras@example.net,Unit 1563 Box 9301 DPO AP 52164,2021-11-20
168,Rebecca Payne,jordan33@example.org,"138 Crawford Street Ruizhaven, HI 23123",2021-12-27
169,Patricia Collins,omarhubbard@example.com,Unit 1006 Box 7256 DPO AA 55709,2020-07-31
170,Nicholas Wong,rkennedy@example.org,"1997 Brian Plains Melissafurt, FL 10317",2022-04-26
171,Dana Davis,ewoodard@example.com,"27527 Barnes Manor Apt. 246 New Shannonbury, OR 88146",2021-04-26
172,Mrs. Laura Bradley PhD,fullerarthur@example.com,"5447 Jesse Divide North Ashley, NJ 69082",2024-10-06
173,Alexandria Mccarthy,carpenterrebecca@example.com,"PSC 5597, Box 8130 APO AP 92693",2024-08-04
174,Mr. Richard Martinez,ericksondonald@example.com,"981 Lindsey Trace Suite 105 Port Jean, IA 54671",2024-03-21
175,Miranda Anderson,ijackson@example.com,"2306 Tristan Curve Apt. 649 Lake Barbara, IL 18317",2021-09-03
176,Karen Evans,porterdana@example.org,"4516 Lee Spur New Timothymouth, MH 71891",2022-05-22
177,Sierra Johnson,qguerrero@example.org,"4296 Stephen Mountains Suite 031 East Steven, NJ 40383",2022-11-27
178,Angela Johnson,michael07@example.net,"5577 Castro Trafficway Suite 891 Port Marioville, MH 73603",2021-04-23
179,Benjamin Robinson,ncook@example.net,"835 Brett Stravenue North Christina, OK 03294",2022-03-17
180,Earl Haynes,ramosjimmy@example.com,"5413 Guzman Drive Suite 215 Port Angela, NJ 89860",2023-12-02
181,Paul Rodriguez,sandra54@example.com,"090 Thompson Forges East Nancy, MA 94066",2022-06-11
182,Marcus Hoffman,housejoshua@example.net,Unit 1479 Box 8537 DPO AP 11038,2021-09-17
183,Jeffrey Munoz,gabrielawelch@example.org,"0556 Joseph Parkway Suite 776 Perezburgh, NY 07918",2020-08-01
184,Joseph Finley,christina41@example.org,"279 Smith Tunnel Juliemouth, RI 90234",2021-02-09
185,Kimberly Herrera,singletoncarol@example.net,"773 Martha Meadows Lake Dustin, PW 27520",2024-09-12
186,James Vincent,susanrichardson@example.com,"292 Carlson Islands South Bethany, UT 05241",2022-05-28
187,Melinda Short,larrymoore@example.org,"027 Rodriguez Unions Brennanshire, GU 69958",2024-02-22
188,Shawn White,fanderson@example.com,"43495 Castillo Green Lewisville, VA 90663",2024-03-19
189,Justin Lewis,zhall@example.com,"950 Mcdonald Lane Suite 957 Valeriemouth, AS 61784",2020-07-18
190,Kayla Day,john35@example.com,"13138 Keith Walk North Whitneyburgh, SD 08978",2021-09-04
191,Brittany Phillips,davidjohnson@example.net,"229 Dustin Causeway Suite 983 Sampsonmouth, NM 32900",2021-06-11
192,Mrs. Stephanie Wright,nicoleramirez@example.org,"92330 Wilson Fields Billychester, MN 87431",2024-09-23
193,Brenda Salinas,gwalker@example.net,"64659 Oliver Port Suite 198 West Gary, ME 62070",2022-09-24
194,Darryl Hartman,brandonnelson@example.net,"9587 Monica Flats Stacystad, DC 24941",2023-04-11
195,William Rose,kbanks@example.com,"66490 Jones Island Suite 028 Berrybury, FL 66501",2021-03-02
196,Amber Garcia,hudsonclayton@example.com,"16828 Susan Park Suite 449 North Sarahshire, AZ 90294",2023-02-16
197,Keith Cervantes,blewis@example.com,"9452 Parks Orchard Suite 177 North Heather, TN 28434",2021-07-22
198,Christopher Edwards,ebutler@example.com,"23445 Robert Stravenue Apt. 213 Gabriellaberg, SD 32268",2023-10-03
199,Deanna Martin,sforbes@example.org,Unit 9899 Box 3142 DPO AE 72107,2024-06-22
200,Katherine Phelps,lopezashley@example.com,"91566 Erin Fords Suite 146 Port David, NV 91467",2021-07-10
201,Joseph Richardson,charlesgarrett@example.org,"50905 Terry Trafficway Suite 276 New Vincent, IA 25714",2024-03-24
202,Bradley Townsend,josephnorman@example.net,"PSC 2670, Box 1922 APO AA 15886",2022-04-08
203,Andrew Grant,michaelboyd@example.com,"737 Jessica Lane West Edward, VT 78573",2022-08-13
204,Justin Herman,heatherjennings@example.org,"56642 Mark Orchard Suite 071 Zacharyburgh, TX 32503",2024-03-11
205,Cameron Brown,bmartinez@example.com,"87997 Gibson Divide South Victoriaton, FM 25856",2021-10-24
206,Michael Smith,connie40@example.org,"1853 Barbara Street Lake Nicholas, SD 15798",2022-01-10
207,Kyle Martin,stanleybriana@example.net,"314 Sarah Forest Danielsmouth, OR 09580",2022-12-25
208,Bonnie Smith,randybradford@example.com,"218 Elizabeth Shoals Suite 363 Crystalville, WI 09036",2024-07-27
209,Shannon Stuart,nfreeman@example.net,"237 West Prairie New Reneeberg, AK 79510",2020-12-03
210,Kenneth Morales,morrisonbrandon@example.org,"90853 Webb Parkway Derrickbury, KS 55073",2024-07-29
211,Dr. Debra Jones,gardnermatthew@example.org,"01651 Taylor Cliffs Suite 892 Josephhaven, LA 86718",2022-04-12
212,Nicholas Jackson,woodrobert@example.org,"25839 Mariah Crest Suite 978 Lake Michelle, DC 28679",2023-07-25
213,Jacob Underwood,miguelgutierrez@example.com,"85561 Travis Lights Rodriguezshire, TN 70446",2023-02-04
214,Catherine Le,michellezamora@example.com,"08569 Gray Lock Apt. 886 East Nathanhaven, OK 80962",2021-02-23
215,Daniel Walters,andrewspaula@example.net,"556 Griffin Summit Connieborough, MD 30972",2021-11-27
216,Bryan Mccoy,andreacross@example.com,"3875 Reyes Flat Apt. 795 Hallview, CO 24866",2024-01-24
217,Paul Avery,kelleranna@example.org,"803 Michael Roads Apt. 859 Joycechester, PW 24721",2021-07-16
218,Maria Cantu,jjimenez@example.org,"2567 Scott Expressway Port Jessicaton, MD 88478",2021-12-09
219,Jordan Santiago,hebertcynthia@example.net,"258 Gonzalez Underpass Susanberg, MH 08441",2020-01-26
220,Kevin Russell,brenda03@example.org,"6161 Thomas Mountain Suite 819 Snydermouth, MN 89593",2024-09-22
221,Emma Moore,davismary@example.com,"94383 Andrews Gateway Apt. 896 Dylanburgh, MS 81517",2020-02-23
222,Stephanie Blair,austinwilson@example.org,"808 Mark Trace Ramosstad, AS 18699",2023-04-24
223,Crystal Parks,justinevans@example.net,"533 Robinson Radial New Robert, MI 84605",2023-04-26
224,Monica Robbins,zhood@example.com,"18955 Rivas Fort Suite 663 Marcustown, NV 94091",2022-11-08
225,Timothy Rojas,gail20@example.net,USNV Rivera FPO AP 52042,2021-04-22
226,Laurie Richardson,margaretanderson@example.net,"321 Elizabeth Station Apt. 499 Heatherstad, IA 29006",2022-08-28
227,Holly Walker,larryhudson@example.com,"85790 Jones Walks Apt. 552 New Jamesfurt, OH 58295",2024-02-12
228,Erica Krueger,jessicajenkins@example.com,"527 Jamie Freeway Apt. 912 Johnsonhaven, MD 06260",2020-06-17
229,Carl Boyd,oandrade@example.org,"513 Williams Crossing Suite 319 Port Danielleview, DE 48896",2023-10-26
230,Anthony Cabrera,bmartinez@example.org,"15289 Jones Meadows Suite 974 East Jacqueline, ME 66075",2024-06-19
231,David Brown,phillipsanthony@example.com,"159 Harris Bypass Brookshaven, FL 94861",2020-04-16
232,Eric Williams,ericafowler@example.com,"3295 John Meadow South Diane, MP 02877",2023-09-25
233,James Rodriguez,jeffreyjones@example.org,"630 Bobby Hollow Apt. 645 North Davidburgh, OK 29957",2021-10-06
234,George Washington,bradleykarla@example.org,"592 Eric Ways Apt. 154 East Larryfort, WV 83724",2020-10-19
235,Christopher Lucas,marydunn@example.com,"0044 Davis Court Port Ryan, SD 88832",2022-05-27
236,Jeffrey Gutierrez,valdezmelanie@example.org,"43919 Elizabeth Skyway Melissaburgh, RI 67838",2022-08-16
237,Daniel Mejia,nicolereese@example.net,"136 Anita Motorway Suite 985 Millerview, NY 75233",2020-06-10
238,Jacob Washington,riveralaura@example.com,"22737 Ryan Forges Suite 062 Chaneyhaven, ND 80572",2024-06-22
239,Lynn Payne,daviscatherine@example.net,"69943 Rhonda Isle Kennedyburgh, UT 08269",2023-04-14
240,Jeffrey Ryan,qwilliams@example.org,"383 Robert Creek North Margaret, AL 09109",2023-12-09
241,Ryan Reyes,qcalhoun@example.net,"148 Brandy Freeway Suite 258 East Melissaport, VI 50532",2021-07-22
242,George Robinson,paul03@example.net,"1360 Anne Trail Suite 489 New Kathrynmouth, ID 02187",2021-03-08
243,Angelica Murray,brownwesley@example.org,"6498 Bruce Wells Apt. 060 West Joshua, MS 44560",2023-04-01
244,Bethany Williams,mariabaker@example.com,"892 Hawkins Squares Joanfort, NC 73758",2021-03-12
245,Tammy Garcia,sarah73@example.org,"343 Bowers Underpass Marktown, MD 63227",2023-05-21
246,Melissa Foster,stephensmith@example.org,"44817 Audrey Islands Austinville, PW 61586",2023-01-22
247,Anthony Gonzalez,joshuacohen@example.org,"448 Stacy Row Suite 924 Johnsonton, MO 01950",2023-11-04
248,Daniel Kelly,marcussmith@example.com,"37168 James Prairie Michaelside, IN 42014",2021-11-09
249,Victoria Nelson,jacob39@example.org,"156 Miller Locks West Jamesville, NC 86323",2022-12-11
250,Andrew Lamb,zrangel@example.net,"4230 Acosta Harbors Suite 408 Clarkfurt, AL 89804",2021-07-05
251,Darryl Parrish,trevor51@example.org,"34487 Elizabeth Green Apt. 528 East Jennifer, SC 34009",2022-08-23
252,Joe Wilson II,srodriguez@example.com,"2715 Jennifer Crest West Kyleton, ND 15519",2023-09-08
253,Kyle Burton MD,jmoore@example.org,"1490 Danielle Extensions Apt. 072 Port Candace, MD 61807",2020-01-08
254,Brittany Ramsey,qgriffith@example.org,"73446 Dorsey Center North Eileenbury, KY 07649",2020-10-14
255,Maria Hughes,denise67@example.org,"96405 Webster Stream Apt. 454 Buchananstad, AL 44573",2023-06-05
256,Jodi Cline,spierce@example.org,"4257 Roth Crescent Greenside, CO 89620",2024-05-24
257,Wanda Vincent,parkerbarry@example.net,"174 Meyer Ramp Ralphchester, NV 70171",2021-03-13
258,Tamara Johns,laurenreynolds@example.com,"1538 Alexander Cove Suite 261 North Lisahaven, AS 33578",2023-07-09
259,Curtis Huang,jenniferpacheco@example.com,"00858 Schneider Loop East Andrea, HI 04191",2023-06-14
260,Kelly Washington,dbutler@example.com,"3138 Rebecca Track Suite 751 West Danielchester, GU 18740",2023-03-25
261,Robert Rodriguez,ojohnson@example.org,"122 Benjamin Plain Norrisfurt, VT 31740",2022-03-28
262,Brian Dillon,kennethgarza@example.net,"79486 Janet Village Apt. 778 West Amandaland, FM 56730",2022-11-13
263,Mary Hopkins,jacksonclinton@example.org,"4047 Hernandez Centers Suite 664 New Gregoryburgh, PR 78943",2022-12-21
264,Charles Reyes,melissanelson@example.net,"670 Murray Valley Apt. 600 Amberland, ME 06842",2022-11-23
265,Anthony Henry,sharon69@example.net,"64804 Brown Plains Thomasport, MI 17594",2022-03-24
266,Jessica Blake,jason61@example.com,"022 Mcguire Walk Apt. 134 Nelsonfurt, MN 63601",2022-04-09
267,Jennifer Johnston,benjamingarza@example.net,"3550 Tiffany Shoals West Donnamouth, MI 65036",2020-02-09
268,Terrance Davis,jennifermathis@example.net,"1238 Logan Junction Suite 214 East John, IA 23546",2021-06-17
269,Andrea Porter,hbates@example.org,"552 Stewart Ridge New Johnmouth, IL 66131",2024-01-09
270,Jean Hicks,etran@example.net,"597 David Crest Apt. 616 Brownland, OR 17945",2022-11-19
271,Richard Nelson,ofox@example.org,Unit 1123 Box 7639 DPO AE 15012,2023-09-05
272,Charles Patterson,ibeltran@example.com,"1444 Timothy Crossroad Lake Natalie, MP 89973",2024-03-07
273,Danny Harris,awilliams@example.com,"2397 Michael Via Rebeccaberg, MO 25755",2024-04-26
274,Antonio Crawford,tammymartinez@example.com,"49043 Robert Meadows Kellermouth, AL 41079",2024-01-15
275,Kevin Knight,iramos@example.com,"53390 Peterson Gateway Suite 995 Savagestad, TN 83509",2023-12-27
276,Danielle Charles,gonzalezcody@example.net,"958 Taylor Island Garretthaven, TX 03072",2022-11-23
277,Benjamin Becker,elizabethfreeman@example.com,"01744 Martin Roads Conradmouth, VI 98529",2021-01-06
278,Karen Williams,bwise@example.net,"904 Mitchell Inlet South Brandonport, OK 69567",2023-05-14
279,Timothy Silva,martinezjoyce@example.net,"206 Christopher Lakes Apt. 781 Williamburgh, NY 41130",2021-08-02
280,Robert Fernandez,lindsayford@example.org,"PSC 7664, Box 8948 APO AP 01231",2021-11-03
281,Sara Warren,luis84@example.com,"9161 George Mill South Carolmouth, MA 35371",2022-11-12
282,Eric Collins,kevinfuller@example.com,"83880 Wilkins Oval Apt. 905 Port Karenberg, MN 93536",2023-10-15
283,Mrs. Carmen Mcbride,xherrera@example.com,"729 Mccormick Village Shawburgh, TN 79955",2020-05-29
284,Sarah Haynes,itorres@example.org,"566 Spencer Vista Lake Amy, DC 22851",2022-12-22
285,Rachael Simmons,brownjeffery@example.com,"84540 Lowe Mall Apt. 207 Gloverborough, AK 85828",2023-09-15
286,Julie Barrett,clarklori@example.net,"84756 Friedman Cove Apt. 837 East Stacey, OH 62584",2021-11-02
287,Meredith Gonzalez,hannahalvarez@example.com,"6355 Camacho Shores Scottburgh, MI 96190",2023-04-25
288,Veronica Arias,dmurphy@example.net,"18242 Jessica Course Montoyaburgh, AK 10606",2023-11-05
289,Rachel Johnson,rdelgado@example.com,"7361 Gray Hollow New Robertborough, AL 24856",2020-12-08
290,Terry Pena,jacobfisher@example.com,"PSC 6077, Box 2453 APO AP 35977",2023-05-17
291,James Bauer,adamsdoris@example.net,"418 Amber Mountain Suite 922 Brownton, NM 27318",2020-03-15
292,Alexander Barrett,fischeralex@example.org,"786 Barnes Springs Apt. 605 East Annashire, PW 15352",2023-10-28
293,Jeremy Sullivan,alyssagriffith@example.com,"7620 Michael Springs Apt. 189 Lake Lauren, MI 12755",2020-02-03
294,Debbie Lane,jamescollins@example.org,"914 Reyes Locks Jaybury, IL 05519",2022-09-03
295,Cheryl Brown,mooreshannon@example.com,"85727 Lindsey Pines Davidside, GA 70943",2024-09-12
296,Nathan Campbell,jill60@example.com,"41360 Jerry Summit Katrinamouth, NJ 14087",2021-07-12
297,Katherine Wang,kathleenbeck@example.org,"12408 Gordon Shoal Suite 932 New Cynthia, CT 18333",2023-03-20
298,Dr. Sabrina Goodwin MD,stantonkirsten@example.net,"988 Anthony Highway Russellfort, NC 64302",2022-05-14
299,Tanya Thompson,dawsonthomas@example.net,"27580 Smith Loop Lake Teresa, FM 95802",2020-01-21
300,Alan Jones,julie54@example.net,"PSC 4841, Box 2512 APO AE 11265",2021-02-23
301,Sherry Pierce MD,jordankatherine@example.com,"43470 Jenkins Crossing Apt. 019 Lake Josephborough, PW 89048",2022-09-12
302,Adrian Schneider,janet66@example.net,"986 Parker Plains Apt. 136 Lisashire, KS 15309",2024-07-01
303,Ms. Erin Jones DDS,jamiemartin@example.com,"7224 Bell River Apt. 610 Christinebury, NH 20397",2022-05-08
304,Justin Lang,kchristian@example.org,"7602 Shepherd Summit Suite 347 West Susan, AS 54798",2020-09-06
305,Kenneth Villegas,daledavis@example.org,"7143 Douglas Turnpike Apt. 642 Castroport, MI 81396",2022-09-09
306,Douglas Webster,santosmarc@example.com,"3695 Amy Green Hannahville, OR 13121",2023-05-03
307,David Smith,thomasvega@example.com,"20668 Jonathan Curve Thompsonbury, MA 72158",2024-04-09
308,Natalie Neal,nsosa@example.net,USNV Parker FPO AE 35622,2021-06-23
309,Jeremy Castro,samanthaadams@example.net,"77288 Lewis Crescent Sharpville, ND 40785",2020-11-27
310,Michael Glover,andrew43@example.net,USCGC Hampton FPO AA 74175,2023-05-29
311,Joseph Lopez,jenniferrodriguez@example.net,"7603 Peterson Turnpike Suite 487 North Annaville, VA 88339",2023-01-26
312,Diane Roth,sbutler@example.com,"546 Aaron Key Apt. 548 Port Taylorport, FL 00862",2022-10-18
313,Brianna Hull,meghan56@example.org,"2192 Larry Cliff Apt. 700 Littleport, LA 13514",2021-08-24
314,Justin Lester,alexisdaugherty@example.com,"057 William Orchard Smithton, WA 77416",2022-05-19
315,Ashley Chase,melissa33@example.net,"938 Marc Forks Jeremystad, VT 16772",2021-03-08
316,Jamie Durham,steven80@example.com,"395 Ross Ridges Howellchester, NV 07321",2022-07-11
317,Joshua Campbell,alexanderedwin@example.com,"1436 Sullivan Land Hansenbury, TX 14913",2020-04-27
318,Jose Ortiz,ashley16@example.net,"PSC 7421, Box 0491 APO AA 06691",2023-11-23
319,Jimmy Cummings,kanderson@example.org,"896 Ford Fort Suite 117 North Janemouth, NJ 03028",2024-03-15
320,Kendra Harrison,darrylmurphy@example.com,"4323 Martinez Heights Lake Charleshaven, TX 01898",2021-02-24
321,Betty Zimmerman,thorntontracy@example.org,"6333 Omar Manor Richardsland, KS 78727",2024-04-27
322,Carolyn White,jessica98@example.org,"PSC 3926, Box 7639 APO AP 53676",2022-06-08
323,Eric Green,robertpena@example.net,"598 Rivera Forks East Haley, FL 93897",2021-04-20
324,Cindy Rogers,melissabriggs@example.org,"585 Angelica Meadow Suite 239 West Randy, ME 35584",2020-04-21
325,Cynthia Waters,goodwinbeth@example.com,"74223 Jodi Harbor South Stephenburgh, NE 40355",2022-04-18
326,Robert Keller,christian51@example.net,"61750 Tucker Terrace Jessicaport, MA 08065",2023-04-16
327,Kayla Martin,preid@example.org,"818 Dean Vista Lake Jacquelineberg, MP 60653",2022-03-04
328,Randy Munoz,hernandezbethany@example.com,"89685 Emily Springs Suite 839 Jonesbury, ND 75537",2023-04-10
329,James Edwards,martintyler@example.org,"7558 Zoe Crescent Suite 179 Johnsonville, DC 37427",2024-08-22
330,Debra Johnson,josephreed@example.net,"813 Matthews Course Brianside, LA 31585",2021-10-26
331,Raymond Clark,frederickchapman@example.com,"99908 Smith Locks Suite 556 Nicholsfurt, WV 63243",2024-07-05
332,Emily Hayes,mbowers@example.net,"4257 Russell Circles Smithtown, SD 62571",2021-07-25
333,Hayley Li,shirley80@example.net,"37192 Washington Greens Apt. 323 Port Brendaborough, WA 08861",2022-03-22
334,Douglas Burton,ryancantrell@example.net,"15414 Wade Manors Suite 320 Victoriafurt, VA 57623",2020-01-18
335,Kristin Hull,sheilasparks@example.net,"3462 Paul Mews Lake David, IL 90755",2022-03-29
336,Robert Bell,nguyenblake@example.net,"190 Burke Mount Apt. 193 East Michaelside, ME 92409",2020-08-03
337,Lisa Padilla DDS,evansashley@example.org,"48663 Kelly Ranch Suite 895 Waynebury, VA 28596",2022-04-16
338,Janice Smith,ingramrobin@example.org,"988 Kramer Locks Tiffanyton, TX 13129",2024-01-17
339,Crystal Carter,lbrown@example.org,"598 Perez Cape Lake Alan, CO 81303",2022-07-30
340,Cameron Huynh,wryan@example.com,"466 Sheila Spurs Apt. 320 Alexandriaport, PW 73928",2024-04-03
341,Sydney Barrera,wanganthony@example.net,"835 Reyes Squares Williamsstad, MN 32612",2021-02-10
342,Monica Haynes,diazrose@example.com,"41194 Stephen Forest Daltonfort, GU 11333",2023-03-15
343,Ryan Stevens,weaverteresa@example.com,"519 Jennifer Club Sarahfurt, DC 26290",2021-08-13
344,Kenneth Weiss,sanchezandre@example.org,"2537 Carter Mission Armstrongport, UT 54487",2021-07-07
345,Katie Weaver,melissapoole@example.org,"119 Torres Divide Suite 351 Lake Robertachester, NJ 61236",2020-04-01
346,Tanya Moore,amy42@example.org,"947 Johnson View Suite 920 Kimberlyland, AZ 65103",2022-07-11
347,Michael Wilson,iwalker@example.com,"46957 Jesus Extension Suite 618 Brittanyborough, AR 78302",2023-12-17
348,Billy Reid,jennifer49@example.com,"2408 Miller Way Flynnfurt, IL 65451",2023-04-26
349,Brandon Peterson,elizabeth70@example.org,"0635 Nielsen Canyon Suite 949 South Samantha, IN 02762",2024-03-14
350,Joshua Mcdonald,qspencer@example.net,"92016 Johnson Ford North Robert, NV 89079",2022-08-30
351,Veronica Williams,kelly24@example.net,"9822 Hayes Lakes Bishopfurt, WY 97345",2020-08-31
352,Charles Parsons,wardpedro@example.net,"08221 Arnold Plain West Jennifer, FM 79765",2024-08-12
353,Jacob Castaneda,sandramcdaniel@example.com,"PSC 0474, Box 7119 APO AE 37551",2020-05-05
354,Jack Taylor,tjordan@example.com,"2664 Phillips Valleys North Andrea, AL 85451",2020-08-01
355,Cody Benjamin,eric68@example.org,"48137 Aaron Falls Heatherland, NE 60899",2021-03-10
356,Kimberly Patterson,bmurphy@example.net,"15225 Scott Walk Suite 805 East Samuel, KY 87002",2024-02-08
357,Jeffrey Taylor,ashley75@example.net,"69025 Larry Pike Samanthashire, NE 17601",2024-07-07
358,Darlene Jones,vsmith@example.com,"954 Johnson Glen West Justinville, PW 08531",2022-11-03
359,Timothy Dudley,christopher80@example.org,"958 Jeffrey Neck Lake Craig, NE 84696",2020-08-24
360,Cristina Ruiz,tiffany11@example.com,"58687 Thomas Rapids Suite 106 South Adriantown, MI 36588",2023-06-19
361,Austin Johnson,jchung@example.com,"231 Danny Key Kathleenstad, MP 75435",2023-03-27
362,Eric Parsons,rachel01@example.net,"4152 Donna Street Apt. 842 North Pamela, OH 16898",2021-04-23
363,Justin Woods,broth@example.com,Unit 5158 Box 3834 DPO AE 69625,2024-04-23
364,Valerie Salas,debra83@example.com,"17361 Mccoy Station North Williamstad, DC 01653",2023-04-18
365,Andrea Mcclain,wclark@example.org,"814 Roberts Manor Suite 494 East Davidfort, IL 09987",2021-02-04
366,Karen White,zstafford@example.com,"990 Betty Center New Roberttown, NH 58876",2021-05-30
367,Kelly Lane,mckeebrad@example.net,"06370 Patrick Hills Apt. 485 Taylorside, ND 85154",2020-01-14
368,Joshua Estrada,othompson@example.com,"75046 Leach Fields Port Martinton, RI 65945",2023-09-26
369,Zachary Gallagher,ebradshaw@example.com,"933 Carr Forge Timothyborough, VT 05340",2020-03-18
370,Andrea Shea,dwatkins@example.com,"2639 Baxter Branch Teresamouth, MP 15903",2020-02-09
371,Anthony Francis,charles21@example.com,"5617 Warner Crest North Erik, ID 67033",2022-04-25
372,Angel Moss,pamela83@example.net,"19511 Johnston Locks Smithstad, NV 35520",2020-11-28
373,Brian Collins,claydaniel@example.net,"2860 Thomas Mission Johnnyside, MO 44442",2024-05-06
374,Timothy Chen,smithrachel@example.net,"36597 Walters Way New Bryanfurt, OR 32900",2022-07-01
375,Theresa Jackson,abigailsmith@example.org,"65009 Tracy Ridge Apt. 426 Gardnerton, AK 68475",2023-06-30
376,Veronica Quinn,lhooper@example.org,"PSC 1469, Box 9875 APO AA 45570",2024-09-25
377,Robert Blanchard,jennifer71@example.net,"45826 Garcia Wells Suite 250 East Patrickbury, WA 57608",2023-12-14
378,Daniel Johnson,xsutton@example.com,"9139 Elliott Spurs Apt. 858 East Mark, IL 17653",2021-08-11
379,Susan Jones,reedchristian@example.net,"35686 Emily Walks Suite 332 Port Cameron, WY 61553",2023-01-04
380,Kelly Hanson,philip83@example.net,"0041 Burns Gateway Suite 265 Juliamouth, AL 28807",2021-10-09
381,Cynthia Murphy,adkinsjay@example.org,"512 Jennifer Road Rojasborough, OR 06604",2021-01-11
382,Xavier Church,vanessa00@example.net,USS Goodwin FPO AE 19492,2021-03-24
383,Mary Johnson,evanbrowning@example.org,Unit 6740 Box 7133 DPO AA 21862,2022-08-08
384,Jose Burke,nberger@example.net,"636 Luis Mountain Apt. 566 Littletown, PW 78769",2022-12-22
385,Daniel Fox,melissa05@example.net,"659 Ricky Crest Suite 914 Lake Matthew, TX 53283",2022-11-02
386,Crystal Blankenship,christopher80@example.org,"7250 Curtis Lock North Stevenbury, CT 60785",2021-06-03
387,Steven Dickerson,ccook@example.net,"325 Boyd Drive Apt. 758 South James, SD 39106",2020-05-30
388,James Stafford,grosslori@example.org,"43620 Nichole Camp South Stacy, FL 90316",2023-02-01
389,Reginald Valentine,lucashannah@example.com,"762 Jonathan Pines Apt. 509 Wardmouth, WA 38753",2021-12-17
390,Jesse Lara,alyssa72@example.com,"0906 Oconnell Forks Robertfurt, ND 34287",2022-12-13
391,Melissa Beck,jaygilbert@example.net,"37403 Dustin Plain New Julie, MH 66862",2021-02-26
392,Kristen Williams,stephanielong@example.net,"99044 Andrea Passage Abigailfort, ND 78297",2022-05-15
393,Matthew Garcia,matthew90@example.org,"8667 Stephen Turnpike Lake Douglas, CA 41021",2021-11-06
394,Melissa Walsh,kellie13@example.com,"075 Andres Rapid Apt. 178 Port Peterstad, OH 79778",2020-03-23
395,Brady Watts,leonardbush@example.com,"044 Trujillo Extensions Suite 578 New Katherine, IA 23828",2020-04-27
396,Anthony Howard,ycobb@example.net,"0548 Aaron Court Padillatown, ID 21598",2022-01-07
397,Timothy Taylor,griffinmaria@example.com,"9261 Kaufman Via Apt. 693 Richardsonchester, ND 31415",2023-05-05
398,Caleb Baker,gregoryburns@example.net,"59081 Timothy Green North Timothy, MO 83011",2023-11-12
399,Christopher Pruitt,christopher23@example.net,"PSC 5276, Box 0554 APO AE 07849",2022-11-01
400,Jasmine Roberts,ryanstephanie@example.org,"698 Davidson Falls Apt. 831 West Donaldstad, AZ 79525",2023-04-14
