id,name,email,address,date_joined
1,Maria Gay,ylane@example.net,"078 Smith Ports Williamschester, OH 91136",2021-08-11
2,Jennifer Newman,davidsonkayla@example.com,"9945 Hester Ridges Suite 220 Port Jaychester, OR 22943",2024-02-06
3,Debbie Walker,robertoadkins@example.com,"3251 Sara Lakes East Amystad, MN 72800",2024-09-01
4,Mary Lee,thomasyoung@example.net,"29259 Rhonda Squares Anthonyborough, CA 93122",2024-07-05
5,Michael Cruz,bmorgan@example.com,"9855 White Motorway New Daniel, NV 05064",2021-11-17
6,Kelly Lee,jacobstina@example.net,"549 Smith Bridge Walkerfort, NH 03082",2024-05-24
7,Valerie Kent,stacey94@example.net,"2215 Sean Islands Suite 174 Jeffreyhaven, WA 07163",2022-03-29
8,James Robinson,joel39@example.net,"10245 Ashley Trail Apt. 563 South Theresa, MH 71060",2023-11-25
9,Melvin Johnson,stevencrawford@example.net,"5365 Kathleen Neck Suite 810 New Daniel, WV 35018",2023-06-24
10,Virginia Harmon,goodwinmartin@example.com,"73708 Watson Field Apt. 969 Port Dillon, KY 51501",2023-12-17
11,Kenneth Aguirre,vvasquez@example.net,"1558 Pamela Plaza Pruitthaven, FL 30050",2023-09-21
12,Matthew Hanna,vschwartz@example.com,Unit 9614 Box 4948 DPO AE 46097,2022-01-12
13,Angela Wood,julie94@example.net,"07835 Jared Springs Kathytown, NV 17285",2022-05-23
14,Michael Caldwell,petersonchase@example.com,"207 Garcia Hills West Adamburgh, MO 92880",2020-12-08
15,Renee Orozco,christinajordan@example.net,"572 Daniel Fall Cordovafurt, AZ 41355",2020-02-15
16,Alison Rodgers,davidjohnson@example.net,"1102 Tanya Avenue Petersonland, VA 56025",2023-04-12
17,Tanya Williams,igraves@example.org,"761 Tanya Vista Lake Eileen, MS 50246",2024-09-04
18,Alexandra Diaz,thutchinson@example.org,"35665 Padilla Lights Apt. 994 New Jesusville, WI 12434",2020-07-10
19,Micheal Williams,ybrady@example.org,"449 Jenkins Haven Apt. 566 South Michael, MO 21401",2022-12-12
20,Mark Carney,emurphy@example.org,"744 Tammy Plaza Apt. 219 Craighaven, KY 23165",2022-09-26
21,Christine Collins,christopherquinn@example.com,"3046 Moody Key Suite 544 North Patrickburgh, NY 57123",2021-11-02
22,Jennifer Fields,fisherjessica@example.org,"8019 Thomas Expressway Suite 840 Danielsbury, WA 19855",2024-09-11
23,Sara Martin,vanessa77@example.org,"1264 Karen Walk Suite 135 Georgehaven, VT 05541",2021-10-18
24,Kevin Schmidt,jamesandrew@example.com,USNV French FPO AA 23870,2020-10-09
25,Nathan Johnson,david54@example.org,"69403 Black Passage Suite 413 New Jamesview, PW 02715",2020-06-22
26,Jose Case,ymills@example.org,"49670 Joan Inlet Apt. 818 Lake Denisechester, WA 56774",2022-08-02
27,Joseph King,brian89@example.com,"0369 Adrian Cliffs Joshuaton, SC 18894",2022-11-05
28,Gabriel Johnson,georgeyoung@example.net,"750 Morgan Green Suite 612 Johnmouth, MT 44432",2021-10-04
29,Christopher Brooks,fullerbreanna@example.org,"598 Barry Ferry Suite 669 New Brianshire, MP 41193",2023-03-22
30,Heather Adams,blake82@example.org,"072 Campbell Course East Lori, NE 10982",2020-09-20
31,Raymond Carrillo,amckay@example.com,"23645 Paul Stream Suite 056 Williamsborough, VT 96055",2020-08-11
32,Kristen Payne,wagnerjenny@example.net,"8126 Christopher Green Suite 492 Hooperchester, OK 19016",2022-11-05
33,Sarah Wolfe,twright@example.org,"44276 Thomas Neck Apt. 398 Coffeyshire, VT 63268",2024-05-01
34,Janice Bonilla,james77@example.com,"0625 Gomez Spur Suite 517 Port Phillip, WY 57941",2020-12-05
35,Melanie Ward,njones@example.org,"70267 Long Lane Apt. 313 Markberg, AK 17492",2023-04-22
36,Mark Morrison,parksdiana@example.net,"558 Henderson Course Apt. 155 North Markfurt, AZ 29254",2023-04-01
37,Kathryn Shelton,carlosrocha@example.net,"30595 Joseph Villages North Tyler, GU 31104",2021-08-12
38,Linda Schultz,awilliams@example.net,"5903 Gordon Field Mooreborough, NJ 83033",2020-06-02
39,Courtney Grant,rhonda87@example.org,"434 Cole Corner Suite 224 Perrymouth, NH 62133",2022-07-23
40,Christina Navarro,castillowilliam@example.org,"418 Kimberly Cove Apt. 806 West Stephanie, AZ 58930",2020-09-11
41,Daniel Brooks,jonesjoshua@example.org,"53242 Bruce Roads Michaelland, OR 56465",2020-08-22
42,Amy Benton,bgray@example.com,"3913 King Trail Port Arthurshire, PW 60982",2023-04-30
43,Stephanie Webb,krobinson@example.net,"0703 Stevenson Manors South Mariamouth, KY 93259",2020-06-06
44,William Owens,sheryl91@example.org,"450 Vasquez Mill Suite 545 Colemanbury, TN 58818",2024-07-02
45,Jennifer Williams,johnsonmark@example.net,"718 Ramirez Hills South Sarahville, PA 43765",2023-12-26
46,Nicole Meyer,scottraymond@example.org,"8489 Baker Path Apt. 890 Port Adam, SC 21041",2022-01-02
47,Terrance Dillon,timothybutler@example.net,Unit 8937 Box 3409 DPO AP 05391,2023-02-17
48,Brittany Rodriguez,williamsbrandi@example.net,"6257 Victoria Camp Acostamouth, CO 56295",2021-01-26
49,Melanie Decker,fgriffin@example.org,"595 Mary Throughway Suite 314 Ericatown, VT 37930",2023-07-21
50,Reginald Fuentes,obrienmeghan@example.net,USNV Bradford FPO AA 76096,2023-07-20
51,Hector Zhang,michael78@example.net,"10733 Smith Tunnel Douglashaven, NE 05505",2022-05-26
52,Jim Mcdaniel,james02@example.net,"37040 Coffey Pine Suite 265 Mooreside, FM 38785",2021-03-04
53,Heather Kidd,kleinjustin@example.com,"622 Garrett Centers Apt. 165 West Maria, VA 87096",2020-02-05
54,Matthew Bond,tbailey@example.org,"0564 Michelle Garden Daniellefurt, MT 88599",2021-02-11
55,Ethan Jacobs,matthewgibbs@example.net,USNV Jackson FPO AP 38427,2023-10-25
56,Christopher Lara,greendevon@example.com,"209 Watson Viaduct Kellyland, PW 27423",2024-07-05
57,Timothy Hart,thomaslopez@example.org,"908 Kimberly Overpass Suite 934 West Erin, WA 95109",2021-02-09
58,Roberta Jackson,taylorcoffey@example.org,"948 Mccarthy River East Brianland, WV 29612",2023-01-14
59,Brenda Bradley,robertwiley@example.org,"3040 Lynch Ridges Apt. 886 New Manuelside, VT 16228",2021-01-01
60,Shannon Parks,cmorgan@example.com,"09001 Leslie Groves Suite 094 West Traceyfort, MN 51875",2021-06-06
61,Dr. Lauren Pace,zwaters@example.net,"3936 Davis Skyway Apt. 485 Barnesburgh, MH 07736",2022-05-28
62,Bradley Klein,spencer11@example.com,"023 Zavala Street New Jeffrey, ID 52764",2020-06-26
63,Dennis Moreno,xmartin@example.net,"79421 Mccann Estates Dianashire, VI 05750",2023-03-19
64,Jared Kelly,valdezbrittany@example.org,"6952 Kemp Drive Davischester, MO 57031",2022-08-28
65,Andrew Smith,blanchardmichael@example.com,"207 Lewis Highway Suite 088 North Tracy, KY 59618",2020-02-19
66,Michael May,nashmatthew@example.net,"9760 Quinn Land Suite 026 New Christine, ME 04517",2021-10-03
67,Shannon Meyer,alfred58@example.net,"39902 Kayla Stravenue Alexisville, WI 27239",2020-09-26
68,Joseph Miranda,katie63@example.com,"9281 Hernandez Keys Apt. 644 North Heatherport, LA 02432",2021-06-06
69,Katherine Davis,bmoses@example.org,"2426 Escobar Well Apt. 103 Lake Kenneth, ME 89596",2021-02-06
70,Veronica Allen,johnwiley@example.org,"25437 Andrea Lakes Suite 200 South Bradley, NH 86565",2023-01-26
71,Patricia Munoz,ingrammartin@example.net,"3714 Fox Extension Suite 144 Ethanville, AR 60751",2020-08-25
72,Adam Lane,joel49@example.org,"1867 James Valley Apt. 049 Cochranshire, OH 91409",2021-10-21
73,Thomas Ward,jonesheather@example.com,"01298 Jesus Terrace Suite 058 Austinchester, AS 86985",2021-12-26
74,Michael Lynn,wreid@example.org,"4502 Rojas Spurs New Nathan, ND 04675",2023-01-12
75,Darrell Hall PhD,patricia80@example.org,"0658 Amy Rapids Suite 335 New Carlamouth, NY 29229",2022-03-28
76,Krystal Marquez,gary29@example.com,"17001 Mccarty Streets Williamsborough, FL 36393",2024-06-28
77,Angela Walker,mjames@example.com,"85424 Mcclain Circles Suite 616 North Michaelborough, FM 28545",2022-05-31
78,Matthew Jenkins,kevinrojas@example.org,"894 Samantha Point Apt. 052 Clarkton, NE 89878",2023-04-07
79,Douglas Leon,anthony37@example.com,"73879 Mason Ridges East Angela, TN 67114",2020-01-23
80,Kristen Lewis,ryanjoshua@example.com,"831 Colleen Lock Suite 385 Monicamouth, NJ 32097",2024-01-26
81,Deborah Anderson,bryan14@example.org,"53913 Rogers View Lake Bretttown, OH 67166",2022-10-01
82,Michelle Lee,taylorelizabeth@example.org,USCGC Martin FPO AE 15417,2020-01-14
83,Misty Bell,rhodesdennis@example.net,"65829 Phillips Crossing Padillaport, WY 90987",2024-02-08
84,Stephen Walters,michaeldrake@example.net,"881 Robert Road Michaelburgh, VA 51752",2024-06-16
85,Elizabeth Diaz,ccampbell@example.com,"0481 Michael Drives North Stacey, AR 46382",2020-05-03
86,Shannon Martinez,alexanderjones@example.org,"24019 Holly Plains Suite 517 Angelaborough, TN 52445",2023-10-09
87,Kelsey Barrera,jcolon@example.com,"72940 Randall Square Apt. 987 West Debra, WA 58648",2022-06-29
88,Melody Brooks,lopezamanda@example.net,Unit 0984 Box 4855 DPO AP 34276,2023-10-18
89,Randy Mcconnell,higginspatricia@example.net,"8048 Phillips Glens Suite 429 East Paul, MP 01416",2022-03-28
90,Michelle Williams,loweryjonathan@example.com,"464 Peters Islands East Tammiehaven, AK 15483",2021-12-09
91,Rebecca Roberts,kendra06@example.org,"2728 Clark Wall South Jaredmouth, FL 18904",2023-01-06
92,Andrew Herrera,kristenjohnson@example.org,"97499 Eric Ports Apt. 361 West Grace, CT 72485",2021-03-12
93,Brittany Diaz,wilsonchelsey@example.com,"2665 Joseph Forges Johnsonton, PW 99376",2024-01-27
94,Shawn Adams III,tracy45@example.net,"8962 Henry Plaza Kellystad, WA 09414",2023-10-27
95,Eric Caldwell,louis06@example.com,"3461 Willis Passage South Douglasberg, NE 96267",2021-04-12
96,Justin Perez,qjones@example.com,"35374 Timothy Fort Apt. 546 North Tiffany, OR 93005",2021-03-10
97,Austin Clarke,jonesteresa@example.org,"490 Mark Street North Kentchester, WV 65411",2021-03-05
98,Nichole Williams,danielle93@example.com,"8465 Becker Expressway Suite 984 Escobarstad, NM 21459",2022-08-24
99,Jamie Wallace,mary49@example.com,USCGC Acevedo FPO AE 08184,2023-08-15
100,Dorothy House,igregory@example.org,"8989 Neal Vista North Mike, CO 20141",2020-11-14
101,Heather Dunn,wholmes@example.org,USS Garcia FPO AE 68921,2020-11-19
102,Robert Frey,taylorjames@example.net,"5339 Johnson Inlet Apt. 013 Port Lindseyview, NC 54840",2023-06-30
103,Anthony Sheppard,brandongonzalez@example.net,"7576 Rhonda Spring Suite 512 Dianaton, CA 27291",2020-05-11
104,Shaun Lynch,aprilvillanueva@example.org,"5020 Thomas Curve Samuelland, WI 16235",2023-03-19
105,Dale Maldonado,zkim@example.com,"01021 Devin Summit Apt. 557 Scotthaven, TN 67333",2022-10-25
106,Bonnie Burton,simpsondarren@example.net,"96323 Schneider Village Suite 379 Robinsonport, ND 95304",2023-10-20
107,Jose Gates,kimbarajas@example.com,"7446 Randall Square Suite 617 Kirkberg, MN 48919",2021-06-24
108,William Parker,jbailey@example.net,"7324 Karen Circles Ellisontown, KS 92916",2023-08-27
109,Samuel Park,cgaines@example.net,"18539 Carter Mall East Amandaborough, VI 23052",2023-04-18
110,Nicholas Rios,kevin92@example.net,"512 Nicole Squares Suite 174 New Donna, MN 70345",2020-11-18
111,Joshua Lucero,james79@example.org,"334 Weeks Avenue Suite 154 New Kennethmouth, CT 38376",2021-10-30
112,Danny Jackson,misty03@example.org,"043 Watson Hill Apt. 792 East Jessica, MD 56495",2021-09-21
113,Angela Ward,meghan71@example.com,"2858 Cynthia Path Apt. 056 South Albertport, IN 96721",2024-03-24
114,Darius Bailey,lindsay99@example.net,"308 Walker Junctions Penabury, MA 02619",2023-02-27
115,Sherry Smith,karahunter@example.net,"21996 Gray Cove Millerfort, TN 48554",2022-01-10
116,Michelle Torres,kimberly17@example.com,"574 Mike Streets Danielchester, MP 23709",2022-01-04
117,Larry Montoya MD,pagelori@example.net,"44555 Lee Station Suite 514 Moonview, OH 99423",2020-07-12
118,Devon Conner,harrisonsean@example.net,Unit 2796 Box 3310 DPO AA 73973,2020-05-10
119,Tammy Powers,scott49@example.org,"4480 Sean Summit Apt. 923 New Danielfort, MH 66556",2020-01-26
120,Julie Hebert,twhitaker@example.com,USNV Stevens FPO AE 77781,2024-09-07
121,Jamie Riley,diana52@example.com,"005 Terri Garden South Larrystad, MS 16662",2020-10-03
122,Jessica Richardson,kpierce@example.net,"11443 Heather Valleys Lake Heather, TX 38643",2023-10-22
123,Madeline Davis,nicholas61@example.net,"42579 Bryan Coves South Rita, GA 92319",2021-08-09
124,Jeff Henderson,francis13@example.org,"92102 Amanda Manors Suite 730 East Brandy, FL 55388",2021-06-21
125,Donald Vang,stronganita@example.net,"525 Dyer Hill North Cassidy, HI 29442",2022-02-07
126,Molly Savage,harrisonsarah@example.net,"882 Mccarty Cape Suite 168 Barnettmouth, ND 23352",2021-01-14
127,Theresa Lopez,elizabethtran@example.org,"18373 Perry Drive Apt. 648 Adamstown, NM 41472",2022-09-11
128,Ryan Jackson,greendana@example.net,"996 Johnson Cliffs Suite 776 Carpenterland, PR 20331",2020-10-18
129,Sandra Barnett,mikedavis@example.com,"74289 Sarah Bypass Apt. 047 New Sonya, MS 10742",2020-02-04
130,Christopher Miller,michaelmurray@example.com,"11977 Samuel Motorway East Erinborough, TN 33082",2022-02-05
131,Christopher Figueroa,aimeepayne@example.org,"2188 Teresa Hill West Paulshire, SC 13171",2022-09-06
132,Mary Gomez,robert15@example.org,"605 Natalie Village Anthonyburgh, GA 39687",2022-03-14
133,Matthew Miller,ngarcia@example.org,"060 Alexis Way Suite 701 Lake Elizabethstad, WV 28236",2021-07-11
134,James Grant,marcusgregory@example.net,"92751 Dawn Via Gregoryfort, AR 05198",2020-11-19
135,Jeffrey Cook,davidramirez@example.com,"37703 Robinson Corners Apt. 233 West Stevenville, SC 09697",2023-05-30
136,Cindy Adams,nixonjohnny@example.org,"78992 Chase Causeway Carrietown, TX 27208",2021-11-09
137,Greg Nichols,warnerphilip@example.org,"975 Coleman Highway Suite 769 East Kimberlyton, NH 44284",2021-09-27
138,Robert Larson,jonesangela@example.org,"1090 Lopez Plaza Apt. 244 Schneiderfurt, NE 06619",2023-08-26
139,Kara Smith,drakemark@example.org,Unit 5776 Box 7772 DPO AE 36417,2024-09-05
140,Danielle Rich,erin11@example.org,"15536 Reeves Mountains Apt. 626 West Craigside, AZ 56856",2021-01-29
141,Megan Castro,paul86@example.com,"5257 Hudson Squares Suite 545 South Lisa, IL 52240",2024-01-21
142,Andrew Aguilar,beth11@example.org,"5668 Michael Dam Apt. 444 West Kevin, KY 92002",2020-09-21
143,Randall Hogan,kirkmcclain@example.org,"722 Diane Cliffs Suite 628 North Jack, RI 84000",2021-06-22
144,Mark Rojas,mccarthyalex@example.org,"9501 Jacobson Crest Stuartstad, ID 08161",2021-03-28
145,Jennifer Shelton,johnny72@example.net,"377 Savage Islands Apt. 359 Diazside, NE 92907",2023-08-02
146,John Martinez,bonnie80@example.net,"729 Samantha Isle Apt. 569 North Melinda, OR 63624",2021-02-04
147,Daniel Wilson,reidjennifer@example.com,"038 Paul Brook Suite 369 Andersonstad, MO 30772",2021-03-09
148,Robert Peters,brenda97@example.com,"955 Johnson Lights Michaelmouth, MH 92882",2022-06-20
149,Katherine Richardson,cheryl01@example.org,"98390 Michael Courts Lake Curtischester, NH 37609",2023-08-30
150,Carolyn Kent,brookslisa@example.com,"725 Jensen Spurs Esparzaburgh, RI 48689",2020-05-09
151,Michelle Wilkins,tjackson@example.net,"27085 Carson Valley Port Melissaside, IN 17912",2021-01-11
152,Ruben Davis,kristinramirez@example.com,"423 Ashley Court Suite 367 Priceberg, AR 02208",2024-03-25
153,Jennifer Howard,patricia00@example.org,"37361 Megan Hill West Reneeport, FL 63611",2023-11-06
154,Joseph Gonzalez,johnstondiana@example.com,"4093 Oneal Centers Suite 736 New Bryanmouth, TX 27001",2022-04-30
155,Tyler Hernandez,zlawrence@example.net,"4791 Ferguson Haven Lake Evelynmouth, IL 35270",2021-09-16
156,Yvette Cooper,alexandra38@example.net,"13399 Oliver Ports Port Emilyview, AR 36766",2021-12-14
157,Reginald Holloway,kcruz@example.net,"551 Blair Haven Apt. 114 New Juliaton, AZ 66289",2023-12-17
158,Anne Griffith,tsullivan@example.net,"86141 Davis Springs Apt. 002 Brookstown, RI 19158",2023-07-29
159,Loretta Thompson,cheryl84@example.com,"4552 Bridget Extension Apt. 488 Lake Sarah, VT 54193",2024-07-30
160,Angel Jones,melissaking@example.org,"9035 Kennedy Gateway Suite 952 Benjaminborough, FM 36782",2022-10-07
161,David Flowers,wendywilliams@example.net,"9636 Williams Street Suite 152 South Elizabethland, MS 63772",2022-02-09
162,Kevin Hayes,fstrickland@example.com,"542 Nicholson Lodge Suite 092 Port Andrew, DC 67859",2023-09-16
163,Nicole Hart,jacksonneil@example.com,"24602 Amanda Terrace Rayhaven, NV 96648",2021-08-12
164,Joshua Steele,amberperez@example.com,"1320 Elizabeth Divide Paulburgh, NV 96825",2022-08-21
165,Denise Lozano,lunadenise@example.com,"22859 Strong Lodge Sherylmouth, NH 39371",2023-04-28
166,Candace Harrington,johnstonsally@example.net,"771 Turner Neck Suite 437 Frankside, PW 22773",2023-08-02
167,Linda Suarez,samuelcontreras@example.net,"6519 Johnson Locks Suite 545 South Annland, WI 39554",2021-07-03
168,Dana Roberts,melinda25@example.net,"209 Bailey Pines Apt. 383 Albertfort, IN 54556",2023-09-24
169,George Brown,lamkristen@example.net,"71284 John Avenue Apt. 128 South Brettstad, AL 09488",2023-05-30
170,Andrea Jennings,dmiller@example.net,"182 Frye Neck Apt. 515 South Joe, GU 12605",2023-04-28
171,Thomas Peterson,odonnellmelinda@example.com,Unit 2944 Box 6432 DPO AP 87290,2023-03-19
172,Christina Ray,craigrebecca@example.net,USCGC Shannon FPO AA 87153,2023-08-19
173,Michael Rodriguez,anthonyanderson@example.net,"2846 Tracy Stravenue Stuartberg, FM 81551",2022-06-09
174,Brandy Miller,jonathan87@example.net,"9245 Jody Rest Apt. 328 North Jennifer, RI 36797",2022-10-07
175,Stephanie Howell,douglasfuller@example.org,"8653 Samuel Spring Lake Melissa, MP 56785",2022-11-13
176,Eric Lyons,lloydstephanie@example.org,Unit 4849 Box 0654 DPO AP 37099,2022-03-15
177,Juan Morrison,tmiller@example.com,"4101 Michelle Plains New Richard, PR 46409",2021-06-30
178,Manuel Smith,saundersdiana@example.org,"01605 Paula Mountains Travismouth, KS 79382",2020-08-06
179,John Dominguez,mcbridelori@example.com,"40313 Townsend Squares Suite 551 Butlerton, NM 99185",2022-03-02
180,Tiffany Parker,gillespiebrenda@example.com,"232 Keith Points North Michaelshire, KY 47501",2022-06-10
181,Steven Miller,allisonhammond@example.com,"099 Miller Unions Apt. 632 North Dennis, TX 37846",2021-06-30
182,Jennifer Hampton,peterstammy@example.com,USNS Parker FPO AA 54527,2021-01-19
183,Tracey Frazier,caitlinlee@example.com,"4174 Wolfe Hollow New Johntown, MS 47509",2023-07-14
184,Colton Mcmahon,rhondamartin@example.net,"47669 Brandon Roads Port Miranda, PA 71759",2023-12-08
185,Emily Bell,colonmichelle@example.org,"4230 Craig Trail Smithchester, FL 66923",2021-10-11
186,Kaylee Cruz,qstark@example.net,"6673 William Knolls Apt. 508 Murphybury, AL 74548",2020-12-07
187,Shelby Perez,mike48@example.net,Unit 2447 Box 1001 DPO AA 52400,2021-09-21
188,Tracy Hill,scruz@example.net,"41731 Murray Brooks Mccarthychester, RI 36731",2023-06-29
189,Robert Thomas MD,harrisonsandra@example.org,"622 Jeffrey Valleys South Michaelfurt, MN 73941",2020-09-10
190,Leon Clark,ralexander@example.org,"209 Melinda Cape Apt. 764 Thomasstad, SC 46621",2022-05-31
191,Kevin Fernandez,todd91@example.org,"81006 Isaac Haven West Alexis, CT 93204",2023-04-22
192,Steven Strickland,martinezmary@example.com,"305 Douglas Way Suite 261 South Taylor, ME 30684",2020-12-05
193,Jared Weiss,kellyanthony@example.org,USNV Rice FPO AP 11914,2023-02-20
194,Sarah Chen,tferrell@example.org,"136 Joshua Fields South Traceyside, NM 68737",2022-05-04
195,Sydney Delgado,murphymark@example.com,"10585 Andrea Parkways New Jeffreyton, MO 81877",2023-12-17
196,Sierra Thompson,msmith@example.org,USNV Manning FPO AE 46281,2021-08-23
197,Angela Thomas,evan80@example.org,"596 Figueroa Mountain West Tracyville, NH 61772",2021-08-21
198,Rachel Gallagher,cblack@example.org,"56481 Laurie Ports Smithton, WI 50028",2024-08-22
199,Ryan Price,ydavidson@example.net,"1422 Murphy Centers Apt. 555 Garciaville, MP 26517",2020-04-14
200,Michelle Fernandez,ecameron@example.org,"142 Brown Square Apt. 514 Port Margaret, CA 40130",2020-04-06
201,Kayla Garrett,mandyanderson@example.com,"746 Jeremy Walks Suite 278 New Bethmouth, CO 83071",2024-03-14
202,Cindy Pierce,jfernandez@example.org,"380 Grant Square Alicialand, FL 63025",2024-05-10
203,Ryan Kirby,rosarioalicia@example.com,"931 Harris Road Suite 530 Vincenttown, MS 31841",2022-08-10
204,Brooke Davis,paulowens@example.net,"36492 Sean Summit Apt. 325 Ramirezbury, NE 17971",2021-08-28
205,Michael Silva,plewis@example.org,Unit 4075 Box 4618 DPO AP 93498,2020-10-09
206,Dr. Joshua Terrell,basslisa@example.com,"53837 Porter Key Suite 868 Nicholashaven, IN 60421",2021-02-11
207,Patricia Mitchell,phillipswesley@example.com,"65865 Hoffman Pines Lake Matthew, KS 15073",2024-01-09
208,Rebecca Becker,pwatson@example.org,"14051 Smith Bridge Cervantesbury, NM 95423",2020-01-24
209,Rebecca Anderson,hartdanielle@example.com,"42572 Denise Prairie Suite 993 South Kevin, AK 80411",2023-08-22
210,Douglas Chaney,ruth12@example.org,"7484 Francis Lock New Kevinmouth, AS 28716",2023-03-03
211,Tyler Cherry,jonathan54@example.com,USNV Wilkins FPO AP 28714,2020-01-29
212,William Shelton,tcooley@example.com,"2930 Roy Shoals Suite 573 Ramirezburgh, CT 59594",2021-09-07
213,Travis Mccall,nancy23@example.net,"494 Holmes Roads Suite 681 Port Cynthia, WA 51649",2020-12-06
214,Michelle Clark,jacob06@example.org,"34481 Davis Center East Maria, FM 07794",2022-12-10
215,Morgan Garcia,tbrown@example.com,"01385 Ramos Estate East Tamistad, VA 18103",2022-10-31
216,Ann Aguirre,stephanie86@example.org,"8178 Christine Landing Pooleview, MS 81809",2021-02-06
217,Nichole Navarro,sandraharper@example.com,Unit 1003 Box 1935 DPO AA 05259,2024-09-07
218,Desiree West,kyleharper@example.net,"2685 Tiffany Squares Forbesfort, GA 94064",2024-02-24
219,Linda Lawrence,pstewart@example.com,"67517 Dawn Prairie Port Thomas, AR 78584",2024-01-23
220,Theresa Goodwin,gabriel04@example.org,"85434 Robert Roads Christinastad, WA 46745",2023-07-24
221,James Reid,robert09@example.org,"108 Carolyn Plaza Apt. 851 Williambury, DE 92613",2022-09-05
222,Jacob Sexton,richardmclean@example.com,"621 Mullins Fork Suite 568 Medinastad, IL 04559",2022-09-04
223,Jacob Morris,nicholasflores@example.org,"253 Jody Mall Suite 011 Lake Lydia, WA 49414",2020-09-30
224,Morgan Gonzales,stephensbrian@example.net,"6678 Delacruz Unions Natalieton, DC 89828",2024-05-04
225,Cody Townsend,beth77@example.org,"519 Wiley Run Suite 915 Melissaland, UT 58874",2020-03-16
226,William Carroll,seanpacheco@example.org,"0773 Hernandez Lodge Suite 276 Prestonborough, PR 23959",2020-09-01
227,Jessica Adams,owhite@example.org,"60935 Davies Crossroad Apt. 612 Port Hayleystad, AS 94689",2020-06-06
228,Kathleen Martin,jackie66@example.org,"344 Kim Ridges Lake David, FM 11688",2022-10-20
229,Tina Hanson,evanssteven@example.com,USNV Silva FPO AA 30208,2021-10-21
230,Robert Lewis,bmendoza@example.com,"54616 Samantha Junction Elizabethtown, TX 17544",2022-06-29
231,Rachel Cole,amber30@example.com,"6471 Dixon Neck Suite 424 West William, ND 01882",2022-02-26
232,Karen Black,schaeferkatherine@example.net,"7353 Hull Path Debratown, OR 58389",2022-06-04
233,Alicia Perez,morgan15@example.org,"PSC 0292, Box 0658 APO AP 45681",2020-03-06
234,Holly Smith,brian05@example.org,"17634 Hannah Road West Juliaside, RI 13398",2024-06-14
235,Monica Rivas MD,bruce77@example.net,"2065 Frank Curve North Bonnieport, MN 11591",2022-11-21
236,Joseph Thornton,clarkjohn@example.org,"0383 Maria Plain Suite 905 Lake Brianton, MD 96433",2022-04-23
237,Michael Peterson,joshua49@example.org,"71889 Owens River Suite 739 Thomasport, MP 54572",2022-01-06
238,Noah Conrad,john22@example.org,"59605 Jaime Branch South Kristin, CT 10925",2023-07-18
239,Amber Ortega,george77@example.org,"41337 Rose Courts Suite 358 New Paul, IL 97288",2020-11-09
240,Michael Williamson,benjaminhart@example.com,"013 Julia Run Bensonborough, OH 53972",2024-08-06
241,Thomas Davis,rogersgina@example.org,"2967 Nolan Pines Berryborough, DE 31746",2021-07-05
242,Erin Roberts,mgoodwin@example.org,"0441 Russell Cove Suite 827 Hatfieldborough, NH 35383",2022-09-22
243,Kelly Carpenter,christinanunez@example.com,"651 Lara Canyon Suite 703 Port Sherri, OR 35899",2023-11-15
244,Alexander Chan,uscott@example.net,"3845 Perez Lodge New Jeffrey, ND 08499",2021-02-08
245,Dawn Fields DDS,tbell@example.net,"714 Debra Turnpike Mccartystad, GA 13502",2022-01-23
246,Richard Lopez,margaret82@example.net,"406 Jennifer Manor Suite 284 East Davidland, AL 49287",2021-09-05
247,Barry Schwartz DDS,kimberly91@example.net,"6343 Brandy Green Apt. 449 Jaimefurt, TN 79200",2021-08-07
248,Ryan Tapia,anna26@example.org,"003 Amber Knoll Apt. 426 New Frank, HI 17985",2024-03-10
249,Richard Hernandez,wrightmatthew@example.com,"28970 Lawrence Passage Apt. 757 Bakerfurt, NV 56339",2021-11-26
250,Rebecca Salinas,kirkperkins@example.net,"3001 Robert Isle New Samuelstad, MP 43009",2022-02-04
251,Lawrence Schmidt,lisapowell@example.net,"621 Julie Port Suite 853 Morrisonborough, UT 17981",2022-12-08
252,Thomas Wilson,kendra34@example.net,"5415 Travis Center Apt. 652 Cherylmouth, SD 05533",2022-01-13
253,Zachary Kim,wesley28@example.org,"789 Kelly Mill Apt. 103 Teresamouth, DC 50158",2022-08-13
254,Lisa Thompson,mark00@example.com,"6842 Brandon Shoal Apt. 036 Seanshire, PR 32544",2022-01-26
255,Kelly Richardson,esweeney@example.com,"43795 Kimberly Knoll Trevorland, IN 04420",2021-09-22
256,Nancy Smith,fgarcia@example.com,Unit 5261 Box 1722 DPO AP 49754,2020-11-19
257,Allen Vazquez,thill@example.com,"847 Oconnell Corner Apt. 818 East Robert, SC 65467",2024-10-01
258,Mark Nichols,gregoryscott@example.net,"PSC 7029, Box 8707 APO AA 98646",2024-09-09
259,Michael Berry,samanthacobb@example.net,"12642 Jones Inlet Joneshaven, LA 64363",2024-08-12
260,Danielle Brown,morenokristopher@example.com,"8042 Daniel Forges Suite 627 New Johnville, GU 42011",2022-05-23
261,Jessica Williams,perezcharles@example.org,"09711 Amy Cliffs Apt. 819 South Amyport, CT 01693",2022-07-11
262,Shane Walker,kaitlinshaw@example.com,"159 Page Center New Janet, FL 47534",2022-06-13
263,Nicholas Campbell,courtneygregory@example.com,"515 Kevin Islands Thomashaven, CA 61134",2020-03-09
264,Dr. Tracy Reed,nvalenzuela@example.org,"85068 Wilson Fort Johnsonhaven, RI 19016",2022-01-10
265,Mitchell Davis,lbailey@example.com,"847 Brian Divide New Jacob, NJ 82344",2021-05-13
266,Dean Robinson,jenniferwolf@example.com,"308 Kevin Haven New Paigemouth, AZ 89455",2020-02-09
267,Grant Johnson,francisco00@example.com,"6149 Jones Brook Apt. 533 Ballardchester, PA 03649",2021-11-30
268,Anthony Carlson,jorge82@example.net,"PSC 3559, Box 3923 APO AE 39059",2024-01-13
269,Rebecca Knapp,tuckerdenise@example.com,"PSC 0939, Box 5055 APO AE 24625",2023-12-29
270,Ashley Rowe,katrinaconner@example.net,"544 Barajas Cliff Apt. 804 New John, OR 60143",2023-03-27
271,Walter Williams,joanna67@example.com,"81378 Joseph River Apt. 369 North Toniburgh, MN 24239",2024-08-09
272,Stephanie West,kristen31@example.org,"6867 Christian Key Kennedyborough, MD 18547",2021-01-08
273,Amy Medina,timothyramirez@example.net,"743 Hopkins Lake Gilmoreshire, KS 54720",2020-02-23
274,Felicia Harris,kyle50@example.net,"733 Brewer Centers Apt. 170 South Jasminetown, AL 07559",2021-07-29
275,John Baker,gcruz@example.net,"PSC 8890, Box 7258 APO AP 83422",2022-02-11
276,Katrina Hughes,nathan13@example.org,"0236 Patricia Turnpike Apt. 209 Kevinborough, SD 40513",2023-11-15
277,Amber Holt,michellesmith@example.org,"49460 Lee Mountains Apt. 512 Jonesbury, NE 82625",2022-01-26
278,Antonio Bowen,danielfreeman@example.net,"6148 Daniel Centers Suite 352 South Brookeland, MI 81162",2023-02-26
279,Eric Smith,ericwebb@example.com,"350 Perez Islands East Deanna, AL 04198",2020-08-11
280,Sandra Humphrey DDS,scottclark@example.com,"46854 Jacqueline Isle East Caitlin, MT 76502",2024-01-03
281,Jessica Smith,dberger@example.org,"8006 Edward Neck Evanville, WY 77657",2024-08-17
282,Joyce Olson,tammyjohnson@example.net,"203 Amanda Springs Apt. 571 East Johnborough, MI 94504",2024-01-22
283,Rhonda Williams,anthony09@example.org,"9760 Fuller Trafficway Port Allison, GA 66796",2024-07-13
284,Scott Whitaker,patrickwood@example.org,"97844 John Plaza New Martin, VI 56633",2023-12-13
285,Faith Carter,rodriguezpatricia@example.net,"7933 Samantha View Apt. 978 Santosfurt, NC 23198",2020-11-16
286,David Moreno,ghenderson@example.org,"369 Gordon Greens Dannyburgh, ME 08380",2020-07-01
287,Andrea Martin,sbrown@example.org,"5911 Parrish Lake North Crystal, OR 44984",2022-12-01
288,Omar Garcia,danielwright@example.org,"0285 Sarah Ports Joelhaven, KY 20131",2023-07-01
289,Michael Gonzales,christinapeters@example.org,"00624 Daniel Extensions Suite 302 Lake Racheltown, IA 32121",2024-09-09
290,Brandon Lowe,melvinstone@example.com,"2549 Willis Trafficway Suite 500 Tylerchester, AR 49192",2024-05-20
291,Catherine Henry,lynn99@example.org,"0284 Terri Fall Apt. 338 Fosterton, GA 95424",2020-12-09
292,Rebecca Holder,travis89@example.org,"8898 Winters Trafficway South Johnathan, IL 69039",2023-02-01
293,David Wong,bweiss@example.org,USNV Lowe FPO AA 12617,2023-12-20
294,Joshua Cole,whiterobert@example.org,"005 Robert Trace Simpsonborough, SD 89345",2022-05-08
295,Natalie Carson,lori69@example.org,"42402 Barber Mountains Suite 472 Collinsborough, ID 41179",2021-07-22
296,Caitlyn Chase,jacqueline36@example.org,USNV Rodriguez FPO AA 94509,2020-07-19
297,Michael Jordan,rodriguezjennifer@example.com,"01770 Zachary Radial Lake Michelle, FM 35711",2020-04-21
298,Amy Arnold,michaelmorales@example.com,"34225 Nelson Street Apt. 644 New Josephville, NJ 15018",2023-11-16
299,Dr. Steven Manning,cindyhernandez@example.org,"59235 Vincent Parkway Apt. 235 Gonzalesburgh, HI 32471",2020-09-25
300,Wendy Poole,michaelbernard@example.net,"589 Lee Passage Suite 702 South Kevinchester, NJ 45613",2022-11-21
301,Eric Jones,phillip42@example.com,"619 Brian Islands North Charlesstad, IN 30392",2020-02-28
302,Barbara Cannon,nwilliams@example.com,"1633 Carter Islands Apt. 597 Port Eddie, ND 81752",2020-06-14
303,Jessica Brown,nicholascollier@example.net,"38353 Richard Road Suite 300 North Davidton, AL 33815",2021-08-02
304,Jermaine Smith,nallison@example.net,"1913 Samantha Centers South Lisa, MH 26954",2021-11-04
305,Jason Ramos,vgonzalez@example.org,"8652 Robert Causeway Port Heather, NE 47818",2022-10-20
306,Darryl Morris,maria59@example.com,"1586 Matthew Common Lake David, LA 12314",2020-04-01
307,Tommy Martin,rebecca07@example.com,"2566 Thomas Ridge Lake Keithside, GU 56974",2022-05-15
308,Courtney Jones,lindseycollins@example.org,"950 Dickerson Forest Suite 836 Lake Paul, WY 73313",2023-03-23
309,Jose Wilson,frank48@example.com,"968 John Garden Kellystad, FL 28518",2022-03-15
310,Brandon Walker,lorettafields@example.org,"1788 Tommy Turnpike Sheltonton, NM 31634",2020-06-08
311,Diane Chavez,mhunt@example.org,"0631 Thompson Road Apt. 909 Port Alexanderchester, SD 33148",2023-05-21
312,Nancy Turner,gabriel66@example.org,USS Myers FPO AA 38686,2020-12-22
313,Carlos Hicks,emily72@example.net,"30137 Jason Divide Tiffanystad, CT 21445",2022-04-30
314,Karen Marsh,sarahkirby@example.org,"699 Dixon Brook Suite 588 Danielleland, LA 48144",2021-10-23
315,Debbie Smith,groberts@example.org,"39750 James View Melissaport, MT 84556",2021-07-31
316,Kimberly Wright,jonathanbell@example.org,"482 Thomas Skyway Arthurfort, AL 82198",2022-10-17
317,Lisa Holland,eashley@example.net,"234 Mann Plaza West Heather, ND 35033",2020-08-31
318,Melissa Roman,sbarnes@example.net,"7949 Scott Mission Apt. 551 Angelafurt, ME 82321",2020-10-13
319,Scott Mitchell,cking@example.org,Unit 9557 Box 0077 DPO AP 24455,2020-07-25
320,Jeremy Jackson,pooledaniel@example.org,"49810 Amber Passage Port Daniel, MH 87521",2023-06-25
321,Mrs. Laura Garrett,edward94@example.com,"567 Gray Point Suite 976 Lake Mariostad, NY 09438",2023-01-02
322,Laura Campbell,bowmanchristian@example.org,"38267 Kayla Spur Suite 296 North Eric, PR 57752",2022-04-29
323,Wanda Owens,zwilliams@example.net,"51613 Johnson Cliff Suite 059 Port Davidberg, FL 25319",2024-07-19
324,Mrs. Elizabeth Bass DDS,markguzman@example.net,"4041 Barker Plains Suite 050 Carlostown, NV 71359",2020-03-08
325,Courtney Graves,cookcaitlin@example.org,"9112 Kimberly Flat New Andrewfurt, CO 81724",2021-03-31
326,Rebecca Mcdonald,michael58@example.org,"7915 Nichols Lodge Andrewfurt, GU 85842",2023-01-03
327,Mrs. Sandra Garrison DDS,edwardsdaniel@example.com,"939 Jesse Canyon New Valerie, OK 45051",2023-08-27
328,Desiree Brown,brianarnold@example.com,"1985 Mike Cove Jessicaland, MS 55938",2021-04-25
329,Steven Anderson,bradley02@example.org,"396 Benton Greens Apt. 743 Davidtown, CA 43753",2023-11-22
330,Mary Wood,bsandoval@example.org,"111 Darrell Summit West Cathyport, MA 03936",2021-03-21
331,John Chapman,leejames@example.org,"768 Shawn Prairie Apt. 598 Wilsonhaven, MN 03253",2023-06-12
332,Lisa Harvey,tina32@example.org,Unit 4643 Box 9302 DPO AP 15743,2022-12-27
333,Meghan Decker,davidsonbrittany@example.org,"63515 Lynn Valleys Millsview, NE 34099",2024-06-24
334,Kenneth Tate,hrodriguez@example.org,"8848 Luna Tunnel Apt. 273 Lake Kim, CA 78501",2023-05-31
335,Frank Flores,smithhannah@example.org,"946 Taylor Pass Suite 045 East Michael, SD 89324",2024-07-15
336,John Nunez,thomaspayne@example.org,"88812 Allen Lake Port Corymouth, AL 68754",2023-10-17
337,Gregory Diaz,jenningsgregory@example.net,"7260 Cheryl Drive North Davidton, WI 37429",2020-07-13
338,Matthew Roberts,jensenmichael@example.com,"04155 Brown Oval North Jamesburgh, OK 17794",2020-03-14
339,April Andrews,gary59@example.org,"1284 Franklin Square Suite 513 South Keith, MT 90118",2021-02-21
340,Lawrence Reed,josephthompson@example.net,USS Garcia FPO AA 50734,2023-03-19
341,Andrea Moore,shawthomas@example.com,"979 Amanda Fords Snyderbury, PA 38834",2020-12-09
342,Melinda Parks,stevenedwards@example.org,"757 Rachel Streets Suite 943 Stephaniemouth, TN 32513",2024-02-21
343,Anita Bean,velasquezjeanette@example.net,"892 Goodman Valleys Melanieberg, WI 57943",2021-09-17
344,Courtney Golden,rileygina@example.net,"30796 Harvey Station Katieport, GU 64980",2022-06-16
345,Gary Chapman,rachel16@example.com,"45009 Martinez View Apt. 623 South Kevinmouth, SD 78645",2020-09-21
346,Karen Smith,stacey86@example.com,"98982 White Road Carpenterfurt, NV 89520",2024-01-10
347,Leslie Gonzalez,davisjeffrey@example.com,"53097 Susan Walk Suite 229 Wilsonside, MN 79930",2023-12-14
348,Teresa Davis,derek69@example.org,"11256 Chavez Stream Suite 326 Aaronview, ME 21941",2021-02-08
349,Bryan Vaughan,erika21@example.com,"370 Johns Roads West Carolyn, AS 74356",2023-02-05
350,Justin Gomez,gregoryelizabeth@example.com,"47776 Villa Corners Suite 282 Samuelville, KS 40801",2023-04-09
351,Christine Simmons,randyford@example.com,"82101 Angela Spur East Adamtown, AR 38269",2024-01-17
352,Mary Ellison,mvillanueva@example.org,USCGC Schneider FPO AA 43351,2023-02-21
353,Deanna Andrews,taylor87@example.com,"46993 Green Grove East David, AR 71953",2020-01-25
354,Shawn Duncan,kevinstevenson@example.org,"46925 Mueller Isle Suite 773 Thompsonfurt, IA 20252",2021-07-15
355,Kimberly White,mark00@example.com,"17627 Holmes Plains West Joelmouth, ME 26091",2021-06-20
356,Denise Mullins,oray@example.org,"5683 Emily Pike West Steven, MI 07548",2020-11-12
357,Elizabeth Sandoval,sanderson@example.com,"157 Rivers Crescent Suite 204 North Michelleburgh, CO 07598",2022-07-05
358,Linda Smith,joshuajones@example.org,"454 Rice Meadows South Catherine, NE 36907",2023-03-15
359,Anthony Hoffman,kbrewer@example.org,"75182 Sean Alley Suite 632 Kimfort, CO 52141",2021-09-28
360,Dustin Kennedy,aedwards@example.org,"144 Lewis Pine Maxwellmouth, FL 32464",2023-08-03
361,Frances Williams,ldeleon@example.com,"34286 Sanders Parkway Catherinefort, GA 83170",2022-05-14
362,Anthony Deleon,dan13@example.com,Unit 9307 Box 4510 DPO AP 95548,2024-03-29
363,Kevin Lewis,bjones@example.com,"258 Hall Causeway South Robinhaven, CT 70191",2023-04-29
364,Dana Mack,sjimenez@example.com,"1338 Jennifer Run Bakerfort, MP 48582",2024-08-15
365,James Lee,deborahbeck@example.com,Unit 6963 Box 8667 DPO AA 99138,2020-01-15
366,John Ochoa,tpatton@example.org,"98413 Julie River Suite 409 Moranstad, FL 09239",2024-06-13
367,Jennifer Russell,carlasmith@example.org,"364 Eric Mount Maureenland, OH 23555",2020-02-04
368,Melanie Johnson,jennifer83@example.net,"8378 Carol Drive Suite 914 Maddenburgh, FM 69025",2022-03-15
369,Alfred Orozco,jhaynes@example.org,"44013 Martinez Path Suite 732 Lake Ethanburgh, PR 82111",2023-01-17
370,Louis Lawrence,andreaosborne@example.com,"079 Ferguson Divide Justintown, WY 29840",2022-09-18
371,David Wade,jenningsryan@example.net,"5337 John Pine Suite 932 North Brucemouth, WI 58971",2022-08-21
372,Amanda Young,melanietaylor@example.net,"4885 Cuevas Estate Lake Jonathan, TX 14097",2021-03-22
373,Alexander Bailey,burgesspatrick@example.org,"079 Scott Springs Suite 035 West Gregoryshire, OH 16004",2022-10-26
374,Jennifer Stewart,gina60@example.org,"599 Joshua Route Port Sheila, LA 18095",2021-03-13
375,Marc Thompson,jimmy18@example.org,"1413 Kennedy Camp Suite 339 Castrostad, WY 62747",2023-07-26
376,Joseph Bailey,denisekelly@example.org,"265 Lori Prairie Suite 701 Erinhaven, WI 95858",2021-12-19
377,Gail Ramirez,rosslaura@example.org,Unit 5923 Box 2804 DPO AP 97147,2021-09-17
378,Tina Berry,jason98@example.org,"3709 Karen Haven New Kayla, ME 59889",2020-02-15
379,Collin Higgins,owinters@example.net,"613 Amy Brooks East Lynn, MA 57949",2022-01-15
380,Jessica Torres,mvaughan@example.net,"759 Denise Gardens Apt. 454 North Paulview, NC 34023",2022-05-03
381,Timothy Krueger DDS,elizabethhill@example.com,"577 Edward View Suite 022 Stewartborough, TX 08144",2020-12-18
382,Megan Davis,maguilar@example.com,"67826 Lee Ranch Suite 065 North Laurafort, MD 20387",2023-01-04
383,Andre Charles II,kristinasimpson@example.org,"181 Rice Pike Apt. 310 South Karistad, RI 63175",2022-01-16
384,Peter Flores,egardner@example.org,"482 Kim Rest Suite 024 Port Jamesberg, MA 80826",2020-12-12
385,Elizabeth Jones,kthompson@example.com,"155 West Loop Myersbury, VT 63442",2021-10-10
386,Peggy Campos,aaron62@example.org,"40590 Jason Ferry Apt. 745 Jordanview, AK 14433",2021-12-04
387,Eric Jackson,jonesrobert@example.net,"1877 Jenna Terrace Suite 755 Woodsland, WA 76422",2024-03-12
388,Patricia Salazar,renee21@example.net,"688 Johnson Radial East Codyfort, MN 34392",2024-08-21
389,Sarah Hodges,michael66@example.com,"545 Gordon Walk Suite 991 Lisamouth, DE 49079",2021-11-14
390,Erica Kelley,todd64@example.com,"483 Jamie Shores Suite 189 South Anthonyville, NC 45320",2020-02-12
391,Lori Martin,brianrhodes@example.org,"95475 Suarez Walks New Anthony, WY 06167",2022-08-17
392,Jessica Kennedy,mpowell@example.net,"74778 Raymond Flats Sherrimouth, AK 29054",2023-12-02
393,Randall Mcbride,kimberlypreston@example.net,"85563 Lawrence Street Apt. 036 North Hunterborough, MO 86658",2020-05-12
394,Kelly Lopez,cgill@example.com,"PSC 2879, Box 7854 APO AP 43444",2022-09-30
395,Jared Turner,amy60@example.com,"61569 Jacqueline Land Suite 620 Port Jonathan, PR 27316",2020-11-14
396,Lisa Roberts,rodriguezsharon@example.net,"743 Walton Crest Apt. 478 Brianbury, ID 07917",2022-08-07
397,Jordan Phillips,luismcdonald@example.com,"85809 Coleman Square Mclaughlintown, NM 70222",2023-05-23
398,Martin Bryan,laurie62@example.org,"0046 Emma Stravenue Reynoldsborough, MT 61537",2020-09-11
399,Lisa Hoffman,antonio16@example.net,"790 Scott Hills Apt. 352 Brendafurt, AZ 18059",2021-11-20
400,Steve Ellis,andrewtapia@example.org,"31969 Lester Tunnel Apt. 801 Angelfort, CA 81909",2022-09-10
