id,name,email,address,date_joined
1,Patricia Clark,lisa69@example.net,"45127 Daniel Manor Nancyton, ID 41193",2023-11-23
2,Mary Moss,matthew67@example.net,"5157 Kim Ports Whiteside, ID 04993",2020-07-28
3,Robert Pollard,kevin60@example.com,USNV Gonzalez FPO AP 80746,2022-06-09
4,Benjamin Williams,cbrooks@example.net,"1461 Kennedy Forest Coopertown, MP 18903",2020-01-03
5,Austin Williams,nicholas92@example.org,"9661 Fleming Port Apt. 094 Lake Michaeltown, MS 27258",2024-09-19
6,Jeffrey Espinoza,bobby93@example.org,"6135 Laura Course South Teresa, MI 50161",2022-08-10
7,Stephen Potter,robert04@example.org,"8918 Gallegos Inlet Apt. 100 North Mark, MD 18721",2020-10-09
8,Jordan Gregory,perezkaren@example.com,"8376 Smith Terrace Suite 842 Joannaville, CA 12500",2024-08-04
9,Laura Smith,nathanhoward@example.org,"12515 Diane Burgs North Anthony, CT 13092",2021-10-16
10,Sarah Cole,doughertynorma@example.org,"4560 Morris Common Charlesland, GU 17360",2021-03-27
11,Karen Russell,elizabeth69@example.org,"952 Abbott Pass Apt. 397 North Rhonda, ME 73590",2020-08-08
12,Anthony Foster,anthonysmith@example.net,"424 Bryant Skyway Ashleyton, IA 07267",2024-09-14
13,Madison Fleming,camachodenise@example.net,"170 Flowers Villages Suite 575 Robertfurt, NY 92848",2021-05-24
14,Stacey Smith,timothydixon@example.net,"368 Conley Plaza Lake Jose, WY 22233",2024-07-12
15,Edward Wilson,carrollgloria@example.com,"0964 Vanessa Trace West Courtney, FM 15940",2021-10-30
16,Justin Soto,william03@example.org,"8132 Vaughan Walks East Rebecca, SD 41424",2020-05-14
17,Christopher Peterson,xortega@example.org,"268 Bailey Groves Apt. 096 Shawnfort, GA 82361",2021-03-14
18,Emily Graham,katherinemiller@example.net,"522 Campbell Lock Stevenfort, MO 54912",2024-06-17
19,Kelli Nash,jordan51@example.org,"39516 Kellie Hill Suite 697 Jerryfurt, WI 81885",2023-03-21
20,Crystal Sanchez,debbiehardy@example.net,"48254 Eddie Prairie Suite 032 West Amberfort, WY 59884",2022-06-16
21,Anthony Anderson,archerjames@example.net,"809 Robles Passage Port Kristenmouth, TN 09793",2020-08-16
22,Adrienne Brown,anthony54@example.org,"8170 Anthony Common Apt. 650 North Jenniferberg, NC 82619",2023-06-20
23,Micheal Sullivan,emilyfrank@example.org,"46489 Hardy Path Apt. 426 Aprilshire, PR 44057",2023-01-28
24,Jonathan Jefferson,wbennett@example.org,"8609 Sanchez Vista West Elizabethmouth, MN 46874",2021-09-07
25,Lisa Hicks,lsims@example.net,"5137 Joshua Hollow Vincentberg, GA 24044",2024-03-17
26,Kelli Coleman,david20@example.com,"4255 William Lock Apt. 830 Williamport, ME 43485",2020-05-28
27,Brandon White,plewis@example.org,"538 Kathleen Light East Brianamouth, PR 50966",2020-01-20
28,Mrs. Connie Hopkins,vkirk@example.net,"4761 Lozano Fall Kathrynton, AS 65067",2024-02-03
29,Krystal Gonzales,gabriel98@example.org,"7335 Curtis Mountains Apt. 816 North Brian, SD 55883",2020-09-18
30,Karla Robles,bdalton@example.com,"5679 Coleman Skyway Williamsport, IN 84231",2021-06-09
31,Melanie Mason,zperkins@example.org,"819 Kirby Forges Apt. 848 New Michaelview, LA 75027",2024-01-15
32,Kenneth Thompson,kenneth56@example.net,"4077 Christina Ferry Suite 148 West Samuelberg, ND 40609",2024-01-01
33,Sara Hernandez,lucas58@example.com,"69793 Weaver Corners West Charlesside, OR 89469",2020-12-28
34,Laura Burch,leslie77@example.org,"2147 Austin Island Suite 904 Webbton, NM 47737",2022-06-23
35,Emily Anderson,amandahouse@example.com,"50464 David Stream Hernandezmouth, AR 92090",2023-09-05
36,Timothy Norris,medinadonna@example.net,"472 John Shores Apt. 634 Reedtown, AZ 84469",2024-05-27
37,Michael Burnett,htodd@example.net,"1806 Amanda Estate New Jimmy, CO 77009",2020-02-26
38,Michael Lopez,carterdiana@example.net,"PSC 3037, Box 9598 APO AP 57222",2022-07-31
39,Matthew Deleon,keithholden@example.org,"4936 James Turnpike Apt. 574 Lopeztown, PR 76668",2020-03-06
40,Anna Mccall,sara77@example.net,"8278 Sanchez Squares Apt. 227 Sheppardside, NY 94686",2023-03-07
41,Paul Anderson,susantran@example.com,"6332 Charles Pine Maureenside, NH 31907",2020-03-22
42,Brian Rios,tomnelson@example.net,"0397 Harris Heights Manningland, ND 66302",2024-03-13
43,Alexander Simpson,twright@example.net,"660 Anderson Spurs Jessicamouth, VA 73752",2021-08-15
44,Richard Patterson,kathleenrichardson@example.net,"5471 Nathan Street Elizabethmouth, MP 92821",2022-04-21
45,Wendy Scott,timothybarry@example.net,"46370 Preston Freeway Lake Josephchester, FM 68979",2023-08-31
46,Andrew Reyes MD,rpayne@example.org,"46106 Black Dam Apt. 406 Port Sean, OH 54031",2022-02-21
47,Jenny Roach,alex95@example.com,Unit 4162 Box 7007 DPO AP 92502,2021-01-12
48,Kevin Torres,jonathan85@example.org,"796 Michael Squares Apt. 549 Nealmouth, TX 11624",2023-08-20
49,Mary Rogers,scottsimon@example.com,"47387 Katherine Shoals Suite 254 Lake Marie, NH 21606",2023-11-02
50,Richard White,kennedyanthony@example.net,"50572 Jason Junctions Jessicaside, MI 37860",2023-06-09
51,Jacob Lamb,jennifer90@example.net,"545 Mejia Green Suite 764 Littlehaven, MT 39147",2022-03-21
52,Kyle Lucas,jrangel@example.com,USNS Miller FPO AE 51019,2022-10-25
53,Hannah King,sarahmoore@example.com,"07792 Oliver Unions New Melissa, ND 30556",2022-03-10
54,Susan Brown,amber38@example.org,"35786 Goodman Path South Teresaton, CO 83262",2022-09-22
55,Joseph Reynolds,samuelsanders@example.net,"6870 Hall Trafficway Port Kelly, OH 11317",2023-09-17
56,Tiffany Wong,taylorann@example.org,"67607 Sarah Spring New Charlestown, AK 57947",2023-09-07
57,Eric Reed,wilsonmichelle@example.org,"9015 Rangel Point Suite 476 East Stacy, ME 44278",2024-04-09
58,Rickey Lang,jreyes@example.net,"08576 Barr Islands Griffithberg, OH 27484",2021-08-17
59,Cody Williams,udixon@example.com,"036 Melissa Center North Eric, NH 90213",2022-12-19
60,Carolyn Moore,laurenjohnson@example.net,USNV Pope FPO AP 44482,2023-08-23
61,Catherine Woods,newtonamanda@example.org,"7207 Manning Roads South Cherylview, AL 16263",2020-04-29
62,Sandra Harvey,carolynsimmons@example.net,"7594 Jackson Valley Suite 896 Michaelfort, FL 82484",2020-05-31
63,Eileen Johnson,seansandoval@example.com,"55105 Rachel Motorway Apt. 568 Port Jeremyfurt, IL 20392",2020-04-02
64,Robert Love,jmartinez@example.net,"168 Johnson Shore East Aliciatown, PA 98222",2021-07-25
65,Maria Knox,owenskristen@example.com,"0086 Larry Lodge Geraldmouth, AL 19139",2021-02-02
66,Alyssa Guzman,johnflores@example.com,"948 Sarah Rapid Apt. 730 East Tiffany, RI 38420",2024-01-11
67,John Jackson DDS,jessebryant@example.net,"268 Ann Island Suite 259 Jenniferbury, PR 78957",2020-05-06
68,Christine Williams,tracie39@example.org,"69509 Adams Flat Suite 431 Lake Pamelatown, SC 99498",2023-06-17
69,Lisa Coleman,paultanya@example.net,"683 Susan Coves Saraland, MD 94832",2021-10-17
70,Stephanie Vasquez,jessicashah@example.com,USCGC Murray FPO AA 26893,2022-01-16
71,Mr. Chad Roman,youngrobin@example.net,"244 Isaac Trail Coxberg, LA 70921",2021-08-01
72,Jay Williams,maria99@example.com,Unit 3465 Box 5054 DPO AE 55990,2023-06-08
73,Jennifer Rodriguez,allisonbarrera@example.net,"06505 Simpson Loaf Apt. 400 North Kelly, NM 98736",2022-04-26
74,David Moore,youngfelicia@example.org,"4200 Hubbard Falls Apt. 268 Kennethmouth, AL 84543",2021-02-28
75,Melissa Thompson,rjohnson@example.com,"97187 Logan Station Suite 102 Port Catherine, UT 75910",2020-06-07
76,Lori Martinez,youngalexandria@example.com,Unit 9859 Box 6852 DPO AE 09281,2020-07-30
77,Amanda Williams,scott92@example.org,"20545 Daniel Crossroad Zamoramouth, AL 62959",2021-02-03
78,Robert Lopez,whitneydominique@example.com,"52434 Whitehead Knoll Johnstonfort, UT 07896",2020-12-18
79,Timothy Flores,rodriguezkatherine@example.org,"PSC 1900, Box 5392 APO AP 52682",2023-05-17
80,Pamela Everett,mmatthews@example.com,"26633 Nicholas Tunnel Suite 145 Hillton, IN 50476",2020-04-28
81,Scott Jones,howardluke@example.com,"PSC 0748, Box 2822 APO AA 41659",2022-10-08
82,Amanda Allen,conleytimothy@example.net,"145 Kirsten Hill Davisland, FL 78882",2024-06-09
83,Dawn Bennett,angelaburton@example.com,"6073 Brown Turnpike Lake Denise, MS 37172",2020-09-26
84,Jennifer Ortega PhD,willisdaniel@example.net,"942 Webster Well Apt. 932 East Justin, FL 36714",2023-10-27
85,Tamara Monroe,nealalexander@example.net,USNS Ross FPO AA 59490,2021-02-08
86,Krystal Simon,devin78@example.org,"02210 Matthew Springs Apt. 170 Elizabethland, WA 64727",2023-11-09
87,Jennifer Stevens,christinafrancis@example.net,USCGC Williams FPO AE 38545,2020-11-12
88,Ann Benjamin,anthonyconway@example.net,"269 Sally Cliffs West Patrickport, MN 91799",2023-01-20
89,Heather Gonzalez,anthony99@example.net,"9111 Copeland Point Suite 401 Davisfurt, UT 98787",2023-10-12
90,Timothy Wilson,steelebenjamin@example.org,"214 Barton Courts Suite 636 East Kristen, KS 82212",2022-04-26
91,Roger Thompson,kristinbrown@example.org,"319 Shelton Lake Suite 489 Jenniferfort, MI 55581",2023-06-14
92,William Barry,vatkins@example.net,Unit 1338 Box 8101 DPO AA 91958,2020-02-01
93,Jay Jones,justinjohnson@example.com,"7454 James Burgs Scottton, PA 03736",2023-04-14
94,Glenn Norris,adkinsstephanie@example.net,"58947 Angela Summit Apt. 243 Brandonport, MO 36126",2023-01-05
95,Joseph Martin,hcarson@example.org,"5400 Reed Vista Lake Elizabethton, SC 23874",2024-05-09
96,Steven Reese,walterskathleen@example.net,"6669 Jones Harbors Apt. 216 Angelafort, AR 27558",2023-09-09
97,Shelby Campbell,nhernandez@example.com,"1712 Rosales Stravenue Apt. 549 South Amy, MA 61979",2022-05-07
98,Lisa Terry,hoffmanpaul@example.net,"5364 Andrea Prairie Apt. 439 South Williamfort, VI 02435",2023-10-31
99,Gary Lawson,tracy83@example.org,"054 Jeffrey Gardens Suite 000 Martinezbury, AK 47011",2022-11-25
100,Rachel Johnson,hollygonzales@example.org,"10446 Robert Bridge Apt. 380 Roymouth, PW 64903",2022-09-10
101,Chelsey Clarke,nguyenbenjamin@example.com,"202 Mark Port New Dorothy, MN 58617",2023-06-07
102,Kelli Boyer,stacygarza@example.net,"87888 Brittney Wells New Alexandriaburgh, OH 39506",2021-11-09
103,Andrea Anderson,bcole@example.com,"93186 Michael Forest East Ashley, VT 58089",2023-09-24
104,Jessica Harvey,tammyharris@example.com,"470 Rodriguez Lakes East Jamesstad, DC 25310",2022-04-24
105,Michael Hale,fgoodman@example.org,"116 Young Plains Suite 629 North Christinamouth, FM 85419",2023-07-20
106,John Miller,scott37@example.org,USNS Roach FPO AP 02680,2022-07-18
107,Kristen Gonzales,bhaney@example.org,"77098 Andrew Square Apt. 882 Port Taylorberg, KY 54189",2020-04-29
108,Debra Park,elliottkaitlyn@example.org,"7037 James Corners Suite 687 South Marisabury, ME 73036",2024-08-24
109,Jennifer Henderson,kyle33@example.com,"0252 Mccoy Terrace East David, OK 33487",2024-03-08
110,Alyssa Daniel,sharon01@example.org,"72719 Francis Row Suite 814 Colefort, GU 58760",2020-12-20
111,Michele Adams,ralphyang@example.org,"8984 James Manors South Jenniferbury, DC 79546",2021-01-23
112,Eric Russell,alanwebb@example.org,"6458 Bill Summit Suite 814 Port Lisaburgh, AK 45517",2024-07-25
113,Scott Perkins,patriciabell@example.com,"46115 Lee Ford Hernandezborough, HI 37359",2023-05-24
114,Tony Love,sarah97@example.net,"354 Kayla Course Saraton, NE 17128",2021-07-01
115,Crystal Sanchez,lisawalker@example.net,"7510 Timothy Courts Apt. 836 New Kevin, MA 83771",2020-05-29
116,Larry Foster,angela32@example.com,"4925 Daniel Tunnel Apt. 733 South Samanthahaven, VT 95927",2024-03-17
117,Kathy Maldonado,rodriguezdana@example.net,"1694 Reilly Views Greenshire, HI 32021",2024-07-19
118,Yolanda Scott,adam71@example.com,Unit 4260 Box 2315 DPO AE 85542,2021-03-14
119,Mr. David Nelson,conleymark@example.com,"7177 Rhodes Keys Lake Markhaven, OH 31931",2024-08-16
120,Rebecca Valencia,jeremy75@example.org,Unit 5711 Box 5652 DPO AA 34900,2024-05-27
121,Diane Lloyd,david33@example.net,"02477 Ellis Stravenue Apt. 799 Port Lindseystad, KS 83268",2022-08-08
122,Jacob Walls,warnermichael@example.net,"947 Weber Parkways Suite 528 Lake Stephenfort, KY 19402",2021-03-21
123,Renee Perry,areyes@example.com,"478 Kimberly Parkway Donnaland, GU 59725",2020-08-20
124,Robert Thomas,ambervasquez@example.net,"601 Amanda Ranch Lake Matthewborough, MH 01228",2022-11-19
125,Gregory Leon,kimberlyobrien@example.org,"3519 Joseph Pine Apt. 445 South Michelleberg, ND 31940",2024-01-29
126,Katie Sexton,nathaniel36@example.org,"51323 Laura Flat West Jennifermouth, NV 51796",2022-04-21
127,Daniel Durham,torresjohn@example.org,"8681 Donna Hollow Suite 375 Morrisonchester, NY 50328",2022-09-24
128,Jesse Roberts,jimmy96@example.org,"933 Danielle Circles West Amber, GU 13284",2023-08-23
129,Hannah Whitney,whitegary@example.org,"51035 Joseph Knoll Apt. 578 Lake Alexandra, NM 48980",2021-07-11
130,Emma Simpson,ericksondaniel@example.net,"250 Jackson Rapid Suite 260 North Rachel, CO 62299",2023-04-08
131,Julia Brennan,brownjohn@example.net,"5086 Carla Pass South Charles, ID 72336",2021-06-30
132,Jamie Williams,vrodriguez@example.net,"6868 Stone Pine Suite 489 Lisamouth, DE 96370",2023-12-13
133,Kaitlin Oconnor,staceygriffin@example.net,"38766 Douglas Throughway Suite 410 Marvinshire, NM 53740",2022-12-08
134,Tammy Daniels,juliajones@example.net,"607 Gina Haven Toddton, DE 37426",2024-02-18
135,Pamela Bailey,marilyn10@example.net,"182 Larry Points Carpentershire, IA 03793",2022-03-06
136,Terri Sanchez,renee30@example.com,"869 Lane Stravenue Alexisport, PA 29165",2020-11-26
137,Christopher Hernandez,pphillips@example.org,"27275 Ho Track Wilsontown, RI 18671",2021-12-11
138,Marcus Thompson,kiara41@example.org,"54235 Michael View New Brittanyport, PA 03954",2022-03-19
139,Nicholas Salas,johnathan41@example.org,"6446 Zhang Plains Josephborough, NE 02550",2020-08-07
140,Dana Allen,sarah86@example.com,"903 Jessica Road Garzaton, MT 87394",2022-09-04
141,Ryan Thomas,morrisonaustin@example.com,"62861 Frances Extension South Thomasstad, NY 36382",2023-02-08
142,Christopher Allison,athompson@example.net,"28970 Clark Union Suite 888 Gutierrezview, MA 05924",2023-08-13
143,Joshua Gregory,jesus69@example.com,"80651 Hunter Forge Apt. 591 South Jeffreyburgh, NV 57993",2022-11-27
144,Mandy Frye,austinjames@example.com,"706 Young Gardens Apt. 855 Davidborough, FM 51271",2022-11-22
145,Bryan Sims,qcook@example.org,"50963 Bailey Gardens South Davidburgh, NE 26957",2024-04-03
146,Karen Williams,piercejessica@example.net,"482 Theresa Lodge Apt. 868 North Patricia, CA 35608",2023-01-26
147,Pamela Huerta,regina58@example.com,"71837 Brian Ports Suite 246 Kevinberg, AR 33326",2024-10-06
148,Janice Johnson,roberto95@example.net,"528 Theresa Forges Tammytown, NM 79581",2020-12-29
149,Justin Cordova,matthewmills@example.org,"97285 Horne Lodge Georgehaven, GA 37871",2020-02-10
150,Crystal Meadows,owenskelly@example.net,"387 Tiffany Spur Kristineburgh, KY 61424",2024-05-22
151,Michelle Wells,patriciamonroe@example.net,"217 Soto Extension Suite 834 North April, NV 12636",2022-03-25
152,Michelle Davis,fpope@example.com,"957 Davis Islands Morganview, AL 71563",2022-03-06
153,Janet Walker,qhernandez@example.org,"53395 Logan Street Christiantown, NM 71746",2020-04-09
154,Henry Mcknight,cmaldonado@example.com,"3432 Paul Lodge Suite 022 Port Sean, PW 62540",2020-01-13
155,Timothy Glass,tinaturner@example.net,"8928 Ward Oval Perezborough, TN 78202",2024-05-07
156,Jeremy Freeman,austin79@example.com,"99716 Conley Passage New Jeremy, SC 80316",2020-05-29
157,Claudia Moon,sara81@example.org,"9280 Gibson Burgs Vegaborough, MP 15382",2022-11-24
158,Michael Bolton,yrobinson@example.com,"0919 Baker Pine Apt. 490 Port Johnhaven, DC 80544",2023-11-28
159,Aaron Chavez,vsanders@example.org,Unit 5284 Box 2495 DPO AA 15673,2020-02-21
160,Steven Clark,nruiz@example.com,"517 Flowers Lakes Apt. 139 West Carlosberg, KS 05260",2024-01-05
161,Hannah Martin,jose72@example.net,"602 Mills View Barnesbury, SC 50435",2021-12-03
162,Sara Wilson,adam90@example.net,"590 Vargas Passage Apt. 938 Shannonton, VI 46079",2024-08-28
163,Maria Hoffman,watkinscheyenne@example.net,"45738 Jennifer Burgs Suite 489 New Austinmouth, MT 41760",2022-02-19
164,Jennifer Flores,miranda30@example.org,"PSC 9370, Box 4222 APO AA 65901",2024-04-10
165,Shawn Petersen,lisa08@example.com,"863 Cummings Pike North Michaelfort, MA 14241",2020-05-01
166,Kyle Johnson,jacksonmary@example.org,"3760 Stacy Vista Suite 057 New Brian, CA 73024",2024-04-27
167,Matthew Torres,josemorrison@example.com,"4820 Christopher Neck Apt. 641 Jamestown, NE 81325",2024-02-02
168,Tina Sexton,karen68@example.net,"10559 Jennings Village Jenkinstown, FM 09727",2022-05-13
169,Katie Shaffer,rebecca23@example.net,"238 Angelica Rest South Chad, FM 25484",2021-02-06
170,Jennifer Alvarez,andersonjessica@example.com,"06185 Alexander Radial Veronicaside, ID 41776",2024-01-04
171,Logan Smith,gregory86@example.net,"PSC 3194, Box 1544 APO AE 53820",2021-05-02
172,Monica Johnson,poolemckenzie@example.net,"2836 Cox Route Johnsonberg, TX 46466",2020-12-03
173,Michele Morales,ryanwilliams@example.com,Unit 9908 Box 9491 DPO AA 88992,2023-08-14
174,Calvin Lloyd,andersonleslie@example.net,"5351 Wood Divide Apt. 109 Sherylside, FL 02603",2020-09-30
175,Chris Phelps,nicholas71@example.net,"218 Eric Street Johnshire, GU 82543",2023-10-02
176,Arthur Watson,zsoto@example.com,"PSC 5416, Box 8906 APO AP 98030",2023-04-27
177,Robert Baker,ipacheco@example.org,"038 Brown Ramp Suite 972 North Mikeport, NH 21661",2022-09-29
178,Gabrielle Lee,perry38@example.org,USCGC Mann FPO AP 51593,2023-06-21
179,David Rich,changphilip@example.org,Unit 4297 Box 6924 DPO AA 53331,2021-06-22
180,Daniel Bryan,anthony65@example.net,"750 Taylor Crossroad Suite 171 Kevinbury, NJ 01531",2021-04-28
181,Kristy Mejia,larrybautista@example.net,"83613 Ballard Field Sabrinaborough, WA 69195",2021-10-22
182,Sandra Shah,sgarcia@example.org,"07711 Garcia Trail Apt. 885 Watkinsville, HI 44087",2023-09-06
183,Tyler Whitney,robinwilson@example.net,"89796 Stewart Valley East Gregoryfort, NH 46583",2020-12-13
184,Nina Bridges,kellilucero@example.com,"669 Collin Hills South Cynthiatown, WI 25430",2022-01-20
185,Mary Gentry,reneebell@example.net,"58530 Mark Mountains Suite 612 New Richardmouth, HI 82249",2020-10-05
186,Mr. Donald Wong Jr.,sandovalmisty@example.org,"25824 Jeffrey Centers Apt. 791 East Sarastad, SC 06323",2021-06-07
187,Brenda Lawson,ashley03@example.net,"0700 Alexandra Crossing Suite 513 East Michelemouth, PW 76763",2021-04-12
188,Monica Tate,jason80@example.org,"2909 Sheila Row Suite 828 South Chelsea, NE 71278",2021-10-03
189,Mrs. Daisy Cook,anna34@example.org,"645 Darryl Roads Suite 128 Edwardton, KS 74157",2020-03-22
190,Jennifer Bowman,sarahyoung@example.org,"2439 Alyssa Crossroad Lisahaven, AK 88225",2024-06-20
191,Debra Young,acurtis@example.net,"2091 Brewer Fork Apt. 137 Port Brian, FM 85686",2020-07-06
192,David Hoffman,ihamilton@example.org,"1835 Ray Unions Suite 172 New Angelaland, FM 72490",2020-10-05
193,Annette Sullivan,william26@example.org,"240 Doyle Greens Bairdshire, VA 16120",2020-08-25
194,Robin Dorsey,iford@example.net,"50895 Hunter Island Apt. 494 West Richard, CO 16984",2022-07-24
195,Amber Hill,thomasroach@example.com,"1865 Julia Glens Apt. 775 Williammouth, CT 75576",2020-06-29
196,Mary Brooks,grimespatricia@example.net,"956 Kimberly Hollow Lake Mike, NH 89612",2023-02-27
197,Michael Cooper,lorimahoney@example.net,"226 Robert Curve Kimberlyport, NV 76858",2021-12-26
198,David Chapman,hallbrandon@example.org,"6756 April Drive West Heatherberg, IA 67152",2022-08-09
199,Mark Martinez,candace95@example.com,"88814 Mason Course Suite 052 North Kevin, DC 79393",2020-05-08
200,Brandon Cantu,christiancooper@example.net,"483 Elizabeth Station Suite 467 Port Andrew, OR 85777",2024-02-12
201,Brenda Powell,robinsonjoel@example.net,"994 Garcia Ranch Apt. 285 New Kevinton, SC 45968",2021-04-13
202,Heather Myers,melissatownsend@example.com,"032 Kelly Route Apt. 769 Pachecoburgh, DC 49442",2022-05-02
203,Suzanne Galloway,karen98@example.com,"80468 Johnston Tunnel South Philip, AR 88900",2021-12-17
204,Tina Rivas,christine38@example.net,"94944 Jessica Divide Apt. 617 West Danielle, MT 48574",2021-11-13
205,Tina Lyons,ukelly@example.org,"426 Ryan Viaduct North Alanchester, SC 66666",2021-08-20
206,Tonya Gardner,estephens@example.net,"680 Rodriguez Square Romeroton, AL 20179",2023-08-24
207,Timothy Miranda,dominique36@example.net,"1553 Harrell Springs Suite 454 West Elizabethborough, HI 57780",2021-05-05
208,Dustin Peters,kellymayo@example.org,"0281 Carla Dam Williamville, IN 89417",2024-08-21
209,Joanna Neal,marthabailey@example.org,"64376 Mason Ferry Sanchezton, TN 28769",2024-01-23
210,Shane Ford,thomasralph@example.org,"545 Brown Route Suite 668 Hineschester, AZ 31693",2023-10-06
211,Erica Goodwin,albert81@example.net,"45246 Ashley Mews Port Brittanyborough, AL 84718",2024-06-24
212,Kelly Rice,dwaynemcdonald@example.org,"532 Mitchell Trail West Alfred, IL 29368",2024-08-31
213,Samantha Harper,andreareynolds@example.org,"63084 Barbara Field Apt. 912 Josefurt, DC 21131",2023-01-24
214,Ronald Shaw,nicholas67@example.com,"PSC 7261, Box 9062 APO AA 97270",2024-03-26
215,Randy Peters Jr.,riveradennis@example.org,"8879 Phillip Dam Port Kenneth, FM 97956",2024-02-20
216,Linda Ponce,perezalexander@example.com,"03606 Stephanie Brooks Duncanport, CT 69761",2023-01-20
217,Lisa Mason,gilmorealejandra@example.org,"5132 Serrano Loaf Krystalfurt, NY 02212",2023-09-12
218,Rachel Cox,david78@example.com,"1058 Darryl Fall Johnsonfort, PR 11529",2022-06-01
219,Dr. Angela Goodwin MD,whaney@example.org,"72646 Toni Parkways South Daniel, SD 15799",2021-03-25
220,Joy Scott,ericdecker@example.net,"2779 Johnson Valleys Apt. 748 South Taylor, IA 14492",2020-03-06
221,Jennifer Powers,vwalker@example.org,"87816 Gross Rapids Hensleyfurt, AZ 60950",2020-07-25
222,Alyssa Lawson,oweeks@example.com,"9020 Lara Tunnel Port Kathryn, FL 91574",2022-04-04
223,David Jenkins,michaelwilliamson@example.net,"68534 Richardson Port Richardland, NE 35363",2023-05-05
224,Kayla Carey,sharongonzalez@example.net,"191 Michael Spring Lake Stephanie, TX 84625",2023-02-04
225,Abigail Schneider,tammy01@example.com,"580 Aaron Plains Suite 931 Millerburgh, PW 47483",2020-10-12
226,Matthew Williams,cookjennifer@example.com,USNV Ortiz FPO AA 94374,2020-04-02
227,Renee Ward,ubrown@example.org,"9543 Lori Ranch West Matthewhaven, ME 38792",2022-12-05
228,Brittany Bowman,gabriellewhite@example.com,"671 Ralph Ports Suite 090 Port Mark, OK 34267",2022-03-22
229,Charles Richard,sharvey@example.net,"5248 John Mount South Maria, KY 64159",2022-08-23
230,Stacy Cabrera,marquezheather@example.net,"659 Jefferson Street Lake Steveside, AK 81600",2021-02-11
231,Kenneth Knight,stephen63@example.org,"05448 Frank Heights Suite 234 Melissamouth, ME 93891",2020-12-02
232,Shawn Mcdonald,matthew16@example.net,"8725 Justin Meadow Suite 213 Lake Devin, MT 57239",2024-05-27
233,Ricardo Orr,diane13@example.org,"3349 David Stream Suite 729 Phillipsstad, KY 75223",2023-05-27
234,Kenneth Patel,zachary04@example.net,"6125 Smith Crest Suite 731 Changhaven, SC 55285",2020-07-19
235,Steven Gordon,kimberly04@example.net,"62008 Larry Valleys Port Elizabethburgh, KY 03479",2022-01-03
236,Ruth Fitzgerald,thomasanne@example.net,"2930 Charles Fork South Robert, CO 44958",2020-04-24
237,Michael Young,amanda70@example.com,"99737 Rodriguez Row Suite 881 North Sergio, TX 41713",2022-06-01
238,Dustin Hanson,wolfeshelby@example.net,"200 Richardson Street West Daniel, RI 12441",2023-10-25
239,Nicholas Lowery,francis74@example.org,"101 Darlene Green Apt. 291 Port Laurenton, MN 76204",2024-09-23
240,Joshua Valencia,sandramiller@example.com,"8711 Billy Spurs Mendozaburgh, AR 63195",2020-10-04
241,Tammy Bishop,jacobwatkins@example.net,"79357 Emma Parkway Hillberg, NY 12425",2024-08-17
242,Christopher Miller,eric56@example.net,"40735 Harvey Trail Apt. 034 Lake Cynthiaburgh, IA 04815",2020-10-21
243,Thomas Neal,hmitchell@example.org,"4713 Walter Club East Wayne, NY 73922",2022-11-08
244,Tim Taylor,lidebbie@example.com,"97343 Schwartz Ramp Suite 364 Graystad, AS 54761",2024-01-06
245,Joe Guzman,welchmichael@example.net,"3418 Andrew Hollow Suite 718 Piercefurt, KY 22526",2020-08-18
246,Jessica Johnson,dianechapman@example.org,"93926 Ford Manors Johnsonburgh, AZ 42648",2021-12-07
247,Susan Mclaughlin,khanrichard@example.com,"46012 Brady Ranch New Jeremy, AZ 70267",2020-03-02
248,Samantha Nielsen,karen79@example.org,"3202 Taylor Terrace Suite 176 North Lisaberg, NE 74438",2020-12-23
249,Daniel Allen,harrisheidi@example.net,"6113 Laura Ridge Apt. 110 Walkermouth, NH 44390",2020-01-26
250,Travis Romero,jefferytodd@example.net,USNS James FPO AA 33332,2024-01-20
251,Michael Walker,bjacobs@example.net,"6702 Davis Tunnel West Tylerberg, OK 03758",2020-12-18
252,Kimberly Bryant,belinda00@example.org,"6281 Timothy Cliffs Apt. 787 Port Michelle, IN 76834",2024-01-31
253,Karen Fisher,dgray@example.org,"1350 Gibbs Corner Suite 772 Diazport, OH 89189",2023-06-04
254,Mr. Mark Lopez,lynchchristopher@example.org,"97090 Bishop Cliffs Apt. 729 New James, MD 93335",2020-11-21
255,Katherine Parker,jodi00@example.org,"4635 Sheila Ramp Suite 747 Port Jessicastad, NH 26380",2023-10-10
256,Victor Woodward,kathymedina@example.org,"054 Amy Coves West James, KY 12525",2020-02-20
257,Carl Beard,stevensheather@example.com,"41673 Mitchell Rest Butlerport, IL 06547",2022-12-28
258,Gregory Miller,vanessa72@example.org,"1275 Stephen Prairie Apt. 378 Olivershire, TX 38884",2020-07-30
259,Richard Ward,lcarter@example.com,"9025 Gonzalez Avenue Zoestad, SC 58681",2022-08-26
260,Dennis Gomez,timothy00@example.com,"29333 Blankenship Vista Ryanberg, MP 38570",2023-08-17
261,Michaela Nixon,timothywest@example.net,"42755 Quinn Trafficway Apt. 467 Lake Joshua, OK 78268",2023-09-27
262,Carolyn Lynch,cfoley@example.com,"146 Alejandro Ville Joshuachester, CO 48111",2021-10-07
263,Mr. Blake Nguyen,xhernandez@example.com,"2654 Lisa Park Suite 321 Jasonborough, AR 59276",2023-11-21
264,Jennifer Hart,kgray@example.net,"7784 Wallace Trail Steinborough, VT 33503",2021-05-22
265,Scott Clark,misty19@example.com,"PSC 3281, Box 0424 APO AE 06220",2023-08-10
266,Deanna Woods,nicholsoncynthia@example.net,"6769 Wendy Squares New Marc, ND 29194",2022-08-13
267,Nicole Gilbert,fpowell@example.com,"9116 Stephanie Flats Rodgerston, WV 22004",2020-02-09
268,James Nelson,bakerelaine@example.org,"PSC 3590, Box 2817 APO AE 82759",2023-03-12
269,John Glenn,kayla77@example.net,"7278 Wolf Harbors Suite 263 Angelatown, SC 29755",2024-01-04
270,Vanessa Christian,joshua13@example.org,"PSC 1728, Box 7310 APO AP 14726",2022-02-03
271,Tiffany Caldwell,shawn00@example.org,"07713 John Point West Katelyn, FL 02798",2024-02-29
272,Lori Keller,johnstewart@example.com,"8254 Barber Villages Wrightfort, MS 08478",2021-02-19
273,Sean Cross,michaelshelton@example.net,"948 Ingram Shore Elizabethview, ME 39752",2022-10-04
274,Kelly Bridges,david26@example.com,"7115 Smith Lakes North Sarachester, PA 88967",2023-07-27
275,Kenneth Price,eclark@example.net,"03364 Garcia Extension Apt. 373 South Erintown, WA 49456",2024-04-27
276,Joshua Allen,stricklanddavid@example.com,"871 Amanda Stravenue Lake Annfort, MS 22241",2023-07-16
277,Keith Combs,jennifermahoney@example.net,"71773 Wood Cove Loganland, FM 28260",2020-06-14
278,Benjamin Ryan,amanda96@example.net,"352 Charles Groves Apt. 222 Johnsonland, MS 95030",2022-05-02
279,Mandy Curtis,cookepamela@example.org,"4117 Turner Mission Gilesshire, NC 20585",2020-01-17
280,Bridget Garrett DVM,lestermark@example.org,"512 Cory Squares Apt. 209 Angelborough, NY 68947",2023-04-28
281,Keith Ward,fgibson@example.net,"94248 Allen Alley Hendersonview, CA 69473",2021-04-09
282,Andrew Mccoy,kayla30@example.net,"512 Charles Extensions North David, TN 70173",2023-02-27
283,Corey Fuentes,michelleturner@example.org,"981 Rachel Alley Suite 720 Moralesfort, TN 01447",2022-10-28
284,Maureen Ruiz,ltaylor@example.net,"897 Brock Fall Gilbertbury, PA 61523",2020-03-19
285,John Wilson,kyle07@example.net,"632 Myers View Suite 371 Martinezburgh, MD 49481",2021-10-09
286,Madison Wise,kellybenjamin@example.com,"2160 Nicole Crescent Suite 814 East Tara, MA 14994",2022-05-19
287,David Gibson,kathleen94@example.org,"2916 Hall Pines Tomburgh, WY 06852",2024-07-26
288,Michelle Bradley,egardner@example.org,"6992 Mcneil Courts Apt. 506 Davidborough, SC 92342",2021-02-18
289,Jared Morgan,tiffanystewart@example.org,"17549 Robert Locks Leahstad, OR 99910",2023-07-20
290,Melissa Adkins,robertbutler@example.net,"859 Diaz Pines Suite 443 West Pamela, KS 48378",2020-02-26
291,Michael Stone,martin53@example.net,USS Vaughn FPO AA 07365,2023-12-27
292,Anthony Berg,samuelrodgers@example.org,"953 Nichole Unions West Jeffrey, TX 00689",2020-07-16
293,David Stevens,qwilson@example.net,"2506 Smith Field Lake Matthewland, OK 30626",2022-07-21
294,Matthew Hughes,dawnreed@example.com,"83587 Trujillo Station Perezhaven, AL 10079",2021-03-12
295,Grant Mitchell,olsenchristopher@example.org,"38770 Ashley Lakes South Cody, MH 62714",2020-09-23
296,Eric West,chill@example.org,"18366 Sharon Ways West David, MS 13392",2023-09-12
297,Jason Horn,baileydavid@example.net,"928 West Stravenue Nelsontown, PW 36380",2024-09-21
298,Brandon Hughes,bullockduane@example.org,"2185 Jonathan Rapid Stewartside, MN 08441",2022-02-12
299,Melissa Butler,kathryndelacruz@example.net,"803 Hogan Green Crystalton, MD 50559",2020-06-10
300,Lisa Hart,hamptonmonica@example.com,"15903 Greene Drive Apt. 776 Davisside, GU 89868",2022-05-02
301,Michael Ruiz,garrettmax@example.com,"6361 Tara Rest Suite 907 Josephhaven, OH 75252",2020-11-17
302,Michelle Yoder,martinlauren@example.com,"27385 Hernandez Crossroad Christinatown, PA 23663",2023-12-21
303,Samantha Kline,lgray@example.com,"4881 Marquez Crescent East Ronaldside, ID 51689",2024-06-15
304,Scott Lee,melissa21@example.net,"925 Holmes Shores Apt. 929 Hopkinsport, WV 66994",2024-05-23
305,Richard Brooks,josephlane@example.com,"625 Blevins Way Suite 793 East Kelsey, WA 47282",2020-03-07
306,Christine Braun,john37@example.org,"180 Wilson Heights Davidsonstad, RI 40449",2021-07-05
307,Joann Simmons,floresmelissa@example.com,"PSC 5930, Box 2690 APO AE 35605",2024-07-18
308,Andrew Reynolds,johnstonjason@example.org,"560 Andrew Summit Suite 825 South John, PR 98812",2023-02-27
309,Audrey Simpson,harrisjeffrey@example.com,"1779 William Plains West Steven, DC 98014",2023-08-20
310,Wendy Wang,mle@example.net,"811 Andrew Corners Knoxton, MD 06553",2022-12-22
311,Alexander Wright,lramirez@example.org,"9070 Brandi Motorway North Cheryl, KS 55091",2023-02-05
312,Michael Gray,cfritz@example.com,"513 Deborah Lakes Lake Aliceside, IA 94221",2022-08-11
313,Patrick Grant,chandlerjason@example.org,USNV Barnett FPO AA 43679,2022-10-20
314,Alicia Vasquez,pamela76@example.org,"5032 Dave Club Apt. 347 North Meganchester, GU 33584",2023-06-13
315,Julia Morrison,nicolecompton@example.org,"61257 Sandra Haven Lake Matthew, AL 66749",2020-01-03
316,John Clark,robinpeters@example.com,"PSC 9386, Box 3914 APO AE 62659",2022-12-10
317,Michele Patterson,smithmadison@example.com,"3337 Forbes Points New William, VA 84188",2021-10-15
318,Pamela Quinn,veronica69@example.org,"533 Kelly Avenue Bethton, FM 60066",2023-04-28
319,Maria Horn,shane12@example.net,"21091 Brittany Orchard West Corytown, LA 00634",2022-09-11
320,Angela Lopez,rwagner@example.net,"97682 Jimmy River Port Amanda, NC 18864",2020-03-01
321,Jeffrey Crane DVM,msherman@example.com,"338 Austin Ranch Foleyborough, GA 37581",2020-02-25
322,Chad Johnson,alexander16@example.com,"20202 Rocha Stream West Courtney, AR 42207",2021-05-02
323,Kathryn Davies,eddielynn@example.org,"314 Schultz Tunnel South Lukeview, SD 50950",2022-04-10
324,Brenda Stewart,frostjuan@example.org,Unit 1625 Box 1780 DPO AE 76829,2024-03-19
325,Jennifer Stark,ccooper@example.net,"76630 Pierce Port Suite 665 Port Jasonmouth, DE 63720",2020-07-22
326,Felicia Smith,danielleleon@example.com,"0660 David Plains Gregoryshire, VI 53643",2020-04-26
327,John Richardson,browntravis@example.net,"2560 Anthony Mountain Apt. 554 New Walterside, UT 09031",2024-07-05
328,Robert Villa,catherine72@example.org,"3940 Cory View West Lauren, RI 22958",2022-06-13
329,Miguel Valdez,hunterwilliam@example.org,"0649 Edward Cliffs Suite 501 North Kaitlintown, OK 05693",2024-02-20
330,Desiree Murphy,tuckerjustin@example.org,"063 Peters Via South Charles, ND 48246",2024-02-02
331,Catherine Gallagher,gilltaylor@example.org,"99848 Leslie Mall Nguyenton, MO 81101",2022-08-08
332,Victoria Reyes,pstanley@example.net,"965 Natalie Station Jessicamouth, VI 71620",2021-01-12
333,Eduardo Buchanan,briangardner@example.com,"933 Susan River West Suzanne, TN 15633",2023-01-13
334,Edward Myers,lpearson@example.net,"234 Brandon Land Tracyshire, PR 72527",2023-03-04
335,Crystal Riley,samuel04@example.net,"60435 Alicia Prairie Apt. 943 Scottshire, VT 73746",2022-04-01
336,Stephanie Nichols,annanewman@example.net,"03164 Clark Port Suite 896 Michellehaven, MS 48320",2023-04-19
337,Samantha Sawyer,rmiller@example.net,"8849 Michael Prairie Apt. 426 Mayburgh, GU 67057",2023-05-19
338,James Zuniga,tuckeralbert@example.net,"648 Kristine Street New Stevenview, AL 93306",2020-11-02
339,Lisa Ho,cabrerawyatt@example.org,"60709 Roach Mountains Michaelborough, FL 47020",2023-03-14
340,Steven Malone,josegilmore@example.net,"5886 Joshua Ridge Lake Andrewview, TN 38388",2024-01-01
341,Jeremy Williams,ryanbeth@example.com,"30406 Jimmy Shoal Apt. 242 Smithmouth, ND 94447",2023-02-02
342,Wesley Hernandez,powellpenny@example.com,Unit 5727 Box 1352 DPO AA 18842,2022-11-22
343,Robert Peterson,lanedanny@example.com,"05574 Ford Crest Apt. 083 South Brianfurt, SD 91304",2020-01-01
344,James Vasquez,grant51@example.org,"0345 Paul Well Thomasville, AZ 94667",2021-01-16
345,Michael James,robersonian@example.com,"85773 Baldwin Bypass Suite 344 Amberton, OK 50415",2021-11-17
346,Lisa Walter,zmiller@example.net,"8321 Travis Grove East Jordanhaven, ME 98228",2024-02-21
347,Richard Koch,smithkathryn@example.net,"13903 Duran Ferry Erikville, MS 33091",2021-03-22
348,Alison Gonzales,ethomas@example.net,"050 Victoria Walks Suite 626 Gracefort, OK 36587",2023-07-12
349,Jeffrey Rose,robingibson@example.org,"6887 Allen Light Suite 356 Taylorhaven, UT 69371",2021-05-31
350,Samuel Collins,jessicarodriguez@example.net,Unit 3897 Box 8407 DPO AP 72240,2022-12-27
351,Shane Cole,btaylor@example.org,"080 Brown Shore Danielmouth, UT 48577",2024-03-01
352,Julia Smith,alan79@example.net,"1846 Brett Curve Apt. 564 West Georgefort, GU 95764",2021-11-11
353,Kelly Griffin,travispope@example.org,"8158 Sandoval Crest Apt. 174 Michaelberg, AK 20638",2022-04-18
354,Misty Stein,tammy66@example.org,"087 Lacey Crossroad Suite 096 Deanmouth, AL 48883",2022-11-19
355,Jon Lee,alexander20@example.org,Unit 7771 Box 1448 DPO AE 69902,2023-11-14
356,Jeremy Cook,leslie80@example.org,"98492 Clark Lake New Sandra, AS 78539",2024-08-15
357,Timothy Dalton,ntaylor@example.org,"064 Stevenson Plaza Peterport, SC 19958",2022-04-26
358,Nathan Kennedy,pamelamorris@example.org,"50208 Matthew Burgs Lake Richardfurt, AL 08450",2021-10-22
359,Crystal Harris,bennettrachel@example.com,"87080 Walsh Light South Jared, MT 45180",2021-08-29
360,Gerald Anderson,martindennis@example.org,"2954 Karen Rest Suite 494 Morenotown, NV 70141",2020-05-25
361,Clinton Holland,asweeney@example.com,"49867 Thomas View Apt. 958 Allenview, AL 76463",2022-12-12
362,Mrs. Pamela Carroll,john11@example.org,USS Kim FPO AE 03840,2023-03-11
363,Kevin Foley,murphypatrick@example.org,"7459 Huffman Ferry Suite 638 Tiffanyport, IL 56169",2021-10-01
364,Amanda Fields,pollardjohn@example.net,"295 Matthew Centers Apt. 999 Kennethberg, DC 16299",2023-05-30
365,Ryan Alvarez,andrewhall@example.com,"PSC 0395, Box 1135 APO AA 31732",2021-02-27
366,Dana Morris,christopher94@example.net,USS Montes FPO AP 19922,2022-03-11
367,Anthony Espinoza,ktownsend@example.com,"7923 Erica Mountains Apt. 989 Susanton, NV 06441",2020-06-01
368,Richard Chavez,dbeck@example.com,"389 Vasquez Valleys Suite 140 East Julia, PA 89251",2022-09-12
369,Matthew Cox,christinacruz@example.org,"487 Ruben Garden Suite 450 Johnsonport, CA 50947",2023-07-16
370,Glenn Sparks,kyle05@example.org,"176 Sullivan Cliffs South Joshuatown, LA 16099",2020-03-09
371,Jessica Parks,zgray@example.net,"182 David Harbor Suite 107 Gilmoreport, RI 35219",2020-11-25
372,Jennifer Myers,marilyn73@example.com,"8805 Ortiz Ranch Danielstad, MI 54215",2022-12-04
373,Edward Zavala,rebecca22@example.org,"063 Jeffrey Points Josephhaven, NC 53998",2022-08-12
374,Craig Holmes,jessicabutler@example.org,"358 Amanda Burgs Suite 040 New Davidton, WI 66945",2024-04-06
375,Keith Johnston,sarah67@example.org,"0798 Mcdaniel Manor Suite 857 Mcdowellton, VA 89381",2024-02-06
376,Jennifer Glover,rlogan@example.net,"415 John Street West Erictown, SD 96523",2020-05-17
377,Jamie Lawson,sbrown@example.net,"925 Sydney Lodge Charlesfort, WA 62755",2020-11-30
378,Taylor Gordon,shelia05@example.net,"995 Antonio Tunnel West Benjaminshire, WI 01227",2022-01-06
379,James Morrison,ericksonrobert@example.net,"PSC 6201, Box 4876 APO AA 72347",2024-04-12
380,Shirley Mason,frank19@example.org,"73175 Garcia Dam Lake Joseph, NC 85782",2021-10-08
381,Angelica Cross,anna61@example.net,"18414 Melissa Dam Greenberg, WA 42768",2022-06-20
382,Robert Moore,bakerbrittney@example.org,"95706 Valdez Junction New Matthewberg, NY 11224",2020-07-16
383,George Esparza,joshua53@example.net,"83693 John Falls Lake Lisaview, NY 23377",2023-09-23
384,Ashley Gallegos,morenolinda@example.org,"8319 Gordon Hills Suite 788 Johnburgh, TN 63678",2022-08-10
385,Julie Blanchard,davidsondebbie@example.net,"028 Taylor Mall Apt. 473 New David, RI 39768",2023-02-23
386,Stephen Harrison,richardcampbell@example.com,"5883 Christina Junction Floresbury, IN 36166",2023-05-07
387,Julie Little,thompsonjason@example.com,"323 Watkins Circle Suite 566 Jonestown, HI 91825",2024-07-09
388,Nicholas Travis,awatkins@example.com,"94277 Rhodes Dale Suite 524 Susanshire, GA 65876",2024-03-19
389,Tracey Vang,cmedina@example.net,"701 Watson Way Apt. 423 Barajasside, ME 34754",2020-06-08
390,Jessica Gilbert,kimstacey@example.org,"027 Fox Square Suite 214 New Denisefort, AR 62054",2022-06-27
391,Kimberly Martin,fergusondavid@example.com,"7899 Katelyn Dam Suite 243 Bryanbury, NC 77332",2023-04-24
392,John Smith,meganlopez@example.net,"68760 Delgado Club Port Alisha, WY 89427",2021-02-10
393,Dr. Henry Hart,matthewgregory@example.com,"2254 Fisher Lake Port Jamieport, WA 88997",2022-06-03
394,Bryan Wilkins,adamsjulie@example.com,"46641 Wyatt Stravenue Torresshire, MS 56007",2024-03-15
395,Richard Martin,johnsondiane@example.com,"56265 Lance Stravenue Apt. 205 Port Robertshire, DC 44991",2020-01-06
396,Mary Richards,mmyers@example.com,"00742 Moyer Village Jonesshire, ND 18131",2022-10-24
397,Jake Wyatt,sue66@example.org,"945 Robinson Prairie North Louistown, SD 71362",2023-09-28
398,Wendy Jones,jonathonbrooks@example.com,"075 Travis Parkway Wintersland, NH 55771",2022-04-03
399,Derrick Stevens,michael87@example.com,"8367 Shawn Parks West Matthewbury, PA 39092",2024-06-25
400,Darius Cardenas,paul15@example.com,Unit 2997 Box 7826 DPO AA 10322,2023-05-01
