id,name,email,address,date_joined
1,Michael Wilson,floydmichael@example.org,"22639 Rivera Hollow West Susan, FM 71177",2024-08-03
2,Vanessa Stevens,mirandarebecca@example.org,"03603 Natalie Parkway New Alexis, IN 83434",2021-06-23
3,Martin Jackson,dennis03@example.net,"57851 Stanton Street North Andrewfort, VI 57804",2020-07-19
4,John Johnson,tparsons@example.net,"29319 Tyler Parkways New Nicholas, ME 55802",2022-04-15
5,Howard Chang,bcook@example.com,"227 Thompson Ville Suite 298 Marksland, IA 20200",2020-10-03
6,Wendy Carroll,farmerchristopher@example.org,"12934 Grant Shore Josemouth, WI 32214",2020-01-27
7,Chad Vasquez,erica73@example.net,"186 Jones Circles Apt. 402 Lake Melissa, PA 49027",2023-04-24
8,Kevin Ortega,prattsarah@example.org,"782 Johnston Junctions Suite 967 Lake Tonyafurt, NJ 20580",2020-05-06
9,Kelly Gay,kimberlymadden@example.org,"0376 Mark Turnpike Suite 088 Contrerasfurt, SC 54382",2023-10-08
10,Joseph Holland,john16@example.com,"827 Morris Station Marksmouth, SD 23208",2022-02-15
11,Brett Patel,williamsbrett@example.org,"981 Jonathan Expressway Watkinsmouth, WY 42672",2021-12-18
12,Jaime Watson,robbinskyle@example.org,"4816 Reyes Branch Josefurt, IL 23041",2024-06-14
13,Danielle Evans,scottjones@example.net,"89112 Kathryn Valley Apt. 216 Stanleyhaven, GA 33296",2020-05-23
14,Katherine Alvarado,justin19@example.com,"14848 Frost Vista Ellismouth, TX 06317",2021-08-15
15,Alexander Gonzalez,collierseth@example.com,"4401 James Track Suite 488 West Johnport, SC 03091",2023-07-17
16,Gregory Valdez,lorilawson@example.net,USNV Smith FPO AP 47407,2020-05-04
17,Samantha Robinson,uwright@example.net,"3834 Khan Throughway Apt. 292 East Mark, VT 15062",2024-08-12
18,Joshua Moyer,fordjoshua@example.net,"352 Howard Islands Suite 770 East Spencertown, AZ 95019",2020-02-10
19,Mary Carey,bestkayla@example.org,"18413 Garcia Plaza Suite 393 Seanberg, CA 29548",2023-10-31
20,Anthony Moore,jsmith@example.org,"7886 Short Burgs Suite 528 Katherinetown, AK 45763",2021-08-23
21,Nicholas Martinez,brownnicholas@example.com,"11698 Gregory Mews Suite 285 Aprilshire, WY 47753",2023-07-22
22,Thomas Foster,kdavis@example.com,"14669 Kathleen Skyway Suite 630 Lisahaven, GU 95491",2023-12-26
23,Ryan Smith,bakeramber@example.net,"86990 Wright Coves Montoyaburgh, ME 50935",2023-12-04
24,Sandra Johnson,sellersann@example.net,"94926 Emily Center South Ronaldmouth, ID 13950",2021-06-13
25,Jared Garcia,samuel17@example.org,"4726 Johnson Club Apt. 765 East Jonathan, NJ 96864",2021-08-13
26,Daniel Porter,kgray@example.org,"775 Brian Cliff Wrightside, KY 01263",2020-12-10
27,Dillon Harris,romandillon@example.org,"826 Lisa Crest Apt. 633 New Danielshire, IL 36543",2020-02-27
28,Valerie Jones,henrycarla@example.net,"467 Mcdonald Mountains Apt. 397 Williamsburgh, PR 67238",2024-03-31
29,Gregory Jordan,njordan@example.com,"243 Mathis Trail Sarahview, NJ 81264",2020-03-24
30,Edward Blanchard,opeterson@example.com,"5816 Bean Plains New Amy, WA 61791",2023-12-14
31,Matthew Evans,kevin84@example.org,Unit 2778 Box 9072 DPO AA 96951,2021-01-31
32,Charles Smith,michael37@example.com,"55553 Anderson Stream Suite 649 New Stephen, SC 23406",2020-03-09
33,Jennifer Miller,qwise@example.net,USNV Cox FPO AA 52291,2023-01-23
34,April Nichols,chadgonzalez@example.com,"318 Deanna Mills Suite 405 Woodwardbury, AZ 37502",2021-09-13
35,Breanna Cochran,jodi58@example.com,"96409 Rodriguez Canyon Lake Williamchester, IA 39898",2021-04-11
36,Joshua Sullivan,brenttorres@example.org,"4678 Johnson Meadow Apt. 079 West Kimberly, CA 19232",2022-09-15
37,Juan Peterson,danielcook@example.com,"51016 Stacey Square Apt. 013 South Philliptown, PA 08400",2024-06-24
38,Zachary Carson,melinda37@example.com,USCGC Robertson FPO AA 48523,2024-08-05
39,Crystal Silva,tommyramirez@example.net,"31773 Johnson Lakes Suite 221 Johnstad, PA 91922",2024-10-05
40,William Smith,msims@example.com,"132 Matthew Club New Jonathanville, MP 98534",2024-09-07
41,Thomas Lewis,kelly28@example.org,"57462 Heidi Vista Apt. 417 Colinfort, UT 32400",2024-07-05
42,Kenneth Nelson,kayleesoto@example.com,"99275 Alicia Mountains Heatherland, NV 92278",2023-03-30
43,Brad Brown,jaimecarter@example.com,"2627 Edwards Isle Port Valeriemouth, HI 89318",2021-01-14
44,Matthew Hernandez,mbrown@example.com,"9888 Walker Villages Apt. 812 Halefort, NE 30801",2024-02-24
45,Jonathan Valenzuela,jeremyjohnson@example.org,"77571 Julie Estate Christopherview, NV 90601",2022-05-12
46,Troy Martin,orodriguez@example.org,"56926 Hays Estate New Kimview, NY 21439",2021-06-16
47,Anthony George,vcohen@example.org,"7908 Amy Stravenue Apt. 599 East Jenniferborough, AL 49018",2024-06-24
48,Cameron Leach,michaeltorres@example.net,"3763 Denise Causeway Suite 052 South Amy, CA 25656",2023-06-29
49,Jose King,moorejoanne@example.com,"021 Harris Valleys Lake Jessicabury, OR 28687",2020-04-10
50,Gregory Garcia,craig50@example.com,USCGC Larsen FPO AA 47351,2021-10-22
51,Justin Murray,adamschelsea@example.org,"450 Watkins Forest Apt. 627 Margaretbury, TN 69944",2020-08-24
52,Sabrina Stephens,claireandersen@example.org,"239 Chavez Groves Suite 080 Millerhaven, VA 99437",2021-05-08
53,Scott Sanchez,ricky52@example.org,USNV Wheeler FPO AA 93100,2023-07-04
54,Sandra Perez,briananderson@example.org,"43154 Cherry Flats Apt. 036 Caitlinbury, FM 90278",2022-08-28
55,Mark English,joneschristopher@example.net,"12206 Joseph Junction Suite 642 Whiteberg, OH 08821",2020-12-05
56,Christina Simmons,lisa70@example.com,"4976 Harris Locks Michaelmouth, MD 84757",2021-06-20
57,Lauren Martinez PhD,benjaminosborn@example.net,"350 Miller Shoal Apt. 478 Johnsonchester, SC 21994",2023-07-13
58,Amanda Cook,michelle18@example.net,"581 Gill Port Suite 667 New Stephanie, IL 64319",2023-05-10
59,Kevin Haas,samantha11@example.org,"0106 Jillian Court Suite 394 Lake John, WY 16032",2023-03-17
60,Stacey Parker,richardcervantes@example.org,"842 Christopher Common Wallaceshire, MT 62629",2022-11-14
61,Mr. Kyle Gibson Jr.,brownmichelle@example.net,Unit 7449 Box 0721 DPO AE 53324,2022-07-20
62,Jordan Jones,karinajackson@example.org,"4570 Rodriguez Drives West Taraport, ID 01536",2024-07-30
63,Robert Moore,kevinsmith@example.net,"96262 Martinez Square New Betty, MH 39897",2023-03-18
64,Tiffany Williams,hillkathy@example.net,USNV Bell FPO AP 15063,2021-08-06
65,Brittany Horn,gonzalezjoshua@example.com,"718 Barnes Roads North Janetfort, WI 00800",2022-09-10
66,Brandon Gill,mcdonaldalexis@example.org,"68071 Webster Spurs Apt. 580 Hoffmanchester, WA 01238",2022-06-03
67,Crystal Smith,debrajohnson@example.org,"082 Sanchez Ford Timothyfurt, WV 66292",2024-09-08
68,David Rodriguez,deantaylor@example.net,"25704 Gina Keys Suite 450 Jacktown, VA 16217",2021-08-23
69,John Castro,holmeswilliam@example.com,"749 Dickerson Camp Port Charlesside, MS 25514",2021-01-31
70,Victoria Sullivan,nbrooks@example.net,"7282 Jackson Union Derekport, FL 35697",2023-06-19
71,Catherine Chen,chenbrooke@example.net,"56372 Brown Manor Suite 049 Chelseaside, NC 99419",2024-10-06
72,Meghan Hernandez,mary88@example.com,"17528 Thompson Expressway West Marie, WY 86012",2021-02-01
73,William Hayes,wolfekimberly@example.org,"29063 Lori Valleys Suite 036 East Abigailborough, NE 79667",2023-09-12
74,Victoria Martinez,ngregory@example.net,"1937 Brenda Valley Suite 707 Port Kenneth, FL 35802",2021-11-07
75,Heidi Adams,sandovalscott@example.org,"57082 Mitchell Circle Apt. 772 North Michael, MT 68017",2020-03-28
76,Karen Daniel,nicholas39@example.com,"14863 Tyler Loaf West Robinmouth, CO 09107",2020-08-28
77,Nicholas Robertson,nfernandez@example.net,"4216 Alicia Pike Port Aliciaborough, KY 94527",2020-07-09
78,Denise Moore,jaguilar@example.org,"2085 Thomas Shoals Markbury, AK 14854",2024-01-14
79,Travis Thompson,danielle49@example.org,"02371 Hester Causeway Susanhaven, MD 47628",2021-03-19
80,Christopher Porter,xburch@example.net,"511 Gonzalez Walk Apt. 679 Austintown, TN 40114",2021-10-22
81,Kimberly Jones,cassandrabenson@example.net,"4371 Alexandra Meadows Apt. 880 Michellestad, UT 66029",2024-03-26
82,Chad Thompson,alexander45@example.org,"5732 Hernandez Extensions Apt. 120 Smithberg, MI 21031",2022-10-19
83,Michael Smith,jill94@example.net,"10495 Davis Fields Hicksville, CA 80492",2020-08-03
84,Joyce White,hectorsmith@example.net,Unit 9159 Box 2304 DPO AE 02064,2023-01-25
85,Tanner Brewer,christopher13@example.com,"7475 Irwin Via Lake Ashleeport, NJ 43128",2021-06-16
86,Noah Smith,nataliecollins@example.com,"009 Hanson Wells Lake Kayla, ID 35023",2020-06-15
87,Elizabeth Mcdaniel,jlong@example.com,"74727 Christopher Forest Jennifertown, FL 05823",2022-08-12
88,Julie Whitaker,fjordan@example.com,"67688 Peters Coves Port Kellyville, PW 45971",2023-09-07
89,Denise Frey,brandongarrett@example.org,"24296 Santiago Forks Gregorymouth, SC 92518",2020-12-11
90,Allison Gardner,xjensen@example.com,"210 Blake Fall Brandyborough, VT 83106",2021-08-30
91,Richard Roman,jamescarpenter@example.com,"37832 Burton Crest Apt. 710 Jacobstad, NY 32893",2021-07-13
92,Tracy Reyes,rubenfischer@example.org,"6894 Woods Causeway Suite 186 West Adamchester, AL 90647",2022-07-12
93,Kevin Jensen,kelly55@example.com,"43268 Deborah Green West Richard, VI 36170",2024-06-23
94,John Bowers,bowenpaul@example.org,"7997 Tucker Hollow Nicolehaven, IL 81256",2021-06-14
95,Teresa Williams,kathleenweber@example.net,"059 Darlene Spring Apt. 541 South Ana, IN 11140",2020-01-16
96,Kirk Russell,grant42@example.net,"70782 Strong Street Suite 804 Sextonfort, NE 79162",2022-04-18
97,Diana Banks,yhoffman@example.net,"8972 Berg Plains Apt. 284 Cassietown, AZ 69214",2021-09-09
98,Michael Davis,martin15@example.net,"92377 Conley Junction Rebekahbury, MP 96504",2024-09-01
99,Jacob Schmidt,ajohnson@example.com,"04971 Wilson Drive Suite 544 Lyonsport, MS 10158",2021-01-05
100,Marcus Carter,davisdavid@example.net,"619 Wade Heights Bradleymouth, WY 84713",2024-01-05
101,Johnny Webb,graysteven@example.net,"54988 Mcmahon Garden Jacobshire, NH 55224",2021-12-06
102,Jennifer Munoz,connie81@example.com,"PSC 5546, Box 1359 APO AA 22618",2020-10-08
103,Brian Perry,qrodriguez@example.org,"4687 Friedman Springs Apt. 055 East Christian, TX 77346",2021-11-14
104,Craig Garcia,david08@example.org,"116 Stacy Street Suite 374 Archerton, OH 72128",2021-10-19
105,Rebecca Dillon,wendy68@example.com,"83298 George Camp Julieberg, MA 64564",2020-08-13
106,Derek Campbell,tina08@example.org,"98684 Jason Isle Suite 971 West Kevinton, WI 65338",2023-06-29
107,Kiara Short,marynunez@example.net,"8506 Thompson Shores Suite 705 Lake Rebeccafort, OR 58085",2021-01-06
108,Eric Knox,fishertyler@example.com,"35792 Sandra Isle Apt. 170 Jamesborough, CT 75718",2020-03-21
109,Maurice Johnson,jesus09@example.org,"1707 Albert Stream Apt. 019 South Deborahview, MT 86914",2024-08-31
110,Sharon Perez,emmasmith@example.net,"6109 Johnson Place New Keithshire, SD 32587",2023-10-20
111,Whitney Scott,aliciadougherty@example.net,"4477 Patrick Crescent Orozcochester, NM 17438",2021-10-27
112,Dakota Bell,robinsonzachary@example.org,"0308 Cheryl Canyon Suite 549 Lake Lisa, RI 37338",2024-03-26
113,Kristin Schultz,kelleymichael@example.org,"736 Cox Hollow Suite 303 Lake Amymouth, WI 28838",2023-06-03
114,Jenna Roach,jameslinda@example.net,"4367 Travis Forges West Michael, CT 61260",2023-08-16
115,Anthony Dodson,lori92@example.org,"5600 Francisco Corner Suite 046 Port Toddbury, MA 05857",2021-10-26
116,Dr. Craig Johnson MD,andrewgentry@example.net,"3903 Fernandez Summit Apt. 345 Russellbury, MT 82370",2022-04-17
117,Jamie Nolan,amber72@example.com,"14577 Caldwell Shoal Julianmouth, CT 75821",2020-04-18
118,George Roberts,davidgonzalez@example.com,"PSC 4731, Box 6310 APO AE 11575",2023-10-18
119,Jose Rodriguez,jason41@example.net,"279 Morgan Forges South Janet, KY 60639",2023-07-01
120,Jordan Murray,samuel70@example.com,"62961 Garcia Forges Edwardsburgh, IA 71592",2024-02-13
121,Todd Martinez,curtismathis@example.org,"PSC 9579, Box 2278 APO AA 04187",2023-08-12
122,Thomas Henson Jr.,johnsonlarry@example.com,USCGC Simpson FPO AP 12595,2022-08-16
123,Tanya Reed,santanabrandi@example.net,"409 Jones Mall Suite 964 Baileyview, WI 31630",2022-11-10
124,Chelsea Hancock,meganreeves@example.net,"95940 Francis Circles Meganport, VA 45791",2024-01-29
125,Edward Fuller,schaeferkrista@example.com,"711 Theresa Brooks Suite 582 Moralesmouth, KS 51809",2021-06-05
126,Anna Perez,christopher27@example.org,"499 John Land Apt. 007 West Wendyton, MS 84916",2022-03-19
127,Stephanie Randolph,lopezjennifer@example.com,"104 Sanchez Corner Suite 474 New Ginafort, NH 28411",2024-09-22
128,Tina Acosta,ubailey@example.org,"0140 Smith Coves Apt. 522 Port Randalltown, KS 10246",2021-10-18
129,Kayla Chen,gregoryshields@example.net,"PSC 0874, Box 3626 APO AP 68484",2023-08-09
130,Lori Williams,jacobjohnson@example.org,"81396 James Lakes Apt. 486 South Alan, IN 16199",2024-01-02
131,Tammy Farmer,robert54@example.com,"763 Brittney Mountain West Tarashire, NE 70187",2024-06-03
132,Ray Mendez,bestcole@example.net,"8936 Brown Fields North Kathleenshire, IL 41137",2021-03-24
133,Steven Rivera,brendaowens@example.com,USCGC Quinn FPO AA 54500,2020-03-03
134,Matthew Maldonado,jonesheather@example.com,"351 Holden Corners Suite 949 East Alyssafurt, AR 74715",2021-09-08
135,Jennifer Wallace,amanda63@example.com,"61353 Lee Divide Suite 508 Blakefurt, MD 26994",2022-12-18
136,Claudia Barrett,amanda67@example.org,Unit 1929 Box 9580 DPO AE 74114,2021-04-05
137,Roy Chavez,jack87@example.org,"9123 Rachel Harbor Singhshire, ID 76305",2023-10-21
138,Jonathan Ward,kathleenmoyer@example.com,"0535 Robert Pass Suite 513 North Peggy, NC 19666",2022-08-10
139,Caleb Payne,collinsjamie@example.org,"11982 Dave Street Suite 973 New Ebonyshire, NH 55610",2021-09-29
140,Kurt Hill,christopher63@example.net,"925 Rush Summit West Tonya, MH 76091",2023-04-02
141,Mary Carpenter,uzimmerman@example.net,"1008 Jeffrey Orchard Suite 375 Port Kevin, MT 26795",2022-06-22
142,Allison Moore,mitchelljimenez@example.org,"1917 Kenneth Light Apt. 253 Williamhaven, UT 72918",2023-03-13
143,Brenda Steele,icooke@example.org,"233 Villegas Meadow Port Jerryfort, NE 95742",2020-11-30
144,Justin Hogan,homelanie@example.org,"PSC 3732, Box 1881 APO AP 96067",2020-03-20
145,Curtis Adams,johnsonchristopher@example.com,"84315 Devin Islands South David, KS 22789",2022-10-27
146,Leslie Adams Jr.,williamsmatthew@example.com,"37961 Jennifer Vista Suite 777 Port Dianachester, MD 44126",2022-12-05
147,Mary Stevens,gina07@example.net,"38273 Harris Road Thompsonshire, RI 60954",2021-08-17
148,Sarah Ball,troberson@example.com,"185 Vickie Trace West Marymouth, MS 92193",2023-02-10
149,Carolyn Giles,donald81@example.net,"392 Brian Corners Apt. 008 South Christina, AZ 18571",2024-05-13
150,Javier Barker,lbell@example.org,"07291 Smith Common South Michael, PR 57056",2020-10-20
151,Christina Prince,erichiggins@example.com,"68352 Jaime Lodge Apt. 320 West Raymondside, PW 39889",2020-01-04
152,Matthew Warren,clarkmichelle@example.com,"2072 Gomez Ports Apt. 830 Port Anthony, TN 63260",2023-08-18
153,Craig Gilbert,brittany83@example.com,"12142 Alfred Shoals Port Mitchell, KY 36939",2022-10-25
154,Wayne Duffy,michaelmitchell@example.net,USNV Bishop FPO AA 86944,2021-03-24
155,Christine Martinez,terricortez@example.net,"27135 Palmer Trail Suite 976 Port Codyville, WA 18928",2023-12-05
156,Devin Mathis,rnicholson@example.net,"754 Banks Shoal Apt. 495 Thomasview, HI 34008",2024-02-11
157,Rebecca Rogers,evansstephen@example.com,"26022 Adams Forges Jacobburgh, PR 22018",2023-12-27
158,Aaron Carter,jimmy72@example.net,"030 Kathleen Springs Apt. 900 Bradleyview, AR 39066",2021-02-12
159,John Rios,owatts@example.net,"185 Louis Creek South Samantha, PR 23511",2024-01-08
160,Daniel Ford,andrewshepherd@example.net,"008 Delacruz Shoal Apt. 068 Mathewsmouth, NE 01056",2023-11-21
161,Kristin Watson,aaron24@example.com,"0118 Michelle Neck Apt. 163 Williamton, MO 93956",2021-03-15
162,Mrs. Melissa Lee,justin82@example.org,"696 Lee Mill North Kimberlyview, OH 76310",2023-12-29
163,Jacob Franco,whopkins@example.org,"6668 Rebecca Lakes New Kathrynhaven, OK 17582",2022-11-19
164,Laurie Waters,donald66@example.org,"371 Leon Shore Suite 604 Melaniemouth, CT 91743",2021-07-06
165,Alexandra Gonzalez,jamesshepard@example.net,"007 Juan River Suite 672 Nguyenview, LA 96436",2020-01-25
166,Martha Martinez,kyle44@example.com,"8218 Wilson Prairie West Lisaberg, AR 08901",2022-01-17
167,Jason Hernandez,dustinwilliams@example.net,"8091 Gonzalez Trail Clarkbury, TX 87549",2022-05-17
168,April Lee,wjohnson@example.net,"92449 Nelson Underpass Reyesburgh, CT 08442",2022-11-09
169,Juan Robinson,justinortiz@example.com,"53388 Keller Spurs Jenkinsbury, MH 17629",2020-03-01
170,Roger Moore,cheryljones@example.net,"49736 Richard Bypass Suite 619 Johnborough, ND 61266",2022-09-18
171,Marcus Simpson,richarddavid@example.net,"334 Alvarado Cliff Amyberg, NM 98363",2022-06-28
172,Anthony Reid,dannycochran@example.org,"54278 Martha Manor Apt. 079 Anthonyfurt, MA 49095",2024-05-14
173,Joseph Mckay,hromero@example.org,"10803 Harris Fort Suite 665 Johnsonfort, TN 08964",2024-03-16
174,Jennifer Anderson,hrios@example.net,"49068 Thornton Mission Apt. 018 West Robertshire, DC 06450",2020-06-01
175,Scott Owen,michaelsmith@example.net,"824 Gutierrez Brooks Apt. 079 Joannafort, SC 74309",2024-08-23
176,Benjamin Johnson,parkerjennifer@example.com,"907 Porter Unions West Lisa, NE 59742",2020-03-15
177,Aaron Ashley,gnewton@example.com,"516 Wendy Square New Lisamouth, WY 89583",2023-03-25
178,William Curry,brianna53@example.net,"920 Chelsea Keys Suite 612 East Alicia, MP 19293",2020-02-28
179,Chelsea Graham,lalvarez@example.com,"501 Shawna Light Suite 091 Dicksonland, UT 24070",2020-05-23
180,Frank Henry,diazpaige@example.org,USS Paul FPO AA 42782,2024-09-05
181,Ryan Myers,apalmer@example.com,"PSC 9858, Box 7953 APO AP 70597",2024-07-18
182,Roberta King,gwendolynhughes@example.net,"2600 Lopez Fall New Rebeccatown, NC 44515",2022-12-30
183,Brenda Ray,michelletucker@example.org,"1516 Combs Flats Apt. 454 Donnaville, DE 19407",2024-05-20
184,Nancy Frost,david10@example.org,"0265 Allison Tunnel East Dianeview, WA 76317",2020-02-03
185,Richard Carson,jessica74@example.com,"387 Oliver Crossing Caseyfort, AL 64787",2021-08-08
186,Sarah Mendez,christian93@example.org,"25831 Jessica Knolls East Bethany, PA 44348",2024-01-25
187,Lauren Joseph,kim26@example.com,"319 Barbara Pines Suite 655 North Dianafort, IL 52436",2021-01-28
188,Jason Smith,nicholasellis@example.net,"25426 Curtis Greens Suite 341 South Jonathonfort, VT 78141",2023-04-20
189,Michael Buck,reedmark@example.net,"860 Steele Drive Apt. 240 Roberttown, MN 28113",2023-03-26
190,Alexandra Bruce,ashleywarner@example.com,"128 Nguyen Mountains Apt. 698 Lake Terrybury, IA 45687",2022-04-24
191,Ian Turner,jmurphy@example.net,"625 Miller Corner Apt. 758 East Heather, KY 89916",2021-03-12
192,Ashley Ayers,candrews@example.org,"51202 Diana Mews Suite 957 Greenside, MD 02854",2022-08-22
193,Tamara Wong,elee@example.net,"9002 Hansen Shoals Brownborough, MH 56204",2022-10-22
194,Maurice Williams,hyates@example.com,"65711 Joyce Course New Eric, KY 46559",2024-07-14
195,Kimberly Moss,brianhahn@example.net,"2779 Davis Lock Wardchester, NJ 07580",2021-12-09
196,Francisco Duke,williamsleslie@example.org,"8083 Price Freeway Apt. 258 Trevinotown, NV 89675",2022-02-01
197,Jasmine Thompson,rsmall@example.com,"876 Knight Port Suite 769 East Robertburgh, CO 78104",2021-07-18
198,David Palmer,erika98@example.org,"23242 Snyder Village Apt. 866 Masonland, WY 30784",2023-08-19
199,Lauren Newman,fsimpson@example.net,"6410 Kenneth Valleys East Charlotteside, WY 85214",2020-03-04
200,Chad Moore,christopher57@example.com,Unit 4799 Box 7783 DPO AE 73042,2024-05-11
201,Bridget Scott,wilsonerica@example.org,"910 Darren Summit Apt. 335 Chavezmouth, LA 68341",2022-03-03
202,Amy Fritz,zduran@example.org,"41747 Knight Forks Apt. 117 East John, UT 10899",2020-07-22
203,Amanda Hunt,tbrown@example.com,"7054 Dixon Club Suite 864 Port Mason, UT 83951",2023-06-04
204,Amy Hunter,vroberts@example.net,"74607 Dunn Hollow Port Josephburgh, WV 77982",2024-04-07
205,Julian Clay,rachelschneider@example.net,"16260 Allen Crossing Suite 971 North Patriciaton, MP 95779",2020-12-05
206,Mrs. Caitlin Dixon,nblanchard@example.net,"19127 Jonathan Plains Apt. 966 South Bradleyview, MN 74959",2022-11-06
207,Regina Taylor,barneschristopher@example.com,"488 Andre Turnpike Port Susan, MI 65165",2021-08-29
208,Caroline Berry,zbrown@example.net,Unit 4361 Box 4271 DPO AE 75693,2020-05-31
209,Sergio Suarez MD,sacosta@example.net,"8644 Joshua Corner Apt. 533 Tranmouth, SC 16257",2021-01-22
210,Brandi Stewart,sbooth@example.net,"71770 Larry Club Suite 126 Adkinsborough, KS 44267",2020-01-31
211,Robert Hoffman,wgordon@example.net,USNV Jimenez FPO AE 37433,2021-03-04
212,Tracy Johnson,amy97@example.com,"44000 Sarah Tunnel Schultzstad, DC 17222",2022-12-07
213,Jordan Jensen,brownamy@example.com,"3336 Dunn Meadows Karenbury, MO 17073",2021-03-19
214,Jamie Brock,nicole49@example.net,"796 Smith Ferry Johnathanshire, MA 40152",2022-01-28
215,Christine Thomas,alexandra53@example.com,"103 Arroyo Centers Suite 838 Olsonhaven, VI 70987",2023-01-11
216,David Salazar,christopherpatrick@example.net,"00872 Harris Mission Apt. 570 Paulburgh, MH 52888",2024-09-25
217,Sharon Mack,hwilliams@example.org,"7642 Delgado Locks West Gabriellechester, WV 66049",2021-01-18
218,Kara Hull,andrewweeks@example.com,"327 Timothy Freeway Suite 980 Petersonville, RI 70746",2022-05-19
219,Sabrina Garrett,jacobrivera@example.org,"8624 Emily Islands Cookfort, MA 18251",2021-01-16
220,Rachel Franklin,apark@example.org,"220 Kevin Harbors Apt. 576 South Luisview, WV 43392",2020-03-06
221,Jeffrey Jones,benjamingalvan@example.net,"03581 Lawson Valleys New Jenniferton, PA 97547",2023-11-03
222,Michael Gross,tiffanyjensen@example.net,USNV Thompson FPO AE 55332,2021-12-21
223,Stephanie Blackwell,diana26@example.net,Unit 0675 Box 2281 DPO AP 50266,2020-03-29
224,Michael George,swilliams@example.com,"34562 Michael Overpass Apt. 579 Harrisfurt, IN 10331",2021-06-05
225,Louis Maldonado,powellbryan@example.net,"820 Wright Shoals Apt. 570 East Maria, MH 90989",2020-07-11
226,Michael Ingram MD,jreilly@example.net,"71960 Howe Burg Lake Brianfort, VA 92256",2024-03-09
227,Angela Patterson,fmoran@example.org,Unit 8414 Box 7247 DPO AA 84543,2024-05-18
228,James Johnson,michael93@example.net,"353 Preston Fall Suite 795 Bowenburgh, TX 63429",2023-10-19
229,Steven Cruz,oingram@example.net,"17814 Donna Parkways Port Sharon, TN 45204",2023-03-27
230,Meghan Kelley,sharon88@example.com,"787 Dustin Route Apt. 205 North Benjamin, NJ 93734",2024-04-17
231,Gregory Roberts,bflores@example.net,"605 Sarah Passage Garciaton, CA 07797",2022-02-20
232,Carol Knox,jon37@example.net,"487 Frey Plains Apt. 512 Cannonburgh, GA 44481",2022-01-24
233,Linda Gilbert,vflores@example.net,"97524 Burgess Islands Apt. 209 Bradleyhaven, AZ 86739",2022-12-27
234,Tammy Smith,ray67@example.org,"03911 Collins Tunnel Andreaborough, NH 87200",2022-11-19
235,Veronica Johnson,andrea60@example.net,"493 Miller Points North Johnside, CO 98151",2020-08-15
236,Amanda Diaz,ggreene@example.org,"97683 Brown Prairie Derekborough, GA 22465",2023-09-25
237,Derek Harris,sheila27@example.org,"243 Gabrielle Estate Suite 522 Thomasmouth, UT 18919",2020-02-29
238,Michael Cowan,jacobpearson@example.com,USNV Mitchell FPO AA 84310,2020-07-18
239,Michael Taylor,robertbrown@example.org,"191 Theresa Crest Apt. 662 Connermouth, MD 52891",2021-01-27
240,Noah Terry,james15@example.net,"5970 Courtney Village Suite 764 Johntown, NY 94437",2024-07-19
241,Brian Woods,joycebeasley@example.net,Unit 0405 Box 4889 DPO AP 92348,2022-02-10
242,Leah Burgess,jeremygeorge@example.org,"2088 Christine Row North Donnaburgh, FL 67608",2022-01-02
243,Daniel Johnson,williamsstacy@example.net,"6692 Sanchez Hill Lake Amandaberg, WY 50653",2022-03-03
244,Rebecca Carter,gina06@example.com,"02831 Smith Groves Suite 846 Robertschester, GU 46587",2020-12-02
245,Shelley Richardson,mercedesrodriguez@example.org,"PSC 2930, Box 7189 APO AE 63850",2022-09-18
246,Kristine Goodwin,benjamin15@example.net,"755 Stephen Course Loganburgh, RI 89184",2021-06-03
247,Nicole Graves,danielshelton@example.net,"5558 Kimberly Overpass Apt. 979 Lake Suzanneview, SC 56615",2022-04-25
248,Sara Simpson,donnavargas@example.net,"3453 Jonathan Court Ortizshire, ID 55594",2022-10-18
249,Elizabeth Dickson,imiller@example.org,"00966 Torres Summit Kevinview, NV 81931",2021-08-24
250,Zachary Duncan,jennifer24@example.net,"781 Smith Valley Suite 172 New John, IA 50472",2021-07-07
251,Mary Richard,dthomas@example.net,"7001 Jeff Forge Apt. 496 Justinborough, AK 81762",2022-03-19
252,James Frye,knappsean@example.com,Unit 0928 Box 5527 DPO AP 96029,2024-06-07
253,Jacqueline Hurley,krystalchambers@example.org,"9633 Mullins Branch Joshuabury, CA 96534",2024-05-13
254,Christopher Singh,jonesrebecca@example.org,"2421 Phelps Pines Apt. 453 East Shellystad, CT 95747",2020-11-07
255,Gabriela Barrera,dawn24@example.org,"21792 Campos Points Suite 024 South Justinchester, SC 80188",2024-10-08
256,Tanya Short,stokeskristen@example.org,"92320 Elizabeth Course Suite 466 Nicholasstad, LA 60653",2022-10-17
257,Cindy Wong,jtaylor@example.com,"PSC 6643, Box 2744 APO AP 02103",2020-07-23
258,Amber Combs,obrown@example.com,"2630 Young Wells Johnsonburgh, UT 60831",2023-09-28
259,Travis Barr,garrettjoy@example.com,"234 Felicia Lodge Apt. 169 North Robert, WV 46090",2020-01-21
260,Meagan Douglas,acole@example.net,"9926 Victoria Crossroad Apt. 967 New Michael, NE 89463",2020-01-15
261,Jasmine Compton,wrodriguez@example.net,"814 Jacob Stream Suite 853 East Cassandrafort, KY 61021",2020-03-16
262,Stephanie Roberts,matthewsashley@example.net,USNS Clark FPO AP 74920,2021-01-14
263,Brian Kemp,stevensonchristine@example.com,"92339 Ruth Dale Lake Roychester, VT 46894",2021-04-11
264,Nicole Perry,tiffanyatkinson@example.net,"62108 Carl Plaza Suite 656 Billyberg, OK 73735",2021-09-16
265,Mark Alexander,castilloomar@example.org,"172 Marsh Field Apt. 043 Phillipsshire, AZ 07403",2024-09-09
266,Scott Howard,shieldsdaniel@example.net,"201 John Dale Apt. 408 Thompsonport, NM 28629",2022-07-09
267,Jesse Downs,gregsantana@example.org,"9606 Martinez Ville Doyletown, VI 59299",2024-08-18
268,Jonathan Watts,mgraham@example.org,"6309 Dunlap Glen Suite 185 Mollyside, CO 69223",2021-06-08
269,Adam Rogers,biancakelley@example.net,"79113 Tanya Key Apt. 990 Tinaborough, AR 19665",2022-10-07
270,Jean Kennedy,cynthia35@example.net,"PSC 7950, Box 0530 APO AA 41881",2024-09-28
271,Amber Howard,othomas@example.org,"3316 Glover Pine Suite 310 Elizabethshire, NE 48871",2024-03-28
272,Angela Wilson,ftaylor@example.com,"1422 William Orchard Jakemouth, MN 91334",2020-12-23
273,Donald Herrera,myerstracey@example.org,"59053 Duncan Mountains Suite 605 Hallton, PA 50351",2022-07-02
274,David Santos,alicia13@example.org,"3905 Bradley Prairie Jessicaburgh, NH 31406",2024-06-23
275,Brian Maxwell,matthew97@example.com,"72067 Patterson Heights North Deborahstad, OH 33566",2022-01-19
276,Jessica Jones,tmiller@example.com,"008 Stevens Groves Suite 953 Petersstad, WI 03134",2021-10-23
277,Penny Brown,zmckenzie@example.com,"PSC 1288, Box 5802 APO AE 51949",2021-03-24
278,Katherine Watson,kimberly72@example.org,"PSC 1095, Box 3165 APO AP 01605",2023-05-24
279,Sabrina Davis,robert83@example.com,"PSC 8821, Box 5504 APO AE 03470",2022-04-12
280,Francisco Hernandez,james00@example.org,"1504 Jorge Trafficway Lake Jeremymouth, GA 09482",2024-06-16
281,Mary Holt,cmalone@example.org,"91654 Collins Canyon Suite 888 East Sarahville, SC 20205",2022-09-02
282,Michael Brown,jennifer57@example.net,"40435 Taylor Plains Apt. 455 New Anthonyshire, NV 98720",2022-06-21
283,Monica Martin,samuel73@example.net,"13595 Amy Tunnel North Alexa, OK 18400",2020-04-01
284,Angela Pennington,omason@example.org,"PSC 6768, Box 1271 APO AP 88483",2020-06-23
285,Brittany Hanson,christina56@example.org,"9427 Isaac Coves Lake Janiceshire, WV 17623",2021-02-21
286,Karen Woods,jameswilliams@example.net,"571 Robert Forge Apt. 552 Cynthiaside, NJ 25495",2020-06-04
287,Cody Anthony,richard44@example.com,"4854 Chung Camp Josephhaven, MD 73755",2022-12-11
288,Cameron Smith,joanne69@example.net,"7344 Saunders Mountain Apt. 521 Thompsonmouth, AS 73446",2023-05-06
289,Elizabeth Kelly,jessicawoodward@example.net,"357 Burgess Brook Suite 436 East Jeremy, NM 60579",2024-03-11
290,Dana Roberts,blairsarah@example.net,"50913 Johnson Brooks Apt. 308 West Benjaminstad, VT 41258",2020-11-27
291,Mr. Stephen Nguyen MD,aguirrenicole@example.com,"27417 Rodriguez Unions Apt. 772 Carterland, MO 13049",2022-03-31
292,Anna Lester,jonestroy@example.com,"88577 Munoz Corners New Nicole, CA 29430",2021-08-03
293,Mario Hansen,jonathan97@example.net,"0774 Saunders Port Port Jennifershire, MS 58205",2021-08-26
294,Sarah Davis,john03@example.org,"83307 Samuel Lights Scottburgh, MD 19850",2024-09-17
295,Brenda Torres,shamilton@example.com,"09104 Shea Parkways Andersonport, NV 36779",2021-12-02
296,Amanda Clark,garrettholly@example.com,"904 Anderson Loop Suite 996 Jeremiahside, PR 95977",2022-05-29
297,Leah Cortez,brendanhiggins@example.org,"84390 Steven Green Apt. 558 Dennisborough, IL 29326",2023-07-08
298,Deborah Bartlett,davidgonzalez@example.org,USNS Whitehead FPO AP 92481,2021-02-02
299,Stephanie Maxwell,royjames@example.org,"1926 Patrick Spurs East Andreaville, MO 65117",2023-03-09
300,Anne Morales,gomezpatrick@example.net,"79705 Daniel Heights Suite 343 North Becky, AZ 86146",2023-04-27
301,Robert Dodson,samantha48@example.com,"626 Dickson Canyon Miguelbury, NM 34933",2024-02-25
302,Diane Smith,brendafarmer@example.org,"213 Jimenez Forest Apt. 371 Brownbury, WA 99361",2020-10-05
303,Joshua Perry,karenhamilton@example.net,"8274 Rowland Wall Hamiltonmouth, WI 14019",2024-05-15
304,Nichole Munoz,yhoward@example.net,"188 Marc Falls Suite 857 Kimberlybury, LA 54680",2023-09-11
305,Timothy Cruz,kenneth43@example.net,"327 Carrie Plains Suite 618 Michaeltown, RI 71209",2021-12-15
306,Mary Cain,pfarmer@example.com,"66778 Hamilton Locks West Carriehaven, MN 81393",2023-11-04
307,Mary Gomez,timothynelson@example.com,"995 Sara Mission Apt. 397 West Brandon, PW 71490",2024-03-30
308,Christina Smith,abeasley@example.com,"32189 Stephanie Lock Paulport, WI 51861",2023-08-06
309,Deborah Moss,marshallkendra@example.com,"5397 Moreno Shoals Suite 147 Danielstad, MP 89665",2020-03-01
310,Catherine Williams,markdouglas@example.org,"557 Murray Oval Suite 095 Wilsonland, KY 64145",2020-06-15
311,Christina Lang,robertcervantes@example.net,"999 Foley Vista Apt. 143 North Lisahaven, IN 11494",2023-09-10
312,Kelly Stein,lsmith@example.net,"84168 April Road South Coreybury, FL 64682",2024-01-14
313,Tami Le,harrisrachel@example.net,"0622 Jordan Land Lake Casey, MD 93740",2020-04-12
314,James Rodriguez,cainlarry@example.net,"252 Amber Ways Lake Paul, LA 60228",2023-04-19
315,Jeffrey Richardson,leonteresa@example.net,"4810 Holland Island Suite 374 North Jessicafort, AL 22507",2022-06-28
316,Charlene Hardy,nbrennan@example.com,"2563 Mendoza Avenue Suite 993 Travisburgh, NE 13452",2021-06-29
317,Andrew Lee,andrewjones@example.net,"159 Lewis Overpass Apt. 523 Brittneyhaven, NM 17557",2022-10-22
318,James Terrell,elizabeth18@example.org,"5986 Michael Grove Apt. 894 New Robert, IN 24889",2024-06-20
319,Michael Strong,jenniferfitzpatrick@example.org,"3118 Lopez Centers Lake Brian, LA 02668",2022-12-08
320,Emily Baldwin,samantha12@example.net,USNV Nelson FPO AA 20239,2021-12-13
321,Mrs. Wanda Ayers,brownnicole@example.com,"17559 Alexander Crescent Lewisbury, AK 39979",2022-09-15
322,Benjamin Pearson,brownbenjamin@example.com,"25653 Peggy Points Port Dennisland, NV 42284",2024-08-24
323,Megan Pacheco MD,tammy31@example.com,"177 Stephanie Shore Suite 120 North Scott, MN 05797",2021-11-09
324,Michael Conway,mayjason@example.org,"056 Goodwin Way Suite 310 Lake Scottport, SD 44898",2022-10-29
325,Jonathan Lewis,dylan90@example.net,"91095 Tom Isle Suite 661 East Glenfort, ME 89875",2024-08-15
326,Calvin Wells,kjames@example.com,"003 Miguel Causeway South Mark, WV 86606",2023-06-20
327,Kevin Chang,schneiderbrittany@example.com,"7296 Long Brooks Suite 323 Martinshire, FL 08401",2021-08-26
328,Thomas Mitchell,lewistina@example.com,"7598 Willis Inlet Suite 523 East Valerieville, TN 19917",2020-09-05
329,Anthony Thomas,rebecca59@example.com,"4633 Robert Village Snydermouth, WV 17961",2020-10-25
330,April Allen,timothy25@example.com,"04810 Lamb Forest Suite 238 Millerland, KS 42214",2023-01-05
331,Adam Drake,fergusonchristine@example.org,USNV Romero FPO AE 70190,2024-07-02
332,Leah Wilson,michael94@example.net,"9605 Nathaniel Valley Edwardfort, KS 30834",2021-01-15
333,Kimberly Curtis,benjamin12@example.com,"2564 Gene Mills Suite 806 Craigmouth, OK 92476",2024-07-08
334,Tracey Kim,fhurley@example.com,"69885 Robert Course Lake Pamville, AK 96591",2021-08-04
335,Michael Kelly,scottlopez@example.net,"14818 Gina Inlet New George, MP 29880",2021-07-27
336,Jennifer Rodriguez,umiles@example.net,USNV Perez FPO AE 88610,2021-05-08
337,Amanda Hayes,goodwincynthia@example.org,Unit 1307 Box 9158 DPO AE 78679,2024-06-22
338,Jimmy Moss,michaelramos@example.net,"37254 Suzanne Courts East Nicholas, KS 56334",2021-06-19
339,Jane Fernandez,toddmichelle@example.com,"8574 Paul Mountains Apt. 092 South Dalton, NV 14558",2022-07-28
340,Craig Harris,calvin75@example.com,"27751 Russell Tunnel New Jon, MA 37024",2021-08-26
341,Jill Jones,fhowell@example.com,"512 Robert Parkways Suite 148 Davisborough, MI 00570",2023-01-24
342,Gina Villa,vbecker@example.net,"210 Roger Shore Apt. 244 Jaredmouth, MD 20074",2021-02-08
343,Maria Walter,iwoods@example.net,"9478 Coleman Brooks Suite 363 Jessicachester, WY 89879",2024-09-19
344,Elizabeth Williams,james40@example.net,"451 Sutton Station Apt. 691 Waterschester, TN 42909",2021-05-28
345,Craig Velasquez,annebenson@example.net,"1453 Brenda Prairie Apt. 633 Hodgeview, GA 91930",2023-07-13
346,Matthew Schultz,deannataylor@example.org,"46017 Walker Points Taylorland, AS 31467",2020-10-09
347,William Johnson,lowens@example.org,"785 Rodriguez Viaduct Apt. 098 Port Thomas, FM 12516",2020-03-14
348,Antonio Chapman,george66@example.net,"5894 Horton Fords Sampsonberg, GA 24201",2021-09-30
349,Courtney Walsh,davisbradley@example.com,"67712 Pamela Lakes Benjamintown, WY 52698",2023-06-16
350,Richard Lewis,tmanning@example.net,"353 Romero Fort Apt. 893 Sarahmouth, AS 53423",2024-02-12
351,Elizabeth Lozano,fjenkins@example.net,"7945 Monroe Island Port Nicoleshire, MD 27308",2021-12-15
352,Lisa Hernandez,karen13@example.net,"93267 Bush Forest Suite 845 North Meganport, MO 54224",2023-12-02
353,Kelsey Williams,meghanclark@example.com,"2799 Barrett Islands Wallacefort, WV 02449",2021-11-01
354,Timothy James,caseyjones@example.com,"79064 Medina Forks Lake Julie, CA 80963",2024-09-12
355,James Fernandez,crystal76@example.com,"002 Michael Mall East Nicholas, FM 75897",2023-09-13
356,Danielle Duncan,richardsonmonica@example.net,"4902 Villanueva Field Apt. 089 New Stephanie, CA 51187",2022-09-13
357,Sabrina Cunningham,travis00@example.org,USS Fitzpatrick FPO AP 62618,2021-04-28
358,Danielle Ortega,uweiss@example.net,"5368 Michael Mountain West Kevin, FL 03412",2022-01-06
359,Jeffrey Espinoza,moodymichael@example.com,"267 Stuart Rapids Apt. 945 Loveview, KS 76962",2020-10-10
360,Daniel Nunez,rebekah66@example.org,USS Browning FPO AA 79346,2022-10-30
361,John Mendez,valerie63@example.net,"9740 Sanders Junctions Suite 213 Williamchester, WV 38680",2023-11-05
362,Dr. Vanessa Russell,josefrazier@example.com,"23581 Fletcher Avenue Apt. 386 Smithburgh, NE 06170",2023-08-26
363,Christopher Bell,benderaustin@example.net,"260 Stephanie Divide Suite 083 Hardintown, DE 45797",2022-11-24
364,Adriana Andersen,mandy41@example.net,"7791 Henry River Kingberg, MA 67148",2020-04-01
365,Jessica Thompson,benjamin98@example.com,"5876 Bailey View Apt. 100 New Manuel, TN 88201",2020-07-15
366,Katelyn Baldwin,david78@example.net,"66870 Moore Ports Susanburgh, TN 38087",2020-08-26
367,Patricia Dorsey,justin26@example.org,"1837 David Road Lake Lucasburgh, NJ 86147",2023-11-30
368,Jason Ferguson,jason07@example.org,"628 Sandra Run Apt. 457 Port Rhonda, AR 94242",2021-02-07
369,Elizabeth Lewis,qsmith@example.net,"955 Wells Course Apt. 803 East Rose, NJ 05575",2021-03-12
370,Sharon Espinoza,duane40@example.com,"31878 Eileen River Suite 586 New Matthewmouth, ME 06568",2020-01-21
371,Michael Mills,mnorton@example.net,"5729 Butler Springs Walterland, LA 05791",2024-05-22
372,Brad Phillips,kathy98@example.org,"9948 Thomas Crossroad Suite 116 East Mark, AS 86256",2023-04-15
373,Michael Cardenas,toddjohnson@example.net,"1488 Joshua Burgs Shannonborough, WA 61077",2022-07-02
374,Natalie Jones,gwatkins@example.com,"70256 Griffin Centers South Lorraine, AR 01912",2022-06-19
375,Steven Edwards,brettlee@example.net,"849 Oliver Land Maryberg, RI 89101",2020-04-19
376,Donna Swanson,matthew71@example.com,Unit 3331 Box 2960 DPO AA 42099,2023-01-17
377,David Oconnell,aliciahunt@example.com,Unit 8767 Box 2419 DPO AP 23622,2021-11-27
378,James Martinez,wendyholt@example.com,"58539 Angelica Union North Sharon, SC 26980",2022-05-30
379,Gregory Lewis,jacobmoore@example.com,"4389 Gina Plains South David, PR 83133",2023-10-06
380,Alison Brown,williamsonderek@example.org,"223 Austin Way Suite 742 South Edwardburgh, CA 08149",2021-02-10
381,Kimberly Miller,zimmermansarah@example.org,"08822 Claudia Courts Apt. 620 Deannamouth, MA 68660",2020-08-12
382,Theresa Roberts,btaylor@example.com,"29273 Matthew View Ramirezshire, IL 58123",2020-05-20
383,Rebecca Lamb,fharris@example.com,"73527 Stephen Highway Hamiltonview, OR 05856",2023-05-10
384,Michelle Martinez,steven51@example.org,"7822 Olsen Square Apt. 580 Port Stefanieside, MP 17925",2021-07-01
385,Lindsay Armstrong,andrewortiz@example.net,"07516 Thornton Plain Lake Kevin, AL 79683",2020-06-07
386,Emily Henderson,herringwanda@example.org,"29043 Cox Gardens Stokesview, LA 20498",2023-03-27
387,Juan Lynch,kylestanton@example.com,"734 Fry Port Alexanderfort, PW 84971",2020-06-02
388,Marcus Maxwell,hawkinsjason@example.net,"9027 Hill Plains North Diane, CT 66607",2024-03-25
389,Danielle Wilson,lindseydavid@example.com,Unit 6668 Box 3474 DPO AA 03843,2024-06-14
390,Keith Mccormick,andersonanthony@example.com,"22787 Barton Spurs Apt. 396 Burnshaven, UT 54685",2022-05-22
391,Lisa Black,hrhodes@example.com,"677 Martin Crest Suite 560 North Sara, CO 91389",2022-08-18
392,Elizabeth Booth,christinewood@example.org,"61929 Lori Forge Suite 624 New Karen, RI 66146",2024-09-01
393,Shawn Harrison,nathan60@example.com,"773 David Village East Jeremymouth, AS 41065",2023-09-12
394,Wendy Webster,markjohnson@example.net,"9007 Keith Turnpike Apt. 180 West Jameshaven, OH 47926",2020-06-25
395,Caroline Robinson,ocole@example.com,"566 Emily Extensions Lake Stephenfort, GA 26399",2022-03-29
396,Shelby Cox,nancy11@example.org,"8972 Brian Coves Lake Jason, PW 60041",2021-04-11
397,Brandon Galvan,ryan20@example.org,"76242 Jennifer Forest Suite 901 East Deniseberg, OR 97225",2021-02-13
398,Michael Young,matthewdaniels@example.com,"353 Mcguire Port Apt. 814 Snyderville, CO 17247",2023-03-18
399,Sarah Burke,tmooney@example.com,"13272 Pearson Summit Apt. 676 Nixonhaven, LA 18729",2022-02-26
400,Shannon Hudson,brandonmerritt@example.com,"626 Allen Turnpike Suite 434 Jasonbury, AZ 69825",2024-03-19
