id,name,email,address,date_joined
1,Morgan Serrano,paulalynch@example.org,"7365 Johnson Hollow New Johnfurt, MI 58111",2021-06-10
2,Jack Morris,toddflores@example.net,"182 Rush Grove Suite 228 Jessicaport, MD 41844",2023-01-14
3,Amanda Horton,nicolegreene@example.org,"871 Johnson Run Suite 110 Fergusonton, MH 37787",2022-03-11
4,Mark Hall,watsonmichael@example.org,"3600 Gonzalez Cove Jonesfort, MA 72348",2023-01-03
5,Melody Smith,susanatkinson@example.net,"79790 Deleon Branch Shannonfort, MD 49453",2024-01-24
6,Robert Frederick,daniel07@example.com,"07379 Reynolds Unions Port Justinport, PA 08483",2022-10-05
7,Katherine Cruz,xvillanueva@example.com,"49982 Davis Mission Lake Garychester, ME 06775",2023-03-26
8,Pamela Walsh,martinezpaul@example.com,"698 Tina Turnpike Heatherville, IL 79089",2023-11-12
9,Miss Nichole Garcia,douglashenry@example.com,"2030 Kathryn Shores Gardnerberg, WA 90873",2021-07-27
10,Rachel Castillo,elizabethjones@example.org,"05444 Holloway Way Maryfort, MN 40628",2023-12-26
11,Timothy Cole,smithsteven@example.com,"1543 Webster Well Apt. 013 Aprilport, IA 95858",2022-09-10
12,Marissa Gordon,cwelch@example.org,USS Sanchez FPO AP 59409,2020-11-06
13,Rachel Mills,andrea98@example.com,"30571 Vang Camp Apt. 646 South Andrewside, OK 03755",2024-08-21
14,Lauren Martinez,vbaldwin@example.com,"687 Emily Lodge Elizabethtown, SD 86339",2021-12-11
15,Michael Roth,jesse98@example.org,"7705 Sanders Isle Warnerland, WI 77163",2024-01-31
16,Jordan Grant,valeriedavis@example.org,"7244 Curry Roads Apt. 315 Beckstad, FM 91740",2022-04-28
17,Susan Holden,elizabeth43@example.com,"928 Gregory Pine Campbellton, NH 30472",2023-05-15
18,Andrea Miller,charles02@example.org,"20389 Benjamin Manors Johnsonfurt, IN 52168",2022-01-23
19,Cynthia Butler,john38@example.net,"702 Erik Hollow Lake Cody, MO 08552",2022-12-14
20,Jason Smith,wendy94@example.org,"3769 Miller Land Wilkinsburgh, ND 48897",2021-07-26
21,Tonya Welch,ryanrobinson@example.net,"6719 Jeffrey Ranch West Vanessa, NC 20862",2022-05-02
22,Jeremy Nguyen,andre62@example.net,"268 Charles Ford Apt. 237 Mcneilbury, ID 19098",2021-08-04
23,Todd Mitchell,christie56@example.org,"4400 Chad Street North Yolandatown, WY 61000",2020-10-25
24,Julia Vazquez,nicholsjonathon@example.org,Unit 0851 Box 9996 DPO AE 10719,2023-05-03
25,Mr. Mitchell Watts,ohines@example.com,USCGC Livingston FPO AE 15960,2020-07-16
26,Ashley Shelton,tammyferguson@example.org,"588 Williams Spur East Sean, IN 66278",2024-06-16
27,Paul Johnson,joseph62@example.net,"7222 Steven Curve West Logan, IN 35823",2021-06-05
28,Jennifer Snyder,larry96@example.net,"8972 Hernandez Locks Suite 769 Sotofurt, GA 28209",2020-03-03
29,Justin Barrera,erinaguirre@example.com,"656 Krista Plains Campbellshire, OH 32189",2023-06-10
30,Christina Clark,emilywest@example.org,"697 Dominique Bypass Barbarabury, AZ 67290",2021-12-13
31,Adam Pena,goodwinalejandro@example.net,"2948 Willie Club Suite 209 East Zacharyborough, MD 35386",2020-03-25
32,Jessica Saunders,cindyburke@example.com,"9292 Gay Points Port Larryberg, MO 05782",2023-02-13
33,Kevin Chase,maysmatthew@example.net,"772 Lisa Circles Port Linda, PR 98129",2023-10-06
34,Barry Jensen,edward77@example.net,"0487 Rodriguez Mountains Apt. 872 Michaeltown, FM 14970",2024-01-16
35,Jessica Hughes,kevin34@example.com,"388 Monica Plaza Evanschester, NJ 36903",2023-05-23
36,Tracy Harris,antonio88@example.net,"0169 Barnes Vista South Hollyside, TX 82065",2021-05-25
37,Ryan Wilson,patrickroy@example.net,"621 Wilson Roads Suite 681 Wardton, AS 96227",2023-06-07
38,Emily Montgomery,xcortez@example.net,"835 Jon Parks Apt. 308 Port Robin, VA 28919",2023-06-09
39,Paul Sanders,sherigomez@example.net,"51903 Beth Parkways Elizabethchester, IL 22111",2023-06-07
40,Jose Mcguire,kristenlam@example.org,"52693 Carlson Square Apt. 251 South Gregory, KY 60162",2021-11-21
41,Maria Sanders,jacksonmario@example.org,USS Chavez FPO AE 14007,2020-05-27
42,George Sullivan,joneswilliam@example.org,"9282 Espinoza Cape Suite 981 Brandonville, TX 58719",2022-07-11
43,Jennifer Calhoun,scottmatthew@example.net,"96952 Darius Center Apt. 973 South Brooketon, VI 95173",2022-02-26
44,Jessica Mullins,zcarroll@example.com,"524 Brandon Club Rachelville, MO 99945",2022-09-26
45,Kimberly Jackson,pbarnes@example.net,"71233 Kathy Wall Apt. 008 Hamiltonmouth, FL 85724",2022-11-01
46,Kimberly Richard,nhill@example.com,"259 Michael Mountain Thomasfort, WI 57909",2022-02-17
47,Rachel White,srangel@example.org,"14007 Belinda Parkway Apt. 131 West Thomaston, ME 44279",2020-11-01
48,Laura Gray,collin06@example.net,USNV Davis FPO AP 11505,2022-09-16
49,John Doyle,jose58@example.com,"258 Schneider Wall Suite 794 West Feliciashire, ND 58176",2023-08-27
50,Ronald Diaz,jared50@example.net,"835 Hayes Forges Apt. 236 East Kelsey, GA 30818",2022-09-01
51,Lori White,kellysantiago@example.net,"408 Zachary Corners East Amanda, AR 00583",2021-09-30
52,Molly Nelson,enash@example.com,"409 Hoffman Club Suite 806 North Timothyberg, AR 55590",2020-01-02
53,Jonathan Donovan,thompsondeborah@example.com,"993 Colon Ridges Websterborough, CT 20625",2023-06-28
54,Pamela Nelson,batesjames@example.com,"619 Erica Centers Jeffreyview, ND 35419",2021-11-24
55,Katherine Washington,hillmonica@example.org,"54919 Crawford Shores Robertschester, MI 14810",2022-08-07
56,Corey Ellis,aaronturner@example.com,"5117 Williams Spring New Julianfort, AL 55094",2024-07-03
57,Gina Jensen,andreaparker@example.net,"7051 Savannah Loop Caitlintown, ME 68924",2023-11-29
58,Michele Chan,gilmorestephanie@example.com,USCGC French FPO AE 09755,2024-07-09
59,Kristy Manning,rodriguezconnie@example.net,"07379 Jacob Prairie Allenhaven, OH 49448",2022-11-10
60,Sheryl Chambers,higginskenneth@example.com,"828 Regina Crossroad Apt. 066 Port William, KY 90329",2022-08-30
61,Robin Ross,maria54@example.net,"9589 Charles Fort East Melody, NH 28699",2020-06-17
62,Samuel Meyer,dnelson@example.org,"25883 Diane Crossing Apt. 841 Kaylafurt, ND 17556",2021-05-13
63,Diana Wallace,laurahanson@example.net,"23574 Perry Greens New Heather, KY 57530",2022-05-22
64,Stacy Gaines,keithronald@example.com,"6811 Luis Crossroad New Misty, VA 04358",2022-12-01
65,Sandra Randall DVM,deanrachel@example.net,USNS White FPO AP 95772,2024-04-13
66,Sylvia Harris,hunter07@example.com,"175 Anthony Courts Patriciaville, MT 32736",2021-01-11
67,Pamela Patterson,erikcooper@example.com,"6141 Paul Dam Markmouth, VA 47108",2020-02-06
68,Steven Mcbride,brittanymills@example.net,"94632 David Centers Suite 763 Allenmouth, NH 06212",2021-02-15
69,Douglas Mendez,shelbyjenkins@example.net,"646 Luis Burg Apt. 767 New Mercedes, AZ 38230",2021-10-12
70,Theresa Sanchez,nriley@example.net,"70550 Casey Plaza Suite 038 Wilsonchester, MH 57697",2020-04-18
71,Rebecca Mueller,fsmith@example.org,"757 Petty Mountains North Donald, WI 92545",2020-11-28
72,Lauren Curtis,rthompson@example.org,"008 Smith Squares North Ashleyfurt, DC 18045",2024-02-27
73,Adam Hoffman,henry09@example.net,"06434 Jean Junction Lake Natalieport, NY 29795",2020-03-14
74,Amber Coleman,francisjacob@example.com,"7233 Miles Common Suite 582 Riosfurt, ID 15405",2021-04-24
75,Rachel Bond,rebeccadoyle@example.net,"6428 Nolan Vista South Elizabethview, GA 95902",2022-10-02
76,Thomas Lowery,derek08@example.org,"47302 Williams Rapid Apt. 601 Lake Candiceshire, CA 71381",2020-04-15
77,Elizabeth Taylor,omorrison@example.net,"17970 Parsons Extension Apt. 151 Courtneyhaven, WY 95923",2021-07-20
78,Caroline Gay,georgechristine@example.org,"6667 Alicia Unions Apt. 964 South Jaclyn, WI 72264",2024-06-28
79,Ashley Davis,wilsontiffany@example.net,Unit 2785 Box 8571 DPO AE 60022,2020-10-31
80,Victoria Rodriguez,brandywilkerson@example.org,"38125 Katelyn Port Apt. 141 East Tonyside, KS 43578",2021-06-11
81,Kathleen Vasquez,zwilson@example.com,USS White FPO AE 40812,2022-05-06
82,Nicholas Smith,travisrobert@example.org,"990 Tammy Rapid East Shane, PR 96968",2023-08-03
83,Amanda Guzman,robertirwin@example.com,"181 Heidi Park New Scott, MP 02151",2023-01-23
84,Paige Johnson,allen69@example.com,"3522 Lisa Flats Suite 750 Lake Katherine, MH 16055",2022-09-06
85,Jacob Schultz,cristina89@example.org,"480 Payne Street Annemouth, OR 19996",2024-04-13
86,Oscar Richards,josebrewer@example.com,"51565 Alexander Canyon Apt. 368 Ryanhaven, SD 03551",2023-07-22
87,Kenneth Collins,donna38@example.org,"950 Avery Mount New Rachelville, MO 91439",2021-06-24
88,Lisa Bailey,baileyangela@example.com,"30654 James Estate Brandonmouth, MT 47292",2023-02-11
89,Heather Hansen,kellycochran@example.org,"193 Porter Hills Michaelport, DC 36832",2021-01-28
90,Jim Peterson,jpena@example.org,"PSC 5023, Box 7115 APO AP 07991",2024-06-24
91,Timothy Fernandez,michael66@example.com,"489 Glenda Skyway Danielsside, CO 85272",2023-04-03
92,Kaitlyn Martinez,mercadobrian@example.org,"074 Angela Ridge East Marvin, AR 10617",2023-08-31
93,Timothy White,tmorales@example.org,"596 Turner Club North Anthony, MS 01403",2021-04-17
94,Sara Cooper,vholmes@example.net,"84806 Reyes Pass Suite 628 Melaniemouth, KY 01167",2021-02-22
95,Amy Brown,donnathompson@example.com,USNV Brown FPO AP 66311,2024-05-28
96,Julian Archer,michael83@example.org,"429 Darrell Heights Apt. 439 Maldonadochester, DE 98925",2022-04-04
97,James Bruce,woodjohn@example.com,"07076 Tyler Inlet Port Markview, LA 84712",2020-09-28
98,Scott Sanchez,kellerkevin@example.org,"0176 Martin Fall South Darren, NJ 90085",2024-05-05
99,Marcus Smith,andrea92@example.com,"989 Jose Rapid Lake Aimee, ND 81715",2022-04-01
100,Diana Miller,alicia64@example.net,"79430 Deborah Flats Apt. 756 Timothytown, DE 07886",2024-03-16
101,Melanie Thompson,michelle12@example.net,"14156 Thomas Shores Apt. 627 Griffinland, OK 80672",2021-12-24
102,Samantha Foster,omarhumphrey@example.org,"2406 Lewis Brooks Lake Hannahbury, NY 67709",2024-01-19
103,David Walsh,david19@example.org,"5027 Gates Alley Apt. 212 Kirbybury, FL 99837",2021-07-05
104,Robert Jones,pittswilliam@example.net,"715 Davidson Greens Suite 349 West Matthew, TX 45316",2021-09-08
105,Michael Miller,danielfuller@example.org,"5011 Myers Pass Apt. 763 South Christopher, AZ 89901",2023-01-26
106,Barbara Barr,josephbrown@example.com,"PSC 0117, Box 0216 APO AE 18642",2021-10-03
107,Nathan Smith,brettbrown@example.net,"08625 Joseph Branch Suite 446 East Jasonfort, MN 14760",2020-05-28
108,Thomas Cruz,jamescarrie@example.net,"809 Gregory Courts East Tara, NV 65016",2024-01-12
109,Melissa Ibarra,johnstark@example.com,"0792 William Alley Suite 814 Port Shannon, VI 75179",2024-07-10
110,Ms. Kimberly Shields,melissa72@example.net,"933 Washington Drive Suite 490 East Alexander, VA 99629",2023-04-16
111,Chelsea Thompson,daniellevine@example.com,"3587 Aaron Union Apt. 118 Smithmouth, KS 61666",2023-11-07
112,Nancy Flores,simonlawrence@example.com,"5090 Patel Bypass Suite 694 Kimberlytown, KS 43683",2021-09-04
113,William Burton,nbailey@example.org,"648 Robert Port Apt. 253 Fredport, NC 46582",2020-01-07
114,Brett Mason,lwood@example.org,"8784 Becker Plains Apt. 551 South Hannahburgh, ND 38337",2022-02-03
115,Christopher Krueger,noahchavez@example.org,"9775 Lee River Sloanshire, NY 79809",2022-09-04
116,Margaret Brown,nowens@example.com,"30200 Maria Brook Chambersshire, HI 42612",2023-09-15
117,Christopher Snyder,eschneider@example.net,"058 Sandra Pine Suite 991 Morganburgh, DC 31339",2023-05-11
118,Lynn Quinn,ubarnes@example.net,"769 Jason Crest Suite 807 North Brianhaven, VT 52189",2021-09-10
119,Christopher Carson,istein@example.com,"50545 Shaw Stream Haaschester, NM 70698",2024-07-28
120,Mary Scott,tinahouston@example.net,"9443 Jones Crest Apt. 759 Lucasmouth, MI 43579",2024-08-17
121,Natalie Martinez,gfrank@example.net,"087 Caldwell Oval Suite 382 East Adam, SC 92942",2021-11-05
122,Chad Williams,wendymoreno@example.com,"95417 Atkins Port Connershire, AK 42347",2022-03-29
123,Judith Mcneil,ocruz@example.net,"382 Jennifer Tunnel Suite 890 Garciaberg, WV 24414",2021-10-15
124,Jeremy Perez,alexis51@example.org,USNS Brennan FPO AP 40511,2024-04-28
125,Dr. Brian Hooper,morsebenjamin@example.org,"297 Carpenter Forges New Sandraberg, NV 38045",2022-10-02
126,Kathy Nichols,rrobinson@example.org,"0646 Victoria Inlet Garyberg, MA 04245",2021-01-14
127,Carrie Simmons,williamsbarbara@example.com,"61078 Colleen Port Jenkinsport, FM 23417",2021-02-18
128,Cory Williams,katiemclaughlin@example.net,"693 Sara Forges Suite 312 East Emilyton, DE 88168",2022-05-12
129,Lauren Williams,lbarnett@example.com,"315 Mary Land North Belinda, NY 04167",2022-07-26
130,Gregory Fields,dakota67@example.net,"8600 Palmer Station Sanfordland, IN 62521",2024-08-29
131,Holly Roberts,patrickkaren@example.org,"31058 Justin Cape Lopezland, MT 80432",2023-08-14
132,Shawn Bond,progers@example.org,"79344 Gerald Club Patrickland, NC 94848",2023-09-30
133,Dr. Jessica Smith MD,princejames@example.com,"640 John Plains Apt. 335 New Richardside, VI 78056",2024-05-18
134,Amanda French,amy32@example.net,"38640 Thomas Freeway Ericmouth, AR 42950",2024-01-07
135,Gina Petty,moyerhannah@example.net,"PSC 1462, Box 5107 APO AP 96733",2020-07-31
136,Russell Brown,hollandtracy@example.net,"4752 Martinez Dale Suite 520 Blackburnshire, MA 40495",2021-05-30
137,Sherry Calderon,dustin37@example.org,"33726 Shepard Village Lake Joshuaton, NJ 61844",2023-03-20
138,Mrs. Michelle Ward,jamiecarpenter@example.com,"75246 Nathan Highway Apt. 972 Susanbury, NM 25417",2021-03-28
139,Dennis Goodwin,connorcastillo@example.net,"7345 Lisa View Apt. 114 West Alexandratown, SD 90021",2021-06-10
140,Emily Gonzalez,josephrodriguez@example.org,"517 Shawn Rue Alexisside, PW 69526",2020-01-08
141,Tyler Zuniga,mckenzie29@example.net,"49413 Jacob Park North Jonathanborough, NC 38843",2021-09-19
142,Bridget Dixon,dcallahan@example.org,"39748 Thomas Forest Bryanstad, CT 46504",2024-02-17
143,Christopher Stevens,debrasantiago@example.org,Unit 1005 Box 4395 DPO AA 02358,2023-08-28
144,Jane Davis,lynchbrittney@example.org,"896 Dennis Valley Andremouth, MI 41208",2021-01-02
145,Heather Vargas,travis47@example.org,"233 Julie Prairie Apt. 964 New Angelamouth, MP 60552",2020-05-25
146,Jane Ryan,victoria68@example.com,"2727 Chelsea Hills West Danielview, CT 84621",2024-09-17
147,Richard Rodriguez,daltonalexis@example.org,"4943 Hudson Expressway South Susanberg, ND 57910",2023-10-21
148,Brittany Higgins,sherikelley@example.org,"3887 Bass Valleys Christopherland, KY 70192",2023-02-04
149,Diamond Miller,stephen02@example.com,"466 Strickland Islands Suite 929 Leahberg, OH 30559",2023-04-02
150,Patrick Chaney,jmiller@example.net,"8762 Shaw Roads Mercadoton, FM 66410",2022-12-29
151,Mark Miller,williamroberson@example.net,"941 Sanford Village Matthewberg, MA 96783",2022-09-22
152,Jacob Vargas,sharpanthony@example.org,"54253 Payne Mews South Jimmyshire, MS 76643",2020-12-18
153,Mary Hart,nwilliams@example.org,"65984 Susan Valleys New Janicetown, CT 98425",2023-06-22
154,Robert Carson,ureynolds@example.net,"6171 Pollard Squares Johnsonberg, IN 40422",2021-07-17
155,April Clark,ngonzalez@example.net,"244 Lauren Drives Suite 772 South Heather, MS 53963",2024-06-15
156,Connie Brown,christinetyler@example.com,"98134 Osborne Ways West Jacquelinebury, IL 25473",2022-07-26
157,Brian Marquez,thomascolleen@example.net,"688 Russell Cape Apt. 807 North Lindsay, MP 84525",2023-11-11
158,Carlos Lopez,justin88@example.org,"03070 Santos Prairie Dillonview, AZ 13976",2023-09-26
159,Harold Murphy,luis71@example.net,"540 Melissa Pine Apt. 472 West Marcusside, MN 36576",2021-02-14
160,Paul Wilson,richard57@example.com,"6422 Derek Mountain Stacyside, LA 17158",2023-04-15
161,Tina Palmer,gregory75@example.net,"313 Curtis Circle Apt. 647 Blanchardmouth, NJ 74760",2023-06-26
162,David Perkins,danielcox@example.com,"7936 Adams Roads Apt. 592 North April, CT 52335",2023-01-14
163,Megan Howard,allison30@example.org,"96478 Martin Pines Suite 955 Cruzborough, LA 89396",2022-03-05
164,Michael Gibson,ppetty@example.com,"8953 Phillip Drive South Shanebury, FL 59436",2020-05-04
165,Savannah Sanford,dgarcia@example.net,"199 Wanda Passage Morganstad, HI 40637",2020-12-10
166,Ryan Rubio,chad28@example.org,"61451 Gerald Spring Suite 897 East Thomas, HI 58825",2023-02-06
167,Kayla Dixon,cranecathy@example.org,"PSC 7532, Box 3921 APO AA 57976",2021-12-20
168,Natalie Hernandez,james90@example.net,"116 James Circles Apt. 034 Dorishaven, MN 51017",2021-01-08
169,Scott Wise,andres23@example.net,"22978 Brian Common Suite 330 Josephstad, AS 52183",2023-05-27
170,Tracy Ruiz,fernandoholmes@example.net,"23937 Taylor Common Apt. 983 West Josephmouth, RI 32968",2021-10-16
171,Cheryl Smith,annabarton@example.org,"452 Pacheco Plaza Apt. 579 Marcusside, NM 03572",2022-06-25
172,Rachel Martinez,daniel41@example.net,"84070 Daniel Landing Coxview, VI 42397",2021-08-18
173,Robert Stuart,carlajackson@example.org,USNV Mullen FPO AE 88051,2020-09-03
174,Ryan Guerrero,gwashington@example.com,"3928 Maria Plaza Apt. 868 Lake Patrickstad, MN 77286",2024-02-01
175,Veronica Wilson,cgonzales@example.org,"513 Joseph Fort Apt. 755 Lake Leonardton, CT 31886",2022-11-15
176,Tammy Key,jdaniels@example.net,"141 Chen Court Apt. 289 Shanestad, ID 96235",2020-05-13
177,Jackie Rivas,johnsims@example.org,"694 Gould Falls Suite 409 Garzafurt, PR 02703",2020-02-19
178,Brianna Garcia,sonia63@example.com,"54132 Gamble Road Millerborough, NV 87055",2022-11-18
179,Jordan Pineda,kenneth91@example.com,"24695 Whitaker Corner Apt. 994 North Elizabeth, AL 76875",2023-03-31
180,Patrick Roman,yesenia88@example.net,"67455 Jill Locks East Aaronside, SD 80587",2021-02-09
181,Scott James,hamiltonchristian@example.com,"57654 Christine Roads Suite 280 Patrickhaven, AS 91254",2020-10-09
182,Robert Morales,karenray@example.com,"3897 Walter Lakes Suite 140 New Kaylaberg, GU 51480",2022-04-28
183,Ashley Alvarado,lcampbell@example.org,"900 Eric Points Suite 490 Mccoyside, ND 12374",2021-10-25
184,Katie Daniels,ftaylor@example.org,USCGC Pope FPO AP 96550,2022-11-27
185,Michael Martinez MD,ztucker@example.net,"23393 Angela Ville Suite 654 Thompsonport, NV 53806",2020-06-11
186,Mark Smith,vincentjuarez@example.com,"718 Sullivan Curve Apt. 388 North Michael, WA 09438",2024-03-16
187,Victoria Jackson,vwalker@example.org,USNV Reyes FPO AA 38934,2021-09-30
188,Joseph Martin,andre71@example.org,"20865 Maldonado Court Suite 940 North Michellemouth, LA 51368",2021-05-23
189,Meghan Camacho,catherinehernandez@example.org,"46887 Fisher Track Jonesshire, ME 45860",2022-09-27
190,Maria Ramirez,reedjoseph@example.org,"39140 Norma Field Michaelfort, CA 16866",2024-01-30
191,Andre Williams,brian61@example.com,"572 Foster Roads New Benjamin, DE 89812",2021-07-02
192,Michael Irwin,walkermatthew@example.org,"031 Caleb Mills Apt. 335 East Frank, CA 63256",2021-06-17
193,Ashley Hawkins,colleen57@example.com,"317 Joseph Plain Apt. 594 Port Mariaview, MD 59248",2021-03-09
194,Lee Tucker,olamb@example.org,"1839 Matthew Camp West Lori, NY 68982",2020-04-27
195,Rhonda Perez,xmathews@example.net,"595 Cooper Causeway Apt. 932 Phyllisside, CO 20042",2023-09-22
196,Juan Kim,uperry@example.org,"5772 Antonio Mountain Suite 826 East Josephfurt, CO 19466",2022-08-08
197,Austin Hall,anthonyrodriguez@example.org,"69880 Jacob Cliff Suite 851 Meaganville, GU 82168",2020-11-15
198,Jennifer Hurst,bortiz@example.net,"30612 Beth Lake Apt. 831 Garciaberg, NC 28194",2023-09-24
199,Daniel Price,ehurst@example.net,"38060 Brown Rapids Apt. 080 Port Michelle, VI 31760",2022-11-22
200,Alejandro Campbell,tracy43@example.net,"8936 Daniel Forge East Diana, ND 57178",2022-05-14
201,Christopher Decker,krose@example.com,"89363 Lee Rest Apt. 367 South Melissa, MN 15802",2022-08-17
202,Joseph Mullins,howematthew@example.net,"1958 Lawrence Village Apt. 209 Faulknerville, KS 23241",2022-03-06
203,Mr. Andrew Hendrix,porterdaniel@example.org,"312 Hicks Road Nuneztown, CO 52085",2022-08-07
204,David Smith,wilkinskaren@example.net,"957 Nicole Stravenue Suite 174 Ginaside, NJ 88710",2024-05-23
205,Derrick Rowe,johnstewart@example.com,"68903 Hammond Pike Apt. 669 Strongside, CA 78798",2023-09-07
206,William King,samuel42@example.org,USNS Stevens FPO AE 28839,2021-05-28
207,Erin Savage,yramos@example.net,"29457 Justin Course Apt. 643 Herreramouth, OK 18299",2021-06-23
208,Randall Rodriguez,pbartlett@example.com,"89058 Lauren Tunnel New Xavierbury, KY 02762",2020-03-30
209,James Cox,tvazquez@example.net,"041 Sergio Squares North Rebeccaview, CO 25687",2022-06-28
210,Elizabeth Andrews,usmith@example.net,"PSC 6167, Box 6001 APO AP 98144",2023-10-19
211,Matthew Arroyo,drussell@example.org,"246 Anna Camp South Andrew, NV 69863",2022-03-23
212,Debbie Brown,brandon69@example.com,"82600 Dustin Trace Lake Josephfort, ND 53555",2021-04-22
213,Angel Frazier,kevinbenton@example.org,"9101 Thomas Shoals Evansland, PR 46696",2024-01-30
214,Eugene Spencer,kingsamuel@example.org,"2974 Zachary Run Suite 086 East Markport, OK 58318",2022-11-27
215,Sonya Lowe,cevans@example.com,"49386 Rogers Circle Apt. 923 Port Blakeberg, WV 47792",2022-08-11
216,Nicholas Campbell,gloverdustin@example.org,"556 Hunter Pines Suite 845 Lake Kathleenburgh, GA 28511",2022-05-06
217,Rodney Thompson,jlong@example.com,"4840 Keith Ranch Stephanietown, NM 30135",2021-05-14
218,Lisa Abbott,rebeccascott@example.net,"9720 Lucas Groves Langmouth, VI 18121",2023-01-02
219,Robert Best,carlydiaz@example.com,"13158 Darrell Centers Spearsmouth, IN 84772",2020-12-22
220,Justin Dean,rbryant@example.com,"25796 Tina Loaf Chelseastad, UT 37036",2021-10-06
221,Lisa Harris,ulewis@example.net,"556 Miller Fort Apt. 757 Andreastad, WY 22384",2022-05-10
222,Rebecca Anderson,susan19@example.com,"9456 Baird Parkway Millerberg, AK 81028",2022-03-31
223,Alexander Lamb,mary74@example.net,USS Robinson FPO AP 74899,2024-09-09
224,Kathleen Bennett,larry23@example.net,"19899 Joshua Path Suite 927 Stephanieside, VA 99363",2021-03-09
225,Stephen Bowman,cookbrandy@example.net,"4102 Lisa Lights Suite 227 Christinetown, AR 90090",2023-11-01
226,Peter Jimenez,kturner@example.org,Unit 8656 Box 2111 DPO AE 45251,2021-10-15
227,Frank Bell,jeremyramos@example.com,"9984 Wheeler Tunnel Port Kara, MN 08895",2021-03-16
228,Kelly Mccormick,otaylor@example.org,"599 Jodi Bridge Travisbury, UT 40966",2023-08-25
229,Victoria Mclaughlin,mallory00@example.org,"17336 Snyder Fields Bartlettton, HI 76599",2023-02-27
230,William Deleon,sabrina69@example.org,"626 Wright Lake Apt. 576 South Allison, NJ 06727",2022-03-18
231,Elijah Gonzalez,marydavid@example.org,"8461 Andrews Cape Suite 559 East Andrew, SC 75516",2021-05-18
232,Angela Miller,emilymarshall@example.org,"992 Richard Mill Apt. 051 Virginiashire, PR 17179",2022-04-07
233,Rachel Erickson,steve29@example.org,"1035 Hernandez Branch Suite 344 South Jeffrey, CT 15370",2021-11-26
234,Kayla Swanson,ualvarez@example.net,"47833 Bryan Burgs Suite 369 South David, HI 03490",2022-06-07
235,Jody Kelly,juarezmorgan@example.org,"2589 Morris Ford Apt. 760 Donaldfurt, CT 21894",2021-07-14
236,Aaron Valencia,mparsons@example.com,"743 Scott Overpass East Robert, WI 55845",2021-07-31
237,Michael Turner,kenttammy@example.com,"774 Amy Meadows Suite 004 Lake Timothy, PW 71915",2020-01-09
238,Jonathan Gordon,patricia13@example.net,"382 Isaac Passage West Christineville, VI 16512",2022-10-14
239,Jillian Elliott,matthewday@example.net,"9389 Reyes Hollow New Bethborough, MP 33362",2021-07-02
240,Mark Mcclain,zcooley@example.com,"53645 Knight Hills Suite 872 Lake Ashley, MS 90480",2022-10-27
241,William Montoya,amanda46@example.org,"680 Mark Trace North Georgeton, KY 46305",2024-03-01
242,Alex Delgado,wdixon@example.net,"9383 Ballard Drive Suite 917 New Paulbury, MN 81437",2023-11-03
243,Christina Horton,smithbrianna@example.org,"29592 Clark Center East Seth, PR 54712",2024-07-31
244,Judy Cummings,nicholas41@example.com,"2887 Gabrielle Tunnel Apt. 076 Lake Jessica, IA 49449",2021-05-09
245,Adam Johnson,forbeskelly@example.com,"705 Goodwin Squares Apt. 817 Lake Bryanberg, WA 72100",2023-04-02
246,Paul Barker,kyle21@example.org,"32833 Jacob Tunnel Apt. 512 Maciasburgh, AS 01530",2020-05-09
247,Deanna Wilson,sandragordon@example.org,"06198 Lauren Valley South Marybury, WA 45683",2022-04-17
248,Becky Reed,williamsmadison@example.org,"5556 Daniel Road Davisfurt, HI 24932",2024-04-10
249,Jennifer Rodriguez,lauren86@example.org,"559 Christine Haven Valdezport, OK 82065",2023-08-28
250,Melissa Lee,maryhunter@example.net,"2505 Fisher Trafficway Suite 001 East Jose, AR 59304",2022-12-17
251,Bradley Barker,bowmanlinda@example.org,"17109 Meghan Circles Zacharyton, FL 94511",2022-01-07
252,Marc Snyder,victorwilliams@example.net,"37355 Scott Square Apt. 983 Jacobbury, VI 47471",2020-06-01
253,Jill Brown,crystal42@example.com,"PSC 5483, Box 6563 APO AP 70846",2021-02-01
254,Dennis Winters,brian85@example.net,"8871 Tonya Loop Suite 312 West Meganland, AK 27472",2024-01-25
255,Dominique Williams,tnelson@example.com,"659 Donald Lights Apt. 523 Baileychester, NY 42112",2023-12-20
256,Dylan Palmer,christina57@example.com,"257 Mary Mission Suite 735 Karenhaven, FL 18158",2020-08-03
257,Mrs. Desiree Graham,christina73@example.net,"8179 Martinez Forest Boydstad, NM 87222",2022-05-15
258,Patrick Benson,lauramiller@example.net,USNV Miller FPO AE 85366,2020-05-31
259,Carrie Jones,nicholaswalton@example.com,"1215 Craig Parkway Suite 923 New Kerriborough, NY 52395",2024-06-20
260,Amy Martin,rachelmaynard@example.net,"854 Kimberly Lane Alexandraton, CA 86602",2022-03-02
261,Veronica Christensen,idavis@example.org,"47431 Mary Lakes Suite 336 New Alexanderchester, NH 66301",2020-09-23
262,Crystal Hall,jesse84@example.org,"6754 Alicia Estates North Samuelstad, CA 10767",2024-05-18
263,Ms. Gail Moore,kelly20@example.org,"685 Schroeder Parkways Suite 618 Davenporthaven, ND 74914",2022-05-09
264,John Miller,williamseric@example.com,"1098 Roger Mountain West Zachary, MP 29362",2023-10-05
265,Tammy Ward,allenpeter@example.com,"24550 Stephenson Pines Apt. 807 Mindyside, KS 91158",2020-01-24
266,Devin Higgins,wendy02@example.com,"99432 Bishop Shore Bryanmouth, OR 06145",2021-09-03
267,Rebecca Wood,zhall@example.com,"39175 Thomas Mews Robertport, OH 02265",2020-12-29
268,Martin Townsend,hwolf@example.org,"532 Pugh Squares Suite 209 Andrewport, FL 02168",2020-11-01
269,Christopher Holland,sarah43@example.com,"8917 Scott Ports Lake Jamesfurt, MD 59688",2020-02-22
270,Gina Barnes,watersjacob@example.net,"89759 Chad Port Suite 728 Port Debratown, NE 94320",2023-01-29
271,Ricky Vargas,william19@example.org,"0192 Megan Alley West Kimberly, TN 83138",2020-06-21
272,Mary Taylor,morrishannah@example.net,"09025 Emily Passage Apt. 835 Lake Pamela, AS 91168",2023-05-18
273,Kim Barnett,brendahudson@example.net,"3859 Rodriguez Gardens Apt. 113 Port Timothy, PR 50359",2023-01-25
274,Tammy King,sgood@example.org,"047 Morris View Santiagomouth, MD 01128",2020-07-25
275,Katherine Cole,amy21@example.net,"8055 Jennifer Mall Suite 073 West Mark, MP 93445",2023-07-29
276,Jesse French,patriciamcneil@example.com,"65918 Melissa Manors Courtneyport, MP 60799",2022-09-12
277,Evan Munoz,pmiller@example.net,"6131 Donna Tunnel Hoffmanchester, AL 61671",2024-07-29
278,Kiara Martin,jacksonemily@example.com,"532 Rosales Drives Medinaburgh, TX 14837",2022-03-20
279,Kyle Barber,mary92@example.com,"PSC 6706, Box 5528 APO AP 52074",2020-03-13
280,Vanessa Bates,wsullivan@example.com,"84515 Alec Land Apt. 644 South Loriland, IA 39533",2021-10-13
281,April Smith,gomezmatthew@example.org,"343 Timothy Course Suite 015 Nancyside, NE 16487",2022-07-28
282,Robert Escobar,akelly@example.net,"52561 Brooks Club Suite 099 West Jefferyhaven, KY 00797",2021-05-10
283,Scott Coleman,patrick79@example.com,"25003 Matthew Place New Samuel, FM 40342",2020-05-20
284,John Hunter,collinsallen@example.org,Unit 1784 Box 7507 DPO AA 08004,2021-12-27
285,Mr. Shane Williamson,jacksonjennifer@example.net,"156 Evans Gateway Apt. 036 South Amber, IA 87014",2022-11-04
286,Paul Padilla,yoderalicia@example.net,"8368 Bell Junction Apt. 541 East Amyburgh, WI 81970",2024-08-19
287,Matthew Rodriguez,rhunt@example.com,"755 Ashley Ridge Port Brian, MP 34737",2023-02-03
288,Brooke Bird,bmiller@example.net,"49210 Tina Fork Victoriaville, IN 17307",2022-04-10
289,Christina Perry,sabrina87@example.net,"3271 Sanchez Ridges Lake Kaylastad, NC 50218",2024-01-26
290,Patricia Foster,patrickrodriguez@example.org,"9510 Ponce Springs Apt. 272 Stokeschester, DE 13218",2021-01-27
291,Tyler Smith,brandonhall@example.com,"77669 Sharon Lights North Colleen, ME 52668",2021-11-17
292,Stephanie Moreno,deckerkimberly@example.com,"101 Jessica Springs Barberview, NJ 14552",2021-03-12
293,Kenneth Nash DVM,sheila22@example.net,"231 Brown Fork Apt. 122 New Lindafort, DE 90432",2022-11-09
294,Krista Bass,hallpeter@example.net,"946 Martin Pines Millerland, OR 87244",2020-01-11
295,Tyler Sanders,davidgould@example.net,USNV Garcia FPO AA 71808,2024-02-14
296,Jamie Rojas,kimberlykeller@example.net,"10711 Lawrence Village Suite 732 South Jeff, IN 70819",2023-03-03
297,Teresa White,briannalarson@example.com,"59281 Rhodes Fort Suite 255 West Janetmouth, ID 53589",2020-09-23
298,Sara Wright DVM,sanchezmargaret@example.org,"96459 Kimberly Shoal East Eric, NH 56495",2024-03-15
299,Maureen Noble,brownjesse@example.net,"02741 Mercado Cove Apt. 318 Kimberlyton, NY 43115",2024-06-17
300,Courtney Chambers,wrightsusan@example.com,"58441 Ronald Islands Mendozamouth, MH 38739",2020-07-03
301,Chloe Sanchez,stephen55@example.com,"5957 Taylor Villages Apt. 215 Simonfort, MT 12752",2021-07-16
302,Christopher Murillo,anthony22@example.org,"2018 Park Ridges Lisafort, GU 37928",2022-05-07
303,Anthony Morgan,vazquezpaul@example.org,"39409 Gerald Overpass Suite 525 Lake Melissashire, MS 92602",2021-07-06
304,Mary Wilson,zrivera@example.net,"3186 Cook Well South Rachel, NV 42618",2020-10-15
305,Judy Stone,cameron69@example.com,"178 Keith Streets Suite 382 West Stephanie, IN 15813",2022-02-28
306,Andrew Lee,dflores@example.com,"07867 Martinez Gateway Cookport, NC 08040",2022-08-16
307,Thomas Gray,michael41@example.com,"2844 Kimberly Skyway Suite 408 West Michaelside, NV 30420",2020-01-22
308,Glenn Zamora,matthew90@example.org,"223 Aguilar Underpass North Kimberly, NE 28830",2023-01-02
309,Pamela Drake,melissa45@example.net,"441 Annette Trace South Michael, WY 27759",2023-01-16
310,Nicole Powers,bryan16@example.com,"562 Jennifer Ferry New Kevinview, WI 67294",2024-02-11
311,Emily James,richardbarnes@example.net,"077 Johnathan Shores Apt. 027 Michaelville, AS 54195",2021-06-21
312,Linda Pierce,gallowayelizabeth@example.net,"9024 Franklin Ridges Suite 741 Jamesview, NC 69394",2024-06-04
313,David Wood,qanderson@example.net,"5396 Moon Villages Samueltown, SC 96101",2020-09-25
314,Allison Crawford,leahmcdonald@example.net,"70562 Richardson Freeway Port Chelsealand, NJ 10137",2021-09-22
315,Eric Short,ngraham@example.com,"7146 Caroline Square Suite 322 New Elainestad, AL 93132",2021-02-03
316,Carol Rodriguez,tamara84@example.net,"44209 Goodwin Fields Suite 797 Sherryside, KY 89988",2022-01-17
317,William Shaw,joshuamiller@example.org,"419 Hoffman Vista East Cynthiafort, UT 08361",2023-06-22
318,Donna Williams,tammyrobinson@example.org,"3925 William Ridges Suite 831 Turnerport, OH 72530",2024-01-02
319,Stephanie Guerrero,fjennings@example.com,"4611 Melanie Center North Courtney, VA 90352",2020-11-10
320,Jesus Martinez,oliviaallen@example.org,"3054 James Isle Suite 772 Johnsonmouth, FL 60988",2022-09-23
321,Michael Marsh,ryan02@example.net,"0766 Anthony Fields Suite 080 Lake Michaelville, SD 05259",2021-01-19
322,Mr. Leonard Parker,sandra36@example.org,"2657 Stone Springs South Ashleyland, DE 42477",2023-09-17
323,Daniel Burns,bryanmurray@example.com,"7760 Wright Path Suite 642 South Shelby, RI 67889",2024-08-18
324,Elizabeth Chen,hjenkins@example.net,"145 Paul Camp Suite 897 Kyleview, AL 85833",2020-12-16
325,Michael Allison,briley@example.org,"PSC 0745, Box 3354 APO AE 21538",2020-03-01
326,Mario Boyd,jamiehuffman@example.org,"9529 Coleman Spurs Christopherfort, AK 87869",2023-10-11
327,Amanda Smith,gilmoremichael@example.net,USS Rollins FPO AE 59588,2021-05-29
328,Madison Brown,ryan23@example.org,"18281 Jerry Spurs Apt. 812 Rachelshire, SD 65575",2022-01-08
329,Wendy Gordon,jamie42@example.com,"91370 Kaitlyn Vista Port Kariberg, AZ 45694",2022-02-22
330,James Norris,russellwilson@example.com,"5085 Hill Club Ericberg, NC 22152",2023-04-18
331,Marcus Woodward,christopher08@example.org,"808 Alisha Prairie Martinshire, RI 80509",2021-06-10
332,Michael Mcdonald,laurapratt@example.com,"283 Reed Freeway Suite 060 Arthurmouth, AL 96788",2021-07-17
333,Christopher Edwards,johnstrong@example.net,"46749 Joshua Via Suite 505 South Roberttown, CT 69802",2024-08-11
334,Michael Arroyo,lynchbrenda@example.org,"8032 Robinson Stravenue Clarkland, CO 32984",2023-05-20
335,Anna Compton,briannabarber@example.org,USNS Chapman FPO AA 91560,2024-07-25
336,Tanya Hall,taylorlove@example.com,"24600 Karen Extension Apt. 252 Davidfurt, HI 79621",2024-04-16
337,Linda Sexton,mward@example.net,"13948 Morales Knolls Port Aaronmouth, WI 28127",2022-02-27
338,Jeffrey Allen,vickieayers@example.org,"88885 Alexandra Expressway Woodmouth, DC 98393",2022-08-01
339,Joseph Morris,samuel94@example.org,"849 Christina Parkways Suite 901 Rosariofurt, OK 90030",2024-02-01
340,Brittany Hall,joshuacohen@example.net,"43999 Michael Falls Port James, UT 08682",2022-04-10
341,Sherry Burnett,rebeccamcfarland@example.net,"790 Kurt Knoll Kirbybury, PA 00826",2024-08-20
342,Anthony Osborne,mejiabrenda@example.org,"532 Arnold Manor Michaelville, IA 27620",2022-06-25
343,Jerry Guzman,josephjensen@example.org,"543 Johnson Ridge Apt. 293 Allenfort, VI 52683",2020-12-24
344,Blake Fields,rrodriguez@example.net,"50152 Brown Street Lake Joshuaton, RI 86945",2023-01-27
345,Kristina Silva,kimberlythomas@example.org,"17936 Coleman Island Amyburgh, SC 69023",2024-09-08
346,Mrs. Sally Ali,wkim@example.org,Unit 0207 Box 7336 DPO AP 16118,2023-09-25
347,Teresa James,fmartin@example.com,"19948 Matthew Shore Apt. 975 Ashleymouth, NC 85693",2023-09-10
348,Allen Matthews,lisahughes@example.com,"135 Collins Hollow Michaelborough, CT 69938",2023-03-08
349,Jamie Velasquez,qgordon@example.net,"2525 Todd Park Aaronview, WI 04042",2022-06-06
350,Ashley Norris,hmiller@example.org,"551 Christopher Trace Apt. 715 Terrifort, HI 65655",2023-01-27
351,David Thomas,andreahill@example.net,"9606 Christine Camp Apt. 473 New Chadtown, LA 69938",2020-06-24
352,Amy Walker,allisonmoore@example.net,"79864 Stephen Park Apt. 377 Charlesmouth, NH 33705",2022-06-03
353,Mary Torres DVM,wallaceeric@example.net,"4472 Garcia Route Scottmouth, NJ 35313",2022-10-16
354,Evan Cox,lewisdanielle@example.net,"528 Hubbard Mountains Apt. 801 Garciaberg, VI 64905",2022-06-21
355,Javier Garcia,butlerjonathan@example.net,"23166 Collins Island Evantown, WY 60897",2023-12-28
356,Anthony Meyers,jessicapowell@example.com,"99051 Antonio Fork Apt. 233 Haleyfort, TN 58912",2022-10-28
357,Daniel Vance,johnsonbrandy@example.org,"74757 Ryan Burg Apt. 042 Hendrixside, NE 83386",2022-10-30
358,Taylor Ross,kevin91@example.com,"7494 Pamela Fields Milesfort, VI 71011",2020-08-04
359,Christopher Johnson,martinanna@example.org,"29231 Terri Station Suite 604 New John, IA 53693",2024-01-05
360,Barbara Reynolds,fjohnson@example.org,"686 Perez Pass Suite 950 Port Thomas, DE 42680",2020-11-29
361,Molly Cooper,nparker@example.net,"356 Brittany Harbor West Christopher, OR 56709",2023-04-22
362,Danielle Martin,jeffrey49@example.com,"299 Larson Shores Suite 851 Willieshire, NM 11840",2020-11-16
363,William Morris,luke75@example.net,"4255 Linda Branch North Hannahstad, ND 14984",2021-10-27
364,Timothy Burgess,nduncan@example.org,"1257 Simon Harbors Suite 749 Lake Robert, MD 95838",2021-12-02
365,Justin Walter,pdavis@example.net,"63133 Dunn Shoal Suite 596 Robinsonhaven, SC 28373",2023-08-23
366,Laura Hale,mendozalaura@example.com,"208 Wayne Pass Apt. 625 Nielsenview, WI 55986",2022-07-29
367,Gina Davis,brittany56@example.com,"2943 Holland Square Suite 224 Nicholasshire, MO 56443",2023-05-06
368,Henry Bailey,sandra10@example.org,"1227 Berry Harbors Romeroborough, IN 64153",2023-04-18
369,James Lee MD,lovedanielle@example.org,"504 Jonathan Summit Suite 233 East David, NH 30755",2020-10-08
370,Carrie Barrera,cheryl13@example.org,"77856 Raymond Ramp Williamsborough, MI 60264",2020-01-30
371,Elizabeth Lynch,kennedysusan@example.org,"63750 Timothy Crest New Melody, KY 42171",2021-03-10
372,Donna Bell,youngmorgan@example.net,"6526 Adam Bridge Suite 588 Justinfort, OR 53664",2020-12-23
373,Tonya Guzman,blakewayne@example.org,USCGC Williams FPO AA 73711,2020-05-28
374,Vickie Dean,millslisa@example.com,"863 Maria Cove Suite 108 South Vincentbury, WV 63290",2021-02-28
375,Andrea Smith,tmorris@example.org,"464 Bailey Fords North Robinville, DC 31318",2022-09-13
376,Johnny Jones,lharrison@example.com,"039 Cox Key Apt. 124 Fordport, WV 33306",2024-03-20
377,Rachel Jones,ujensen@example.org,"437 Leblanc Oval Tylerborough, LA 82513",2024-06-25
378,Chelsea Hamilton,lnelson@example.org,"107 Jennifer Forge Apt. 837 North Angela, WY 56948",2021-09-16
379,Peter Gibson,christopherdelgado@example.org,"1571 Renee Heights Apt. 458 Hurstberg, NM 83401",2023-02-11
380,Brittney Hill,jenniferweber@example.com,USCGC Anderson FPO AP 73785,2020-08-10
381,Andrea Lawson,martinezkatie@example.org,"54136 Ronald Stream East Jaredbury, UT 62744",2022-03-20
382,Cole Parsons,seanhernandez@example.org,"464 Andrew Villages Apt. 680 Woodburgh, TN 23437",2024-09-04
383,Joshua Edwards,robert69@example.com,"6906 Rachel Burgs Apt. 148 Port Patricia, PW 12659",2022-10-13
384,Kevin Hart,raymond86@example.org,"53912 Webb Lakes Daisychester, RI 42035",2024-08-13
385,Jeffrey Frazier,perrydavid@example.com,"18225 Paul Squares Apt. 250 East Patrick, WV 90250",2021-07-25
386,Rebecca French,jdavis@example.org,"12607 Erica Union Hallchester, DE 76715",2021-02-26
387,Melissa Bryant,christopher66@example.net,"26314 Vaughn Squares Apt. 154 Lindsaystad, MT 83332",2020-11-04
388,Eric Smith,kmartin@example.net,"14947 Nelson Throughway Suite 856 Joshuafort, NE 60939",2024-04-13
389,Melissa Mccarthy,tranalexandria@example.org,"756 Kenneth Island Nicoleshire, NC 41572",2020-02-13
390,Stacy Carroll,felicia64@example.com,"5471 Smith Spurs West Howardville, LA 91204",2020-12-07
391,Heather Tran,stevengarcia@example.com,"972 Lindsey Crossing Lake Christopher, MD 71544",2023-01-12
392,Blake Clark,bennettdaniel@example.com,Unit 5613 Box 6664 DPO AA 69042,2024-09-19
393,Dustin Carrillo,gadams@example.org,"7941 Moon Ramp Suite 683 East Janefort, MN 79195",2024-10-09
394,Melissa Mckinney,anna78@example.net,"9378 Gutierrez Grove Suite 855 South Amandaville, NM 99470",2021-02-26
395,Michelle Sharp,kylearcher@example.net,"9293 Joseph Knoll Brianchester, MI 89200",2024-05-16
396,Daniel Wade,courtneygarcia@example.com,USS Wood FPO AP 03744,2021-01-09
397,Scott Perry,griffinbrian@example.org,"57828 Haney Knoll Apt. 817 Port Brandonstad, RI 25495",2020-03-06
398,Andrew Valencia,woodfrederick@example.org,"61250 Anthony Passage Webershire, PA 72995",2023-05-28
399,Stacey Morgan,lauracervantes@example.org,"72471 White Causeway Suite 463 New Kevinton, FM 01841",2023-01-12
400,Emily Rivera,richard06@example.net,"3328 Carl Rest Barnettfort, AZ 56113",2020-02-09
