id,name,email,address,date_joined
1,Jamie Thomas,rspencer@example.com,"83541 Carroll Lights North Sean, VI 66871",2022-07-31
2,Deborah Lee,rsmith@example.org,"8867 Smith Burgs Suite 368 Williamborough, MI 67145",2022-05-20
3,Charles Arnold,qchoi@example.com,"403 Henson Hills New Dianaville, PA 58290",2021-02-04
4,John Thompson,lauraorr@example.net,"7807 Andrew Knolls Suite 924 Greeneland, LA 69591",2024-04-18
5,James Mills,robert29@example.net,"353 Marshall Stream West Justin, MS 09211",2020-05-27
6,Martha Miller,conniemartin@example.net,Unit 6064 Box 7649 DPO AA 24648,2021-11-17
7,Sonya Harris,nicolesandoval@example.org,"948 Griffin Forge Port Lori, AS 77340",2023-06-28
8,Eric Terry,paul16@example.com,"544 Giles Keys Apt. 966 Barnesbury, IA 19808",2023-12-12
9,Dr. Brandon Murray,gloria32@example.org,"455 Baker Junction Suite 679 Port Stephanie, OK 46301",2024-09-11
10,Robert Johnson,ortegajeffrey@example.org,"5185 Travis Light Brittanyburgh, MT 86269",2024-04-29
11,William Robinson,xjohnson@example.com,"870 Fowler Ferry North Daniel, PR 59052",2022-12-21
12,Shannon Brown,kathleenwilson@example.net,"35277 Anderson Mountain Suite 840 Brandyburgh, UT 15210",2020-08-29
13,Dr. Heather Sellers,thompsonmichael@example.org,"41951 Castillo Fort Apt. 194 West Terrifort, CO 91408",2021-06-06
14,Sean Patterson,brownkelly@example.com,"4424 Andrade Extension Suite 363 North Craigland, SD 28531",2023-04-09
15,Kathy Smith,rgutierrez@example.com,"PSC 2889, Box 7285 APO AA 91732",2024-06-20
16,Jason Johnson,jillcooley@example.org,"93664 Sarah Ridges Matthewtown, MN 96209",2023-10-25
17,Shane King,michaelking@example.org,"250 Santos Views Brownhaven, PW 50467",2022-06-04
18,Carl Moreno,xking@example.com,"22671 Brittney Dale Apt. 061 Amandamouth, SC 71101",2021-02-22
19,Toni Baker,warephillip@example.net,"9610 Stephen Ridge Lake Marvin, GU 65606",2020-11-20
20,Heather Hall,dudleyjoshua@example.com,Unit 9483 Box 3016 DPO AE 00865,2023-11-20
21,Jamie Reyes,michael67@example.org,"54107 Barton Harbor Nicholschester, ID 30646",2022-05-02
22,Derek Johnson,zamorasean@example.com,"PSC 4901, Box 9471 APO AE 28659",2020-05-07
23,Rodney Cobb,manuel70@example.org,"7484 William Forge Suite 568 Burchside, GA 05196",2023-11-05
24,Jessica Ruiz,yangkyle@example.org,"0952 Andrews Tunnel Suite 434 Jonesport, NC 86743",2023-04-29
25,Frederick Moore,adrian84@example.net,"99560 Susan Keys Suite 175 Bradleyfort, IA 86163",2021-09-16
26,Jacob George,krystalwade@example.com,"1984 Lawson Inlet Suite 682 Dunnhaven, MS 96815",2024-01-07
27,Mary Curtis MD,jenniferjones@example.com,"37778 Barry Spur Suite 751 East Heatherland, ND 75817",2022-08-26
28,Christian Owens,blakemichael@example.com,"1765 Christopher Radial Angelatown, TN 27354",2020-08-08
29,Daniel Thomas,qgutierrez@example.org,"94653 Regina Rue Allenhaven, CA 74935",2020-10-08
30,Amanda Williams,angel39@example.net,Unit 9437 Box 2730 DPO AE 68126,2022-12-27
31,Karen Strong,delgadolori@example.com,"260 Ashley Crossing Apt. 435 Sergioburgh, MA 96885",2021-07-05
32,Joseph Olson,qrichardson@example.com,"7009 White Valley Apt. 134 Phillipsfort, NE 01186",2020-12-12
33,Stacey Lopez,jilllivingston@example.org,"59049 Jacobs Route Suite 994 Wendyberg, AK 23814",2020-06-07
34,Katelyn Hanson,emilyroberts@example.net,"062 Weaver Tunnel Port Hailey, NH 20367",2021-07-20
35,Mr. Jeffrey Lawson,gutierrezjeffrey@example.com,"5844 Garrison Field Gonzalezside, SD 54683",2020-05-30
36,Garrett Beck,martinbeth@example.org,"952 Perry Street Mitchellburgh, ID 48270",2021-06-05
37,Jonathan Webster,garciajonathan@example.net,"5263 Bruce Drive Ashleebury, LA 64625",2023-07-19
38,Sierra Wood,sbrown@example.org,"1149 Mcbride Islands Suite 258 Hernandezland, MN 59475",2024-04-19
39,Jonathan Gonzales,mcgrathtammy@example.org,"1081 Lance Drives North Hannah, GA 99766",2021-01-20
40,Adrian Curtis,castilloangela@example.com,"005 Ryan Camp Suite 786 Jacobburgh, ND 61785",2020-12-07
41,Joshua Atkinson,fwilliams@example.com,"2801 Edward Fork Holmesland, NJ 90967",2023-01-27
42,Kevin Sparks,williamwebster@example.net,"45027 Brenda Field Suite 412 Yvonneton, IL 12542",2020-11-23
43,Sean Hamilton,evansolivia@example.org,"39566 Wilson Extensions Suite 344 Port Michael, MH 05995",2021-07-10
44,Lawrence Frey,stevenmckinney@example.net,"214 Jim Stravenue Suite 641 Lake Robert, KY 25155",2021-02-05
45,Crystal Allen,billysingh@example.net,"30963 Jacob Branch Apt. 573 Ashleyshire, AR 13303",2020-02-05
46,Gail Morales,dawnortiz@example.net,"7872 Brandon Prairie Suite 502 Mcintoshberg, TX 67556",2024-01-29
47,Adam Hoover,parkmonica@example.net,"3068 Jordan View Suite 724 Ferrellberg, FL 76683",2023-01-02
48,Natalie Lewis,othomas@example.com,"26136 Pedro Mission Port Bethanyburgh, DC 64686",2022-04-13
49,Jason Cruz,dawnjones@example.com,"1560 Deborah Pine Suite 192 Simpsonport, MS 64943",2020-11-07
50,Brenda Bryant,castromichelle@example.net,"2730 Hensley Extensions Apt. 541 Samuelland, PR 34372",2022-12-29
51,Amy Peterson,xsherman@example.net,"5534 Justin Bridge Suite 334 Annaport, WI 86288",2024-06-15
52,Richard Graves,campbellmegan@example.net,"900 Anthony Shores Apt. 134 Lake Angela, KS 51011",2021-05-14
53,Jesus Spence,christophersexton@example.net,"2242 Payne Motorway Suite 152 Campbellview, NM 05299",2022-03-01
54,Parker Pugh,cbradley@example.net,"637 Ryan Trail Apt. 426 Carriestad, DE 13550",2022-12-06
55,Frederick Collins,rileychristopher@example.com,"664 Barton Lodge East Daniel, MP 86164",2024-08-17
56,Aaron Cantu,michaelgreen@example.com,"380 Smith Stream Apt. 555 Port Kristine, NJ 94953",2022-03-03
57,Luke Norman,chelseysmith@example.org,"48911 Joseph Flats Suite 606 South Brianfurt, NV 45732",2022-12-31
58,Alicia Hamilton,owensjohn@example.org,"880 Crystal Manors New Anna, VA 23605",2024-02-01
59,Jacob Wong,ucastro@example.com,"75801 Tina Center Suite 296 North Sally, MI 82850",2020-04-11
60,Robin Griffin,thomascarlson@example.org,"547 Alison Skyway East Samuel, CT 31844",2022-11-11
61,Charles Rubio,eric19@example.org,"893 Ana Wells Loweryville, MT 48428",2022-07-05
62,Paul Stanley,christophermorris@example.org,Unit 7349 Box 7477 DPO AA 45325,2024-09-22
63,Amanda Peters,omarweiss@example.net,"7496 Pearson Roads New Valerieview, CA 72005",2022-12-28
64,Raymond Pierce,brendasmith@example.net,"5190 Crystal Alley North Aaronmouth, ND 51585",2024-04-17
65,Karl Trujillo,vincent44@example.com,"PSC 7655, Box 3782 APO AA 81700",2021-09-07
66,Jonathan Hood,waltersryan@example.org,"61610 Freeman View Lake Kimshire, RI 89998",2020-12-31
67,John Lee,virginiamiller@example.com,"33166 Yvette Club Suite 634 Tamarastad, WY 21064",2022-12-17
68,Stephanie Suarez,brittneyvargas@example.com,"947 Valdez Curve Suite 700 Lake Kyle, NH 84853",2023-12-24
69,Angel Boone,jenniferingram@example.com,"473 Rita Forge Apt. 572 Lake Brian, WA 47179",2024-08-13
70,Jillian Moss,ksullivan@example.net,"0667 Murphy Rue Monicabury, VI 11468",2022-08-22
71,Joshua Ritter,craigharris@example.com,"788 Short Ford Suite 114 Thompsonton, NJ 09174",2021-06-25
72,Gabriella Cummings,vcaldwell@example.org,"238 Hopkins Prairie Bryanfort, TX 64343",2021-05-21
73,Carmen Holmes,fthomas@example.net,Unit 0727 Box 6187 DPO AE 61969,2021-09-05
74,William Knight,sthomas@example.com,"49927 Natalie Skyway Apt. 034 Port Robin, VI 43393",2022-03-01
75,Michael Watson,anitanelson@example.net,"PSC 5514, Box 4445 APO AA 45142",2024-06-23
76,Donald Swanson,jesse31@example.org,"301 Boone Summit Suite 021 South Richardberg, MA 93897",2022-09-26
77,Rachel Johnson,kristina17@example.com,"46321 Obrien Crossroad Apt. 508 East Amanda, DC 30795",2021-01-12
78,Nicole Mcgee,angela97@example.net,"6793 Anna Fords East Stephanie, TN 16365",2023-03-28
79,Steven Goodwin,johnmiller@example.com,"6209 Patricia Port Apt. 936 Mauricemouth, ME 46555",2023-01-12
80,Sarah Cook,morgan54@example.com,"0632 Kenneth Lodge Michaelberg, ID 45204",2020-01-30
81,Diane Moran,solisrichard@example.net,"4062 James Field Burkefort, GA 69266",2024-04-29
82,Erik Matthews,stephanie25@example.org,"864 Roth View East Margaret, AK 70809",2021-06-24
83,Crystal Scott,oballard@example.net,"96020 Taylor Brook Apt. 474 Cardenasbury, OR 25845",2022-01-22
84,Jeffery Fox,yjohnson@example.com,"1786 Welch Pine New Douglas, NV 29849",2023-07-30
85,Wesley Fitzpatrick,cdickerson@example.org,"02313 George Manor Rodriguezport, IL 59534",2021-07-26
86,James Carney,williamsrenee@example.net,Unit 2362 Box 2069 DPO AP 38568,2022-01-03
87,William Ramirez,nicolesantiago@example.com,"383 Rowe Views Apt. 497 South Mathewshire, TX 13806",2023-07-10
88,Thomas Good,sbell@example.com,"659 Elizabeth Way Port Beckyville, VT 88071",2023-03-05
89,Blake Wagner,christensentony@example.com,"953 Cox Squares Nathanfurt, FM 09487",2023-02-22
90,Caitlin Hill,melissasutton@example.org,"1263 Mejia Haven Lawsonview, WV 52748",2024-08-16
91,Thomas Thompson,jbrown@example.com,"4478 Rebecca Mews North Cathyland, NJ 86231",2020-08-31
92,Dillon Phillips MD,clarsen@example.com,"4305 Johnny Street Suite 539 Curtisburgh, MO 21681",2022-06-19
93,Carolyn Patel,deanmichelle@example.org,"7483 Roman Courts Apt. 795 North Michael, FM 01080",2020-01-22
94,Brian Alexander,rkramer@example.org,"365 Lynch Meadow Suite 359 Johnfurt, NM 75000",2022-05-16
95,Jennifer Mcmillan,nfrazier@example.net,Unit 0444 Box 3428 DPO AP 80990,2022-01-05
96,Mark Rogers,david34@example.net,"385 Zavala Freeway Apt. 342 Port Jeffreyport, WI 01784",2023-08-13
97,Timothy Williams,knightsharon@example.org,"83283 Gardner Station North Daniel, UT 18703",2021-11-09
98,Molly Rodriguez,cunninghamlinda@example.net,"36027 Theresa Shore Apt. 745 Lanceshire, LA 14894",2021-07-16
99,Thomas Cook,zpreston@example.org,"2364 Theresa Turnpike Suite 061 New Michelle, CA 06162",2022-02-25
100,Jacob Hernandez,elarsen@example.com,"75244 Patton Via Hartshire, VA 72699",2022-10-24
101,Kevin Hayes,xpham@example.com,"450 Lewis Mount Leeville, GU 96907",2021-06-18
102,Megan Stone,stephen40@example.net,"54739 Peterson Curve Suite 175 West Juliastad, ID 71837",2022-01-21
103,Michelle Valencia,kmccormick@example.org,"64440 Mark Turnpike Lake Valerietown, WY 70729",2023-11-09
104,Jorge Blackburn,nwarner@example.org,"98265 Alexander Prairie Suite 697 Melissabury, MS 12018",2023-03-11
105,Clarence Stevens,amy54@example.com,"72712 Mack Mountain Apt. 500 Tammytown, MI 22496",2020-06-27
106,Kathy Stephens,lewismichael@example.com,"363 Sarah Falls Suite 075 North Amberchester, IA 49351",2023-08-25
107,Angela Moody,terripaul@example.org,"72940 Marshall Burg Michelleborough, DC 80057",2020-01-28
108,Mrs. Julie Lang DDS,christopherkennedy@example.net,"PSC 7169, Box 9473 APO AE 27094",2023-06-08
109,Savannah Silva,jsheppard@example.net,"71924 Moran Forest Suite 934 Martinmouth, CT 58528",2020-01-14
110,George Gray,brookserica@example.org,"2152 Clark Track New Daltonville, NY 25512",2022-03-03
111,Shawn Kim,kellymurphy@example.com,"29389 Teresa Inlet Suite 145 West Kaylaville, KS 49658",2022-03-17
112,Matthew Chapman,rpotter@example.com,"6876 Simmons Summit Suite 235 Christineshire, ID 77954",2024-09-22
113,Emily Bates,dgonzalez@example.org,"068 Savage Burg West Barbaraview, HI 49184",2021-09-11
114,Jacob King,danielmorgan@example.org,"0319 Jasmine Turnpike Jensenhaven, WA 47036",2021-02-28
115,Jessica Martinez,matthew81@example.org,"46630 Andrew Path New Toddport, NJ 39003",2020-02-02
116,Ashley Arnold,theresaalvarez@example.net,"1701 Michael Row East Alyssa, FL 49692",2023-02-05
117,Carl Joyce,michael46@example.org,"4966 Raymond Alley Karenland, TN 84733",2021-01-30
118,Rebecca Burke,jbradford@example.com,"0564 Kelly Forks Suite 752 North Henry, CT 54803",2022-06-12
119,Stacey Gill,icrawford@example.org,"249 Janet Streets New Madeline, NC 92731",2023-04-01
120,William Decker,tonya56@example.com,"175 Tracy Dale Jasonmouth, SD 71715",2024-07-26
121,Jeffery Doyle,paulguzman@example.net,"754 Charles Ranch Lake Michaelport, MD 42326",2022-06-04
122,Carla Kim,amber78@example.net,"9998 Kline Views North Michaelview, NM 49491",2022-03-07
123,Janice Holder,jennifergonzalez@example.net,"020 Bailey Ways Morrisfort, FL 15522",2023-02-09
124,Craig Wells,brenda34@example.org,"12219 Cindy Club Tuckerville, SD 94054",2020-08-27
125,Cindy Lee,jenniferwilliams@example.org,"60193 Miller Drive Apt. 882 Port Ashley, IA 79583",2020-09-13
126,Alex Reyes,schneidermaria@example.net,"5371 Tanner Islands Suite 340 Port Ronald, IN 64804",2023-05-15
127,Sean Murphy,carolyn31@example.net,"673 Kimberly Hill New Whitney, ND 36795",2022-05-02
128,Jennifer Stevenson,whuang@example.com,"322 Jeffrey Parks New Shannontown, CO 70566",2022-08-31
129,Patricia Cox,maureen53@example.com,"6912 Smith Fields Apt. 503 West Jacobside, NC 59331",2020-09-27
130,Rose Ramos,matthew36@example.net,"44343 Patricia Parks Apt. 991 North Belindafort, HI 07198",2020-11-12
131,Sabrina Reese,ianwebb@example.com,"371 Jennifer Trail Apt. 462 Abigailview, ME 70478",2020-04-08
132,Michael Carson,katie64@example.org,"902 Brown Bypass Suite 029 South Gavin, FM 49350",2021-02-02
133,Carolyn Burnett,jamesdonald@example.org,"22869 Tanya Terrace Apt. 111 Sheryltown, OH 78387",2024-06-09
134,Nathan Bonilla,abutler@example.net,"9532 Colleen Drives Brownview, AS 91680",2024-08-18
135,Shawn Shaffer,acompton@example.net,"0935 Mays Highway Joneston, CA 68819",2023-06-02
136,Ashley Pham,haydenphillips@example.net,"90472 Taylor Glens Jenniferstad, WV 44588",2023-03-14
137,Deborah Ramos,davisraymond@example.com,"91809 Peterson Estates Laurenfort, SD 43590",2021-11-27
138,Melissa Hutchinson,crystalgill@example.com,"8110 Oconnell Mountains Apt. 823 Wheelerfurt, OR 46652",2020-03-16
139,Sonia Flores,romeroelizabeth@example.com,"24004 Franklin Harbor Suite 228 West Heatherfurt, WA 30649",2021-10-01
140,Richard Harrison,lindamiller@example.net,"6009 Cody Unions Rodriguezland, UT 33444",2021-06-17
141,Maria Hoffman,jeremy76@example.net,"5714 Brandt Loop Apt. 031 Port Anthony, CO 49707",2021-05-27
142,Marissa Hernandez,scott16@example.org,"2560 Johnson Shore Apt. 696 Debrastad, CT 60177",2021-12-01
143,Anna Contreras,allisonburns@example.org,"93240 Mcguire Centers Suite 989 Lake Jessica, OK 94004",2024-09-15
144,Andrew Garcia,daniel52@example.org,"843 Janice Forest Thomasport, GU 12295",2020-02-11
145,Kathy Allen,millerdonna@example.net,"7387 Melody Park Michelemouth, WY 77759",2022-02-07
146,Matthew Harris,floydkyle@example.org,"8634 Keith Locks Apt. 633 Brendabury, CT 35913",2020-07-16
147,Luke Kelley,amywilliams@example.net,"8799 Kelley Pines Suite 607 Taylorstad, MH 56105",2022-12-04
148,Ryan Schultz,julie23@example.net,"204 Curry Run Port Adam, MS 36639",2022-10-12
149,Kenneth Nelson,xmejia@example.com,"646 Alyssa Radial Apt. 391 Dunnmouth, AL 17182",2024-01-23
150,Jessica Good,xgonzales@example.net,"3580 Lee Station Apt. 165 Derrickbury, ME 04185",2022-03-30
151,Noah Wolfe,melissa49@example.com,"4434 Gill Land Apt. 436 South Edwardton, GA 46121",2022-06-16
152,Megan Richardson,fgrimes@example.com,USCGC Hunt FPO AA 95840,2024-07-27
153,Justin Johnston,bergchristina@example.org,"765 Garcia Heights Apt. 899 Nicholasburgh, MN 32570",2021-12-20
154,Nicholas Cross,cbeck@example.net,"051 Fischer Road Joannaland, KY 47854",2020-01-11
155,Mark Foster,josephsullivan@example.org,"5299 Jessica Way Apt. 723 West Whitneystad, TN 29915",2022-01-26
156,Shelby Crane,kingkathryn@example.org,Unit 3811 Box 0658 DPO AA 00647,2020-04-17
157,Alexis Gilbert,xmartinez@example.com,"6276 Dana Manors Petermouth, MH 53895",2020-10-19
158,Judith Allen,gabriela36@example.com,"0129 Johnny Fork Annebury, WV 69789",2020-04-11
159,Stephanie Brown,emilymason@example.com,"1600 Jacqueline Ranch Chenmouth, OK 01072",2020-09-25
160,Charles Welch,andersonsusan@example.net,"8089 Christine Plains Suite 631 Patriciastad, CO 04619",2023-03-27
161,Dr. Joshua Cuevas,jgomez@example.org,"47337 Jacob Harbor Port Donaldbury, MN 49611",2024-06-19
162,Cynthia Hensley,ethan57@example.com,"277 Hart Hollow New Brandi, MI 78626",2022-08-26
163,Eric Gardner,zhancock@example.net,"93770 Mark Pass West Lori, AR 07338",2020-08-27
164,Christopher Munoz,jwalters@example.com,"80144 Lisa Roads Suite 019 Debraborough, NM 84751",2020-08-09
165,Joshua Singh,dorseygrant@example.net,"2144 Elizabeth Isle Herrerashire, MP 84847",2022-08-11
166,Kathryn Sanchez,patriciasullivan@example.com,"82109 Gardner Locks Apt. 470 Lake Sharon, VA 48027",2020-08-16
167,Kimberly Wright,jessica85@example.org,"496 Sarah Canyon South Jacob, MP 40991",2022-03-25
168,Maxwell Suarez,toddbaker@example.org,"00877 Blake Camp South Michealberg, AR 25966",2020-05-05
169,Jason Bush,rwest@example.com,"6068 Steven Forest Bushville, MI 61770",2023-06-03
170,Christopher Baker,mdean@example.org,"425 Jamie Freeway North Ashley, OK 14085",2020-01-13
171,Roger Nichols,gjackson@example.com,"63116 Garcia Islands Apt. 390 South Philip, PR 03795",2021-06-06
172,Christopher Adams,jesus68@example.com,"55903 Baker Plains Suite 461 Lindaview, OH 91312",2024-01-14
173,Lisa Williams,juanlewis@example.com,"44182 Hart Canyon Port Virginiafurt, MS 17155",2020-02-29
174,Samantha Stephens,sstein@example.com,Unit 1151 Box 6975 DPO AA 46818,2022-07-29
175,Anthony Hernandez,jonesrobert@example.org,"64229 Spencer Hills Apt. 861 New Troy, IL 82251",2024-03-04
176,Mrs. Leslie Keith,william13@example.com,"440 Mclean Mill East Edwinshire, FL 82840",2020-07-12
177,Julie Smith,rjohnson@example.org,"7954 Holly Prairie Lake Jesse, MA 22743",2023-08-05
178,Derek Young,nfitzgerald@example.org,"70517 Hopkins Glen Port Jon, TN 34079",2022-05-13
179,Dennis Fields,hjordan@example.com,"416 Lawson Point Apt. 836 Heatherton, VI 05600",2020-02-03
180,Nicholas Hayden,nancy38@example.net,"0145 Smith Crest Apt. 433 West Shelby, MS 48172",2023-06-04
181,Audrey Lee,berrystanley@example.org,"76930 Rollins Brook South Ashley, CA 43167",2022-07-29
182,Jessica Brown,fburnett@example.net,"2988 Burke Burgs Apt. 845 Port Barbaratown, MT 67157",2024-01-30
183,Caroline Horn,ballamanda@example.com,"273 Jessica Forge Millerbury, UT 06933",2022-10-16
184,Justin James,reneerodriguez@example.org,"92564 John Oval Apt. 616 Lake Ashlee, MO 63130",2021-11-02
185,Taylor Meza,ethanedwards@example.org,Unit 5984 Box 6487 DPO AP 98737,2021-05-01
186,Yolanda Williams,kara47@example.com,"52822 Frank Falls Port Christopher, ME 94279",2023-08-09
187,James Bradley,sadams@example.com,"80879 Rodriguez Fields Melissaville, NJ 62387",2021-06-29
188,Tyler Mcguire,grantraven@example.com,"365 Jackson Road North Krista, MT 95559",2023-01-19
189,Jose Chen,franciscarl@example.org,"749 James Locks Apt. 474 Brennanborough, MP 72585",2021-02-20
190,Cynthia Stevens MD,stephaniehutchinson@example.net,"338 Sarah Rest South Christine, MS 41427",2023-09-18
191,Miguel Leonard,coryrios@example.net,"88121 Evan Circles Suite 788 West Sandra, TX 24592",2021-11-19
192,Veronica Osborne,susanfowler@example.net,"528 Shane Island Suite 927 New Danielmouth, MA 85627",2021-06-20
193,Michael Murray,anthony51@example.net,Unit 8977 Box 6423 DPO AP 48942,2023-01-05
194,Anthony Walton,brownchristine@example.net,"009 Robert Rest North Gary, OK 31694",2023-03-01
195,Jasmine Lane,christophermorris@example.net,Unit 4236 Box 0755 DPO AE 69618,2022-01-02
196,William Nicholson,vincenteric@example.org,"663 David Locks Suite 198 East Evantown, MT 21744",2022-09-09
197,Yvonne Hester,ydickerson@example.net,"54435 Melinda Views Apt. 041 Lisaport, NY 29397",2022-03-25
198,Scott Holder,rwoods@example.org,"2771 Gillespie Parkway Apt. 118 Timothyfurt, DE 29650",2023-03-01
199,Timothy Sloan,melendeztimothy@example.org,"70466 Jones Light Danielleberg, NV 21498",2022-04-20
200,Melissa Todd,sandra96@example.net,"34218 Johnston Hollow Suite 926 Lake Williambury, UT 29444",2022-01-05
201,Erik Dixon,sheila32@example.com,"792 Gonzales Rapids New Johnside, IL 66305",2022-02-16
202,Ronald Conner,georgedustin@example.com,"24650 Phyllis Port Suite 129 Tanyaport, CA 69328",2022-11-14
203,Brian Smith,omarpeck@example.net,"886 Gutierrez Springs Suite 449 Thomasbury, IL 92079",2021-05-29
204,Ronald Griffin,andrea53@example.org,"17545 Derek Station Lake Nathanland, SD 49636",2022-05-30
205,Jessica Roberts,cynthiajacobs@example.com,"94403 Tina Lane Suite 853 Lake Jamesville, KY 29823",2020-11-07
206,David Noble,jessicastevens@example.com,"PSC 3758, Box 0945 APO AE 22567",2021-05-29
207,Daniel Williamson,andrew87@example.org,"22675 Nathan Courts Port Hannahmouth, DC 22344",2023-06-04
208,James Sawyer,marybond@example.net,"645 Mary Station North Eric, ND 13410",2021-03-16
209,Grace Rivera,nwiggins@example.org,"306 Michelle Motorway Diazfurt, AS 49611",2020-01-08
210,James Huang,david08@example.net,"172 Castro Passage Ruthland, FL 46990",2021-09-03
211,Daniel Cabrera,sean36@example.net,"212 Brent Pines Nicoleside, PA 37181",2023-06-24
212,Destiny Young,josegray@example.org,"50360 Skinner Causeway South Tonyville, AL 02466",2023-08-19
213,Danielle Carlson,mackthomas@example.com,"58788 Timothy Shore Apt. 754 New Christopher, MH 29106",2020-04-24
214,Rebekah Welch,judith36@example.com,"78325 Patrick Rest Patriciamouth, DC 67357",2021-08-08
215,Marc Collins,davisdavid@example.net,"12028 Bowen Cape Suite 995 South Theresaton, ID 53001",2020-04-02
216,Michelle Clayton,baileyscott@example.org,"PSC 6030, Box 6997 APO AA 23810",2021-09-21
217,Michael Butler,wbrown@example.net,"8051 White Wells South Deannachester, MS 36782",2020-08-26
218,Pamela Yu,dbaker@example.com,"646 Darrell Wells Kaylastad, OK 28827",2021-02-09
219,Kenneth Castillo,atucker@example.net,"833 Vincent Crest Apt. 964 Madisonton, PW 36542",2020-04-12
220,Robert Williams,jeremy35@example.org,"0488 Stephen Ford Port Coreyhaven, MT 79542",2020-02-18
221,Haley Allen,melissamitchell@example.org,"71529 Andrew Avenue North Melissa, CT 88687",2022-03-05
222,Christopher Schwartz,smcguire@example.net,"483 Pamela Fork Apt. 754 Michaelland, TN 97745",2020-02-07
223,Stephen Williams,victoriahopkins@example.com,"645 Elizabeth Path North Daryl, ND 81361",2021-11-01
224,Jennifer Hernandez,traci59@example.org,"01581 Rodriguez Divide Apt. 943 Smithchester, OR 29016",2024-04-24
225,David Garcia,ffields@example.net,"9869 Hughes Camp New Janet, PR 61987",2020-04-09
226,Danielle Curry MD,llewis@example.com,"867 Kathleen Glens Suite 585 Josephland, OH 95704",2023-09-10
227,Angel Barker,jramirez@example.net,Unit 3544 Box 5503 DPO AP 10321,2024-01-13
228,Eric Stevenson,mgarcia@example.net,"0663 Maria Branch New Rosehaven, MN 65625",2022-06-01
229,Emily Miller,michaelmiller@example.net,"4113 Sanchez Course Suite 103 Nicolemouth, HI 59483",2022-04-29
230,Kelly Jenkins,salazardaniel@example.org,"74614 Smith Lights Allisonville, VA 39030",2023-05-28
231,Daniel Davis,smartin@example.com,"12704 Bishop Extensions Suite 488 Richmondborough, KY 90961",2024-03-15
232,Daniel Armstrong,xesparza@example.org,"014 Pearson Station Apt. 102 Port Nicholas, TX 54742",2024-02-14
233,Kevin Fry,dianabruce@example.org,Unit 5809 Box 4117 DPO AE 53255,2022-10-31
234,Rebecca Freeman,ashleyreid@example.com,"622 Vega Squares Suite 599 North Patricialand, NM 65327",2022-02-23
235,Joshua Marks,kenneth27@example.net,"62007 Clark Via Chadville, ND 92118",2023-12-14
236,Tonya Thompson,david73@example.org,"54185 Rachel Causeway Suite 078 New Jillian, FM 93423",2020-05-11
237,Shawn Marquez,martinjulia@example.net,"120 Kaitlyn Estate Suite 647 North Shannonland, NM 55758",2022-08-11
238,Jasmine Richardson,pbell@example.net,"290 Lawson Spur Apt. 801 Ellisbury, VT 13295",2022-07-18
239,Travis Reyes,cthompson@example.org,"78640 Ricky Flat Apt. 423 Johnsontown, DC 20943",2021-07-28
240,Brittany Brown,icooper@example.com,"978 Lonnie Parks South Ronald, MA 49770",2020-05-28
241,Mark Foster,johnsonrobert@example.net,"5783 Nolan Manor Benjaminville, PW 13709",2020-11-22
242,Brenda Torres,marquezkathryn@example.org,"33911 Garcia Ford North Christina, TX 86216",2020-10-19
243,James Flores,stephanielee@example.com,USCGC Franco FPO AA 50143,2020-04-06
244,Tammy Graham,john49@example.com,"9200 Linda Highway Suite 750 Port Dianestad, AL 91411",2021-06-20
245,Marie Glover,aaronzuniga@example.com,"PSC 4929, Box 4087 APO AP 63291",2020-10-03
246,Sara Meyers,christophergutierrez@example.org,"5527 Hall Trail West Nataliebury, PW 19058",2020-03-23
247,Karen Harris,myershaley@example.net,USS Martinez FPO AP 30902,2020-12-12
248,Mark Howell,bgraham@example.com,Unit 4203 Box 5005 DPO AP 06017,2021-11-21
249,James Jenkins,rebeccanash@example.net,"15472 Myers Rapid Suite 071 Nealside, SD 80230",2024-04-05
250,Joseph Thomas,victoria99@example.net,"46996 Miller Mission Suite 287 Lesliestad, CO 10434",2021-10-29
251,Kevin Keller,joshua03@example.com,USNV Jackson FPO AE 67895,2022-07-23
252,Richard Barnes,smithandrew@example.org,"9598 Lisa Glen Elliottland, WI 63468",2023-08-14
253,Elizabeth Kane,mhall@example.com,USS Mckay FPO AP 11073,2024-04-07
254,Katie Morris,xbrown@example.com,"0128 Blair View Allisonview, FL 21742",2023-07-04
255,Paul Mcguire,judy07@example.net,"365 Smith Divide Lake Kelly, OR 27332",2021-06-09
256,William Castillo,vwright@example.net,"935 Michael Viaduct Suite 852 Samuelville, FL 14813",2022-08-11
257,Robert Thompson,gcolon@example.com,"9395 Mary Trail Port Nicole, MN 72933",2022-01-14
258,Nicholas Thomas,jessicajones@example.com,"78896 Kaitlin Pine Suite 873 West Vanessa, GA 78521",2021-07-07
259,Kaitlin Maxwell,youngpatricia@example.org,"31177 Crystal Pass Howelltown, GU 05287",2023-10-20
260,Victor Joyce,delgadodeborah@example.net,"57011 Julie Forge Apt. 926 Foleyhaven, HI 78081",2020-12-11
261,Phillip Bridges,courtney49@example.net,"117 George Course Apt. 493 New Rachel, MH 92177",2020-02-18
262,Joseph French,xmiles@example.org,"961 Collins Crossroad Suite 641 West Chase, CT 40058",2022-01-15
263,Johnathan Evans,maryray@example.com,"14553 Hunt Freeway Suite 518 Patelchester, WV 86843",2024-05-23
264,Haley Barron,theodorewang@example.net,"014 Sarah Trace Suite 247 North Christopherhaven, MT 94359",2023-10-08
265,Shannon Anderson,fpena@example.com,"997 Moody Isle Apt. 481 New Heather, RI 73556",2021-08-19
266,Courtney Porter,othompson@example.net,"56792 Matthew Junction Josephport, NY 08222",2023-11-12
267,Melanie Walsh,thomas44@example.org,"476 Sampson Expressway Suite 763 Matthewhaven, AL 11221",2021-04-22
268,Jocelyn Jones,johnsonmichael@example.org,"2395 Maria Causeway Jeffreyville, MO 62063",2022-05-04
269,Sara Harris,davisjesse@example.com,USCGC Singh FPO AE 54729,2021-05-06
270,David Bennett,ethompson@example.net,"4871 Colleen Falls West Ruben, ID 45536",2021-08-31
271,Barry Brewer,rodriguezeric@example.org,"9254 Vanessa Pike Lake Robert, VA 08557",2021-03-24
272,Michelle Henry,david79@example.org,"013 Hogan Ridges Dixonhaven, PW 24436",2024-09-09
273,Rebecca Johnson,johntorres@example.net,"33615 Nathan Brooks Port Marilynberg, AK 95071",2024-03-09
274,Joshua Lopez,gsmith@example.org,"36411 Scott Ford North Larryview, ND 74087",2020-07-22
275,Heather Thomas,xhill@example.org,"9992 Nicole Place South Jonathanton, OK 58145",2020-05-17
276,Daniel Quinn,zpetersen@example.net,"4234 Fuller Views Port Darin, PR 98870",2021-09-22
277,Lori Frank,caitlin80@example.org,USNS Carson FPO AA 15344,2021-03-26
278,Sharon Stone,ashley73@example.org,"5037 Escobar Neck Suite 392 New Lindahaven, FL 65993",2024-03-26
279,Casey Cantu,williamfritz@example.net,"581 Perkins Valley Port Michaelland, AZ 74740",2022-05-13
280,James Cisneros,craiglee@example.org,"61050 Forbes Views East Kellyfurt, AS 24491",2023-10-01
281,Elizabeth Grant,danayoung@example.com,"1462 Amy Station Ryanburgh, SC 27456",2020-07-31
282,Dr. Rebecca Macias,edwardriley@example.org,Unit 5536 Box 3065 DPO AE 19722,2021-06-14
283,Jasmine Pierce,jillianbrown@example.org,"7164 Michelle Shoal New Barry, AZ 84762",2022-04-05
284,Rebecca Hartman,marklane@example.net,"7510 Angelica Alley West Hannahburgh, IL 66226",2021-01-01
285,John Lam,danielwilliams@example.net,"6773 Manning Plain Suite 646 Millerchester, VA 72075",2022-02-24
286,Michelle Jones,bdudley@example.net,"253 Pope Islands Suite 686 Port Annette, UT 68553",2024-10-06
287,Jessica Barnes,adkinsjoseph@example.com,"299 Johnson Roads Ronaldmouth, TX 08815",2020-05-18
288,Brian Gonzales,richard87@example.org,"452 Singh Estates Apt. 735 Port Samantha, GA 32522",2020-01-06
289,Jonathan Welch,bwilliams@example.org,"007 Richards Pines Suite 494 Lake Lee, WY 52920",2021-02-12
290,Anthony Gross,brandi37@example.net,"06722 Gabriel Square Apt. 048 Juliehaven, OK 78357",2024-03-05
291,Brittany Torres,christopherbarton@example.org,"934 Parker Heights Apt. 038 Brendaland, TX 61888",2021-03-04
292,Kevin Clark,michaelmcclain@example.org,"05765 Rodriguez Radial Crystalport, NJ 24021",2020-03-13
293,Thomas Donovan,mkelly@example.com,"1819 Perez Drives Rodriguezchester, IL 64182",2021-11-30
294,Cynthia Harris,tmurphy@example.net,"PSC 6429, Box 9162 APO AA 65603",2024-09-16
295,Jeffrey Jarvis,tylerjackson@example.com,"050 Tamara Causeway Apt. 372 Michaelton, TX 80488",2020-03-05
296,Amanda Castro,younglaura@example.org,"61081 Jeremiah Street Apt. 744 Lake Thomas, CT 28247",2020-01-25
297,Matthew Evans,amandaanderson@example.org,"589 Gomez Mountain South Makaylafort, NM 24220",2021-08-15
298,Jeffrey Trevino,levans@example.net,USCGC Richardson FPO AP 34255,2021-05-13
299,Paul Barnes,megan01@example.net,"6173 Henderson Mission Jodichester, KY 50006",2024-07-19
300,Mark Thompson,jillnguyen@example.org,"85830 Brown Summit Apt. 506 Griffithtown, IL 51007",2021-07-14
301,James Murphy,xjones@example.net,"78847 Denise Island Suite 999 Stephanietown, IL 49190",2022-03-09
302,Eric Sweeney,kristina26@example.com,"059 Kimberly Grove Port Yvettestad, MT 81608",2020-01-27
303,Erin Kidd,fernando57@example.com,"09202 Pena Port Suite 071 New Melissa, AL 54051",2024-01-20
304,Cynthia Brown,garzabrittany@example.org,"75991 Alex Corner Johnbury, DE 17679",2020-08-20
305,Anthony Williams,downsbenjamin@example.org,"PSC 6936, Box 7833 APO AA 75384",2024-03-13
306,Shelly Williams,leekyle@example.net,"9276 Katherine Viaduct Apt. 277 Martinezburgh, CT 45657",2022-09-20
307,Caitlin Campbell,dsanders@example.com,"0482 Michael Trail Carolynfurt, NV 34740",2023-10-22
308,Samantha Davis,duranjacob@example.net,Unit 0460 Box 5009 DPO AP 36085,2023-11-01
309,Troy Mata,linda98@example.org,"511 Jessica Path Edwardfort, MN 53580",2022-11-04
310,Christina Schroeder,brittanybrown@example.net,"PSC 9336, Box 1688 APO AE 52957",2022-12-03
311,Elizabeth Smith,brownmark@example.com,"81646 Lopez Tunnel Apt. 357 West Louiston, WA 86700",2021-06-22
312,Mary Nielsen,tyler35@example.org,"5598 Wanda Parkways Suite 865 Micheleville, KS 33885",2022-11-21
313,John Lyons,stewartdarryl@example.net,"34143 Nunez Way East Mitchellberg, AL 79425",2022-09-12
314,Christopher Wilson,crystal77@example.net,"9807 Rodriguez Garden North Amanda, ME 95469",2022-04-21
315,Teresa Durham,soniakirby@example.com,"306 Garrett Camp Apt. 885 Amyborough, MH 24555",2021-07-18
316,Joseph Foley,susan43@example.com,"298 Andrews Lodge Suite 831 East Robertmouth, MA 33837",2023-04-26
317,Holly Bradley,shernandez@example.org,"92648 Simmons Road Suite 097 Brownfurt, ND 01326",2020-06-16
318,David Reyes,jonesmelody@example.org,"3238 Robert Island Apt. 299 Davidberg, HI 95830",2024-05-03
319,Evelyn James,woodmark@example.net,Unit 6462 Box 4350 DPO AE 70319,2021-05-11
320,Christian Nguyen,hortonstacey@example.net,"0345 Erik Plaza Suite 458 West Jayborough, NJ 21699",2021-08-19
321,Alejandro Black,suttonchristopher@example.net,"299 William Isle Suite 920 Sandraside, KS 05173",2023-04-25
322,Elizabeth Small,benjaminderek@example.net,"89564 Hamilton Parkway Clarkside, ND 50902",2023-01-22
323,George Holland,lriley@example.net,"679 Cruz Shores Ericside, NC 02445",2021-11-13
324,Hannah Flores,stacey53@example.org,"45873 Moreno Points Suite 656 South Kristenmouth, AL 46882",2024-02-09
325,Brian Mckenzie,davismonica@example.net,USNV Murray FPO AP 39632,2022-06-02
326,Colleen Perez,cynthia22@example.net,"771 Freeman Causeway Jeffreyville, NH 48210",2021-12-28
327,Tony Hammond,katrina17@example.com,"55339 Nancy Dam Lake Erikbury, MT 87054",2023-10-20
328,Nathan Castillo,christopher28@example.com,"74293 David Turnpike Christophershire, NM 82781",2021-09-16
329,Mr. Jesse Williamson,leslielopez@example.net,"4508 Jonathan Mountain Apt. 273 North Michelleview, AR 21660",2022-03-08
330,Jacob Morgan,william23@example.com,"87969 Fox Isle Apt. 040 Angelaborough, TN 89046",2020-10-11
331,Kristin Cordova,hawkinsrobert@example.org,"17809 Gilbert Lakes Suite 785 Goodwinmouth, PA 31097",2023-09-27
332,Benjamin Allen,ugoodwin@example.net,"910 Molina Forest Apt. 261 Grantland, DC 67379",2022-03-01
333,Gregory Scott,lmyers@example.org,"18314 Mcclain Ferry West Kristenton, UT 53928",2022-03-28
334,Jeffrey Smith,destinyhansen@example.com,"905 Eric Island Michaeltown, FL 48412",2021-12-15
335,Jill Vega,smithcasey@example.com,"PSC 8273, Box 4028 APO AA 66517",2020-01-30
336,Martha Petersen,lisa95@example.net,"872 Raymond Village Apt. 420 West Evan, CA 70315",2022-02-07
337,Jonathan Wilson,cainheidi@example.net,"6703 Bradford Stravenue Apt. 699 West Thomas, GA 32104",2020-06-06
338,Andrew Bauer,amybell@example.com,"302 Spencer Key Madelineberg, OK 46853",2020-04-21
339,Patricia Lyons,jessica65@example.net,"6549 Williams Dam East Devin, MA 87260",2021-02-22
340,Donald Strong,douglasmorales@example.org,"12163 Wood Fields Jeromeburgh, DE 75734",2020-02-14
341,Lisa Smith,michael10@example.net,"227 Moreno Cove South Christinaland, CT 25691",2022-07-25
342,Lori Tran,lauracooper@example.com,"8425 William Park Apt. 151 Jonesborough, MI 18950",2022-01-16
343,Jeffrey Diaz,randerson@example.net,"5301 Trevino Views Victoriaside, MH 78715",2024-06-07
344,Erika Garrett,williamsmaxwell@example.net,"610 Landry Meadow Suite 596 North Charles, MO 93604",2024-02-21
345,Elizabeth White,joseelliott@example.com,"0817 Angela Dale Apt. 407 Johnhaven, PW 02388",2022-06-27
346,Mark Perez,iweaver@example.org,USCGC Jenkins FPO AA 33606,2024-03-11
347,Sarah Hill,rhartman@example.com,"0138 Timothy Common North Mark, FL 01327",2023-04-06
348,Jeffrey Villarreal,copelandmichael@example.net,"879 Taylor Wall Apt. 585 Richardmouth, ND 65017",2022-02-02
349,Patrick Barrett,carlsonmonica@example.com,"8413 Oscar Road Matthewchester, MS 23727",2023-04-11
350,Amy Ward,joseph77@example.com,"69585 Danny Ville Apt. 493 Andreport, SC 84264",2024-09-05
351,Deanna Pittman,lmurphy@example.com,Unit 6635 Box 7525 DPO AA 86981,2020-04-02
352,Terri Diaz,coxjonathan@example.org,"3970 Torres Isle Apt. 679 Davisborough, MD 42082",2021-10-30
353,Ronald Patterson,eric81@example.com,"586 Michael Locks West Alexanderport, HI 09425",2021-10-18
354,Cathy Luna,mooreangela@example.org,"0878 Kevin Spring Burkeshire, DC 35704",2023-01-21
355,Jason Castillo,trancrystal@example.com,"88680 Corey Valleys Rosetown, OK 37654",2022-10-30
356,Adam Fowler,christophermarquez@example.org,"70306 Michael Plains Port Williamland, HI 21537",2024-08-12
357,Sabrina Clark,robin34@example.org,"813 Gray Way Bonnieview, DC 03283",2020-02-14
358,Jeffery Cohen,michellelloyd@example.com,USCGC Brandt FPO AE 25644,2021-06-26
359,Joseph Trevino,ashleybrown@example.com,"94394 Cooley Loaf Suite 824 Heatherland, NJ 77041",2024-01-21
360,Danny Moore,eric88@example.net,"753 Sullivan Turnpike Suite 786 Lake Lauramouth, VA 98426",2024-09-22
361,Shawn Brandt,probertson@example.com,"5834 Duncan Manor Suite 468 East David, MN 63020",2020-05-01
362,Gina Doyle,debrahaney@example.net,"67632 Jeffrey Divide Johnsontown, AL 64142",2021-10-12
363,Joseph Bowers,jwade@example.com,"PSC 5701, Box 3853 APO AA 15359",2024-07-01
364,Kevin Fuentes,blackburnalexandra@example.net,"1540 Jenkins Shores West Melissa, AK 74517",2021-12-19
365,Melissa Buckley,yfriedman@example.org,"3092 Theresa Ports Apt. 577 West Kaylee, SD 29348",2023-10-19
366,William May,sarah40@example.com,"96091 Lance Mountains South Rachel, CT 54640",2021-08-08
367,Tina Henry,vegajeffery@example.net,"PSC 4199, Box 0195 APO AP 03821",2023-08-05
368,Brent Guzman,oharris@example.com,"52905 Taylor Coves New Ashleymouth, TN 98114",2023-02-08
369,Meghan Torres,phillipscrystal@example.org,"2230 Michelle Station Suite 496 West Mollytown, VT 87524",2023-05-17
370,Michael Williams,kramermario@example.net,"181 Shannon Turnpike Suite 179 Lake Stephenside, MO 81541",2023-10-04
371,Jessica Cline,operez@example.org,"78508 Michael Locks South Gabrielle, LA 69894",2020-09-24
372,James Matthews,swatson@example.net,"77761 Billy Burg Suite 819 East Kyle, MN 89620",2020-05-24
373,Vanessa Silva,bullockstephen@example.net,"3107 Debra Valleys Jerrybury, GU 87778",2021-12-06
374,Michael Colon,brittanysuarez@example.com,"6043 Gray Square Apt. 501 Kathleenside, AZ 18640",2022-08-01
375,Carol Meyer,wbrown@example.org,"5148 Rodriguez View Suite 233 Jacksonfurt, AZ 66974",2024-05-05
376,Angela Liu,wilsontammy@example.com,"2738 Fox Turnpike Nancyville, FL 27434",2020-05-29
377,Richard Stuart,xmay@example.net,"314 David Inlet Apt. 793 South Michael, WI 11104",2021-02-19
378,Jennifer Thomas,rivaschris@example.net,"65437 Christine Ridges Jenniferborough, NV 24899",2023-12-08
379,Julie Sanchez,larrybeasley@example.org,"39491 Huerta Shore Apt. 763 Port Desireemouth, TN 78155",2023-03-07
380,Kevin Matthews,schmidtjustin@example.org,"6934 Simmons Rue Millerberg, NM 10718",2022-11-11
381,Stacy Sanchez,johnrosales@example.net,"055 Butler Creek Suite 232 Shelleyland, AK 96741",2022-10-22
382,Derrick Gomez,codyoneal@example.org,"771 Ashley Ville East Jennifer, GA 67274",2020-11-23
383,Eric Horn,marcuscooper@example.com,"95809 Eaton Grove Suite 715 Lake Danielleport, PA 47707",2021-04-06
384,Stephen Long,ogray@example.net,"9115 Knight Skyway Miguelville, FL 79148",2024-01-08
385,Andrea Chavez,hjones@example.net,"42158 Schmidt Points Apt. 386 Petersonfort, NJ 72382",2021-05-19
386,Sheri Waters,reeselaura@example.net,"528 Perry Trafficway Suite 466 Markmouth, IA 62705",2021-02-19
387,Norma Brady,yvaldez@example.net,"8319 Mooney Course Stevenmouth, NY 35722",2020-12-02
388,Richard Yoder,hendersonlinda@example.net,"3713 Tapia Bypass Suite 822 Jordanfort, NV 38084",2021-01-19
389,David Mendoza,deannaflores@example.com,"3219 Alvarez Inlet South Sharonside, AL 28837",2022-06-25
390,Sean Lindsey,ginajohnson@example.net,"604 Jennifer Forks Yolandashire, NJ 43740",2021-04-29
391,Andrew Howard,robertrivera@example.org,"6160 Webb Mission Apt. 408 Jonathanhaven, ND 24740",2021-11-27
392,Scott Wilkins,sabrina49@example.org,"4722 Brown Canyon Port Kelly, RI 19329",2020-09-28
393,Christina Banks,glenn51@example.com,"PSC 1683, Box 6894 APO AA 50029",2023-12-15
394,Eugene Walters,morgananderson@example.org,"6675 David Summit Patriciaville, CT 49053",2024-07-26
395,Paul Park,ucox@example.org,USNS Bender FPO AA 06073,2021-01-26
396,Donald Scott,claytonsalazar@example.org,"4210 Williams Centers Suite 030 Tanyamouth, WA 18107",2023-08-11
397,Eugene Johnson,nwilliams@example.org,"638 Wilson River Apt. 399 North Josephburgh, CT 56228",2020-02-03
398,Rick Levy,jarvismelissa@example.org,Unit 2915 Box 8343 DPO AP 62555,2023-07-13
399,Christopher Andrews,toddporter@example.com,"40912 Robyn Freeway Suite 283 Kathrynbury, WA 54119",2024-07-08
400,Katherine Rasmussen,donnacardenas@example.org,"PSC 1669, Box 3164 APO AE 13780",2022-12-29
