id,name,email,address,date_joined
1,Matthew Wells,jeffreybrennan@example.com,"921 Thompson Glen Suite 505 Josephville, HI 22971",2023-12-08
2,Stanley Salinas,rebeccastephens@example.net,"5114 Richard Way Christianville, AK 73921",2021-08-17
3,Anthony Trujillo,adambowman@example.org,"805 Pierce Cliff Suite 766 Lake Shannonside, NH 08077",2023-02-20
4,Arthur Smith PhD,wnewton@example.com,"021 Charles Cove Apt. 257 Chasemouth, MO 15966",2020-12-06
5,Anna Serrano,dproctor@example.net,Unit 1744 Box 8895 DPO AA 91377,2023-10-15
6,Mark Coleman,jsims@example.org,"587 Barnes Valleys Suite 835 Kylechester, CT 97180",2020-10-01
7,Pamela Murphy,scott12@example.org,"257 Valerie Cliffs Suite 270 West Carolynport, PA 36603",2022-10-11
8,Austin Austin,sarahwright@example.net,"19247 Victor Overpass Mcdanielton, MS 23004",2023-10-31
9,Chelsea Benjamin,gomezashley@example.net,"240 Calderon Pass Morrisstad, MO 97172",2020-02-11
10,Adriana Gray,robinsonchris@example.net,"2384 Williams Locks Williamsville, FL 09368",2020-07-15
11,Ann Church,ocraig@example.net,"1048 Barnett Throughway North Jeffreyville, MI 97102",2020-01-07
12,Carla Nelson,kimberlyknox@example.net,"412 Natasha Drive Apt. 598 Craigstad, MA 21479",2020-08-23
13,Jennifer Ray,mullendouglas@example.com,"PSC 4100, Box 3316 APO AP 12508",2024-09-12
14,Tracey James,hillvirginia@example.org,"9324 Brown Glen Gonzalezhaven, PA 17303",2020-12-20
15,John Sandoval,lglover@example.org,"396 Harris Springs East Jackie, VI 41896",2022-12-08
16,Jonathan Velasquez,fjenkins@example.com,"852 Joel Tunnel West Paulmouth, NY 39786",2024-02-14
17,Christopher Yang,gardnerbrian@example.net,"524 Jeffrey Alley Apt. 162 Ryanview, AZ 61891",2024-03-21
18,Eddie Mathis,alex46@example.com,"141 Waller Ranch Johnsonton, OR 89645",2021-10-09
19,Jacob Mullen,edward53@example.org,"06556 John Squares Colleentown, MA 70712",2021-01-10
20,Brian Stanley,brianpollard@example.net,Unit 7189 Box 5070 DPO AP 80828,2022-08-04
21,Oscar Arias,daniel28@example.org,"9851 Paul Radial North Tracy, SC 87419",2023-02-15
22,Jennifer Wilkins,sylvia44@example.net,"910 Valerie Glens Apt. 439 West Emilyside, FM 59054",2020-02-06
23,Charles George,zwebb@example.com,"76864 Kimberly Lights Suite 609 Port Cody, TX 99367",2020-05-13
24,Stacey West,awilkinson@example.org,"7594 Caleb Place West Johnny, HI 53344",2024-09-22
25,Robert Kennedy,rdavis@example.org,"5266 Stephanie Parkways Suite 166 Victoriaview, VA 32631",2024-05-29
26,Brian Ramirez,proberts@example.com,"95892 Snyder Square Apt. 794 Baldwinfort, WA 04090",2022-02-26
27,Jared Figueroa,david63@example.net,"2144 Ortiz Crossroad Suite 918 Austinmouth, PA 69222",2022-05-27
28,Samuel Soto,chad69@example.org,"4020 Austin Ports Port Dillon, GA 22668",2023-05-02
29,Tyler Villa,zchurch@example.net,"1406 Amy Squares Apt. 625 West Joshua, CO 78886",2023-10-29
30,Denise Morris,fbrown@example.org,"232 White Meadows Hendersonmouth, MD 83235",2024-09-18
31,Lisa Cantrell,inelson@example.net,Unit 4388 Box 6945 DPO AE 22280,2024-07-05
32,Benjamin Diaz,paulowens@example.net,"964 Gonzalez Alley Port Donnaview, ID 46076",2023-07-10
33,Anna Simon,joannefarley@example.org,"493 Weiss Ridge Suite 625 Port Zacharymouth, CA 68468",2022-10-05
34,Deanna Thompson,john70@example.com,"539 Reyes Prairie New Jackie, MO 40503",2021-05-24
35,Adam Moore,halljonathan@example.net,"3125 Thomas Loaf East Christopher, WY 12581",2020-05-29
36,Kimberly Jones,teresaaustin@example.net,"30424 Joanna Village Suite 380 South David, MH 45318",2021-02-15
37,Valerie Simmons,wendy59@example.org,"4479 Wilson Mills New Heiditown, WV 62930",2022-06-14
38,Kyle Rogers,jessica82@example.net,"9466 Jamie Wells Suite 502 Port Jessica, SD 16749",2024-01-11
39,Jesse Thomas,andrewlewis@example.org,"0942 Guerra Mall Douglaston, OH 18095",2021-07-19
40,Virginia Morrison,alejandrotaylor@example.net,"PSC 0416, Box 1405 APO AA 35590",2023-08-27
41,Kellie Lloyd,julieluna@example.net,"59849 Dustin Roads Suite 958 South Ericton, MI 60447",2023-04-02
42,Jodi Smith,harristeresa@example.com,"71411 Carlos Light Apt. 464 West Brettfort, RI 45743",2020-07-31
43,James Farley,brittneymaddox@example.com,USNV Gonzalez FPO AE 78729,2023-04-19
44,Michael Terry,alexander42@example.net,"3229 Nicole Mission Apt. 737 Tanyashire, WV 91492",2020-04-28
45,Crystal Vincent,ygilbert@example.org,"3633 Lyons Causeway Suite 266 Stanleyview, NC 30327",2021-11-02
46,Andrew Cannon,derek21@example.org,"98034 Garcia Orchard Suite 924 Perezbury, RI 54090",2023-04-02
47,Jessica Thompson,glewis@example.com,"086 Tami Motorway Suite 664 Browntown, IN 55143",2021-12-11
48,Tyler Smith,collinross@example.com,"86459 Ortiz Mountains Joyceview, NC 34509",2020-12-25
49,Erika Smith,maryturner@example.com,"8056 Sarah Cliffs Patriciaview, WV 00762",2023-06-23
50,Jon Rangel,christopher49@example.org,"1314 Michelle Island Youngshire, SC 70913",2023-01-02
51,Michael Fletcher,rbrown@example.net,"25536 Jermaine Square Suite 359 Brendahaven, TX 48452",2024-08-28
52,John Pena,hansonrodney@example.net,"173 Brandon Causeway Brianaview, AZ 61658",2020-11-21
53,Mrs. Alison Stone,candace99@example.net,"1929 Horne Parkways Harrisonfort, MA 58108",2023-10-27
54,David King,juliakelley@example.com,"80504 Olson Green Suite 034 Lake Jamesborough, OK 97464",2024-07-08
55,Curtis Holland,melissa99@example.net,"97543 Nancy Haven New Jacob, NE 80742",2021-07-11
56,Teresa Smith,kwallace@example.net,"142 John Curve Apt. 908 Newmanchester, NC 50004",2021-02-02
57,Thomas Morales,tamara69@example.net,"60251 Donna Well West Brettfurt, MT 44361",2024-02-23
58,Robert Carrillo,erin60@example.com,"2998 Strickland Way North Matthew, VA 77348",2021-04-24
59,Donna Mason,edward85@example.org,"16224 Ramirez Isle Apt. 359 Port Joann, HI 01273",2023-05-15
60,Kathleen Robinson,cwolfe@example.org,Unit 1456 Box 5340 DPO AE 68922,2021-09-06
61,Kathryn Yang,lchase@example.org,"8505 Thompson Wells Apt. 632 Port Lindseyton, TX 49203",2023-03-19
62,Thomas Jones,natalie16@example.net,"59502 Patricia Mountains East Pamela, NJ 47729",2020-03-10
63,David Burke,patrick98@example.net,"72224 Roman Forest Lisabury, WY 94029",2024-09-14
64,Dr. Nicholas Wilson,mgilbert@example.org,"881 Jimmy Loop Apt. 807 West Jessicaland, SC 74469",2024-10-03
65,Charles Shaffer,kbaldwin@example.org,"49794 Garcia Estate Apt. 550 Taylorview, AK 05094",2023-04-08
66,Connie Blanchard,nwright@example.net,"18715 Ayala Streets Apt. 008 Katherineborough, ID 98217",2021-07-31
67,Roy Jones,mccartykevin@example.net,"2057 Tasha Terrace Apt. 499 West Johnport, WY 05812",2023-08-15
68,Morgan Williams,summersraymond@example.net,Unit 5184 Box 1157 DPO AA 99374,2023-07-04
69,Gregory Simmons,walshbrian@example.com,"35567 Adams Trace Hodgesburgh, WI 78598",2021-08-24
70,Lisa Peterson,brandonthomas@example.org,"432 Perry Plaza Suite 258 Marychester, IN 76731",2021-05-05
71,Ray Ford,david25@example.org,USNS Gray FPO AP 48283,2023-01-26
72,Heather Perez,clarkmegan@example.org,"58591 Miller Mews Suite 729 Lake Mary, ME 76582",2022-06-12
73,Keith Roy,stewartlisa@example.com,"89562 Sara Isle New Wandatown, CO 49517",2021-01-29
74,Kara Marquez,ronaldperez@example.net,"33232 Mark Junction Butlerhaven, RI 46065",2022-06-02
75,Angela West,samuel41@example.net,"16028 Stephanie Ramp Apt. 655 Murphyville, RI 68324",2023-02-07
76,Andrew Munoz,xmullen@example.org,"7472 Obrien Plains Port Joshua, ND 00791",2020-07-24
77,Ashley Miller,kingrebecca@example.com,"8970 Blake Falls Suite 322 New Lawrenceport, AK 15336",2021-12-22
78,Angela Prince,mitchellmadison@example.com,"96792 Catherine Street East Mary, TX 80310",2021-11-12
79,Leslie Daniels,doylegary@example.net,"7860 Butler Via Shaneville, DC 87002",2021-02-14
80,Susan Vega,potterdeborah@example.org,"0431 Benjamin Trafficway Apt. 395 Rojasberg, AZ 78534",2024-03-26
81,Kim Montgomery,xhays@example.org,"018 Thomas Road Rodriguezchester, NM 87206",2021-06-07
82,Catherine Mathews,campbelljason@example.com,"1063 Kelley Road Apt. 494 Lewistown, NC 31230",2022-10-31
83,Tiffany Hernandez,sarah18@example.org,"71304 Diane Village Brownside, WV 02545",2022-09-21
84,Brittany Rice,angela19@example.org,"4818 Ewing Landing Michaelbury, RI 14449",2023-02-11
85,Bonnie Vasquez,garciatodd@example.net,"5909 Karen Oval Apt. 114 West Sharonton, FL 89611",2024-01-15
86,Victor Pierce,carterdakota@example.org,"111 Eric Cliff Suite 294 West Samuelfurt, MA 55055",2020-05-11
87,Robert Wallace,brownbrittany@example.org,"57023 Chavez Passage Suite 513 Elizabethstad, KS 60145",2022-11-11
88,Sharon Hernandez,baldwinjennifer@example.org,"193 Kevin Squares North Angelaland, ID 52965",2022-08-29
89,Anna Moore,nanderson@example.org,"479 Raymond Gateway Suite 163 Port Elizabethview, MS 81789",2022-12-22
90,Shawn Holder,haynesmichael@example.org,"PSC 6125, Box 8507 APO AE 86058",2020-06-08
91,Kenneth Brooks,preid@example.net,"520 Stevens Mill Apt. 896 Lake Brenda, ND 02062",2021-02-27
92,Tiffany Miranda,dylan65@example.org,"398 John Curve New Kelly, MN 84819",2023-07-23
93,Andrew Brown,amandaboyle@example.com,"450 Larry Ways South Veronica, MH 55947",2021-09-12
94,Jacob Hoffman,beckerdakota@example.org,"7903 Rebecca Port Suite 192 Phillipsville, WA 12657",2024-01-05
95,Stacy Atkins,melanie33@example.net,"60334 Kerr Highway West Leslie, VT 96625",2023-09-03
96,Breanna Chase,orteganicole@example.org,"6200 Sullivan Wells Suite 381 Dustinport, OR 12534",2023-07-12
97,Stephanie Burton,ryanball@example.com,"003 Craig Square Suite 608 New Belinda, MS 34782",2024-01-08
98,Juan Lee,baileylauren@example.net,"53189 Avery Stravenue West Melaniemouth, DE 43358",2023-07-04
99,April Williams,angela18@example.com,Unit 0336 Box 4746 DPO AA 84730,2020-09-21
100,Joel Jacobson,ztaylor@example.org,"3214 Scott Valley Boydport, TN 98204",2022-07-04
101,Christina Lee,denise30@example.org,"0321 Powers Village Johnsonstad, HI 62935",2022-09-12
102,John Andrews,raymondgarcia@example.org,"741 Blair Extensions Suite 296 Bassfurt, VA 67806",2022-02-21
103,Michael Haney,howardvictor@example.net,"48353 Tammy Locks Suite 764 Lake Derekview, PA 14552",2024-08-11
104,Chelsea Meza,ashley75@example.org,"657 Smith Mountain West Kelly, OH 75809",2022-10-24
105,Laura Dodson,melissa37@example.org,"645 Catherine Ridge Scottland, NE 50882",2023-06-16
106,Erica White,emcgee@example.org,"4619 Morton Groves Suite 794 Wongtown, IA 17045",2023-04-01
107,Amy Smith,garrett80@example.org,"44239 Harrison Union Suite 173 Lake Thomasport, MO 93904",2021-02-25
108,Karen Morse,jacksonjay@example.com,"704 Kathryn Branch Suite 620 Port Michaelhaven, MT 66451",2020-09-16
109,Jennifer Ellis,jeffreyarmstrong@example.org,"9644 Grimes Drive Apt. 085 Bradleytown, RI 67904",2023-11-10
110,Michael Barnes,warrenandrea@example.org,"21032 Bowen Neck Thomasshire, PA 91269",2024-04-01
111,Samuel Rodriguez,victoriawalsh@example.net,"3756 Anthony Ranch Lake Richardmouth, HI 79434",2020-03-23
112,Kimberly Gilbert,rodriguezbarry@example.com,"41742 Reid Common Lake Glennfort, LA 90056",2021-04-28
113,Derek Benson,butlerrobert@example.org,"68865 Sandra Prairie Apt. 270 Collinshaven, TX 41174",2024-02-04
114,Steven Freeman,misty40@example.com,"51417 Robles Inlet East Deniseville, TX 63123",2023-06-23
115,Christine Fritz,andrew80@example.com,"2815 Walker Ville Apt. 383 Port Tim, MI 41826",2020-08-04
116,Richard Williams,qhill@example.com,"195 Hamilton Gardens Shanestad, ND 95739",2021-01-14
117,Lori Steele,qreyes@example.net,"8914 Julie Cape Susanchester, UT 31092",2023-09-09
118,Adam Rose,christopher11@example.com,"73321 Mcneil Spring Deleonfort, DE 17574",2024-05-21
119,Anita Johnson,aliciacole@example.net,"8269 Hernandez Path Suite 554 Port Lisaview, PW 47598",2020-11-27
120,Patricia Lynn,sallypatterson@example.net,"27250 Dustin Crescent Suite 139 South Rachelberg, NC 71977",2022-04-06
121,Jeanette Foster,mendozadustin@example.org,"362 Castro Circle Suite 980 Williamborough, WY 34839",2020-06-10
122,Jessica Wilson,michaelcarpenter@example.org,"769 Michael Walk East Jonathan, PA 10306",2024-06-04
123,Alison Cameron,rcarter@example.net,"15750 Salinas Ports New Andrea, MH 55139",2022-07-17
124,Kenneth Noble,ashleygraham@example.org,"98331 Jay Manor New Megan, AL 98797",2020-08-07
125,Raymond Lee,angelicafuller@example.net,"4380 Mark Prairie East Richardport, MA 95362",2021-11-16
126,Dawn Salazar,staceyparsons@example.com,"514 Leon Neck Suite 783 East Brandon, ME 08333",2020-06-05
127,Joseph Fox,andrewfoster@example.com,"68733 Chavez Field Suite 687 Petersonburgh, MT 31876",2022-09-22
128,Mary Moody,gsantos@example.net,"09038 Erin Roads New Michael, HI 16265",2021-12-17
129,Andrew Williamson,ophillips@example.com,"5784 Lisa Mountain Apt. 359 North Katherine, NY 12778",2022-10-06
130,Matthew Stephenson,carolyn70@example.net,"915 Christina Inlet South Jacquelinechester, NY 60510",2022-11-22
131,David Smith,paul72@example.org,"0464 Evans Mill Suite 827 Lake Juliefort, AS 21389",2020-07-11
132,Cory Mahoney,malonejacob@example.com,"8598 Adkins Rue Suite 723 East Kayla, NE 72235",2022-05-03
133,Zachary Gutierrez,craig68@example.org,"397 Steven Forest Williamsmouth, GU 18539",2021-11-18
134,Christopher Rich,johnsonluis@example.net,"4397 Timothy Gateway Alexandraview, FM 39131",2020-05-17
135,Ian James,cassidydavis@example.org,"372 Peters Ramp Apt. 496 Daviesbury, NC 28020",2021-05-16
136,Mark Bennett,lisa41@example.org,"2523 Moore Flats Apt. 014 Lisabury, MA 98033",2022-10-18
137,Deborah Bullock,ryanmelissa@example.com,"PSC 4266, Box 8794 APO AA 37359",2020-11-13
138,Thomas Cross,mercedescruz@example.net,"8083 Burke Turnpike New Briannafurt, SC 27049",2022-08-20
139,Rachel Morton,william56@example.com,"1767 David Trail Suite 783 South Barbara, SC 66119",2020-05-21
140,Randy Graham,ginaward@example.org,"50764 Alejandra Park Annamouth, CO 87702",2023-12-07
141,Karen Gonzalez,jimmycruz@example.org,"014 Larson Road Rickyburgh, WY 92218",2024-03-20
142,Kevin Garcia,fkennedy@example.net,"320 Hamilton Locks East Jose, GA 79915",2023-06-08
143,Molly Ellis,patrick83@example.org,"5771 Helen Lake Apt. 243 Kevinton, MN 89283",2020-04-11
144,Isaac Pollard,bryan19@example.com,"1115 Martin Club Bobbymouth, HI 73925",2020-02-05
145,Cynthia Johnson MD,gwhite@example.org,"803 Wise Trace Suite 571 Port Staceybury, WY 40675",2022-01-22
146,Danielle Meadows,wlove@example.com,"71977 Russo Mission Suite 449 Gabrielport, CO 96035",2021-09-30
147,Richard Huber,vickieprice@example.com,"601 Joanna Tunnel Port John, CA 10816",2021-07-11
148,Brooke Arnold,carl30@example.net,"881 Williams Junction Stricklandberg, MP 02223",2021-09-13
149,Kristi Richards,apitts@example.com,"47130 Amy Gardens Shirleyhaven, IA 45084",2022-08-22
150,Matthew Galvan,michael76@example.org,"72838 Chloe Crossing Alyssaville, AL 07302",2023-07-20
151,Raymond Rivera,bburke@example.org,"345 Brian Mountain Hicksborough, PA 80730",2022-12-17
152,Patricia Thompson,victorgarza@example.net,"624 Thompson Pine Lake Kathryn, MD 56902",2022-04-28
153,Heather Reynolds,nicole00@example.org,"449 Wright Landing Apt. 702 South Cody, FM 02922",2020-03-31
154,Cesar Vaughan,nancy86@example.org,"29887 Whitney Ranch West Anthony, GA 39805",2020-03-05
155,Linda Meadows,franciskelly@example.org,"87280 Ford Harbor Lake Victoriaview, SC 06937",2020-05-07
156,Eric Fernandez,andersonhoward@example.com,"0037 Noble Prairie Carlosstad, ND 86999",2024-07-14
157,Andre Moore,ffoster@example.net,"112 Melissa Glen New Joe, NH 18605",2020-05-31
158,Anne Carter,pauljohnson@example.org,"76697 Jackson Springs South Kristine, CT 42873",2020-06-10
159,Pamela Harrington,debbie42@example.net,"6118 Tyrone Curve Caseymouth, VI 47484",2022-12-11
160,Sandra Caldwell,jamesthomas@example.net,"5365 Parsons Road Apt. 430 North Ravenbury, MH 30571",2020-10-18
161,Juan Davis,vdavis@example.net,"12298 Sarah Harbor Charlesmouth, ND 86249",2021-10-24
162,Amanda Orr,prestonnancy@example.net,"PSC 0547, Box 3699 APO AP 49316",2024-07-17
163,Caroline Hughes,austinmiller@example.org,"66747 Mills Corner Apt. 588 New Jim, PA 93035",2020-07-26
164,Anna Brown,michael89@example.com,"2052 Anderson Mount Smithbury, MT 57742",2023-05-12
165,Ryan Rojas,todd56@example.net,"545 Miller Dam Lake Jasonton, RI 82102",2020-05-05
166,Amy Mcdaniel,cnichols@example.org,USS Rodriguez FPO AP 35702,2020-11-16
167,Deanna White,daviswilliam@example.org,"02736 Gina Gardens South Paul, MS 42714",2023-03-06
168,Alexander Brown,qmendoza@example.com,"33975 Hernandez Drives Fullerstad, PA 47932",2020-08-26
169,Christopher Phillips,rodriguezmichael@example.org,"520 Leslie Road Kristychester, UT 25792",2023-05-15
170,Savannah Shelton,christinajones@example.net,"PSC 5595, Box 7068 APO AE 13239",2023-10-08
171,Janice Gaines,taradavis@example.com,"83125 Alexandra Crossroad South Edwin, NM 16642",2024-07-27
172,Kathryn Haney,jorgesharp@example.org,"6124 Castro Harbors Apt. 135 Smithbury, PR 83769",2020-06-28
173,Mark Mcintosh,odiaz@example.net,"4772 Tyler Ford Suite 837 East Tonya, MO 78935",2020-12-20
174,Jennifer Brown,lisajohnson@example.com,"603 King Common East Christina, CO 55129",2023-11-01
175,Mark Church,emmasmith@example.net,"78024 Johnson Land Suite 520 South Danielside, CA 56293",2023-02-27
176,James Franklin,mhunt@example.org,"445 Keller Valley East Chrisbury, WI 47729",2020-06-16
177,Matthew Williams,tdavis@example.com,"75357 Daniel Run Adambury, AR 03989",2024-08-11
178,Karen Huang,lindacarson@example.org,"6095 Smith Circle Apt. 838 West William, AK 79534",2023-06-11
179,Jordan Garcia,sandra47@example.com,"704 Mclaughlin Fort Apt. 991 Morrisshire, FL 94135",2022-04-13
180,Melissa King,lejessica@example.net,"4721 Bailey Parkway Apt. 011 New Lisa, NM 47575",2020-02-22
181,Ian Webb,michelle94@example.com,"6522 Donna Ports Apt. 981 South Timothyfort, AR 56569",2024-07-06
182,Aaron Avila,cynthia45@example.org,"1755 Allen Locks Harveyhaven, MN 51256",2024-07-22
183,Danielle Brooks,deanjill@example.net,"98330 Casey Meadow Apt. 948 Franklinburgh, IA 38376",2021-12-29
184,Amanda Duncan,rodriguezmichael@example.com,"733 Rosario Ways Apt. 175 Chadfurt, KY 80196",2020-02-24
185,Brittany Young,joshua81@example.org,"76616 Contreras Station Suite 030 Douglasbury, LA 91989",2020-10-30
186,Lauren Jackson,jamie88@example.org,"806 Macias Camp Apt. 203 New Rebeccaburgh, DC 98359",2024-02-10
187,Michael Jones,john74@example.org,"714 Dana Village Holtland, NH 04971",2020-01-28
188,Richard Perez,michellepeters@example.org,"992 Bruce Throughway New Robertbury, KS 63035",2023-03-11
189,Chase Joseph,lorraine97@example.net,"3566 Roberts Flats Lake Shawnshire, WV 55306",2024-03-29
190,Kelly Smith,jbaker@example.com,"283 Buckley Flats Colemanside, AR 97518",2021-11-02
191,Carolyn Adams,sdavis@example.org,"142 Brandon Hills Apt. 327 South Maryborough, AL 09344",2023-07-17
192,Haley Burton,kwilliams@example.net,"10748 Debra Expressway Apt. 951 South Gerald, MT 92463",2023-07-28
193,Keith Woods,dmorales@example.org,"30476 Jim Fields Suite 213 New Cheryl, DC 21605",2023-02-15
194,Martha Cooper,millerjennifer@example.com,USCGC Humphrey FPO AP 86112,2021-11-07
195,Joseph Chang,turnermelissa@example.com,Unit 7298 Box 2132 DPO AA 74306,2021-04-06
196,Jeremy Tran,allison69@example.org,"0314 Martin Junctions Suite 405 Justinbury, HI 60516",2021-08-04
197,Joshua Kelley,sandra78@example.com,"802 Jackson Glen Clarkhaven, KS 86877",2021-04-15
198,Theodore White,moorebrendan@example.com,"33924 Jeffrey Spurs Suite 219 Kathrynview, MS 39509",2021-12-01
199,Charles Taylor,johnvazquez@example.com,"PSC 1589, Box 9364 APO AE 25300",2024-03-13
200,Alexander Coleman,samuelbernard@example.net,"832 Abbott Drives Apt. 397 Rubenstad, MP 14150",2023-04-01
201,Jill Christian,michelle47@example.net,"1170 Kayla Landing Apt. 439 Deleonburgh, CT 37855",2020-12-20
202,Benjamin Duffy,ralphdavis@example.org,Unit 2113 Box 1587 DPO AP 59140,2021-05-19
203,Anne Jackson,rebeccahayes@example.net,USNV Murillo FPO AP 34833,2023-07-24
204,Willie Nguyen,vmartin@example.net,"72909 Deborah Canyon Apt. 556 Changside, NJ 69385",2021-01-04
205,Marcus Winters,marcusweaver@example.net,Unit 7137 Box 1733 DPO AP 88985,2023-08-10
206,Miranda Freeman,jennifer52@example.net,"887 Cody Square Apt. 790 Port Mackenzie, PA 60956",2024-10-05
207,Donald Wyatt,gailhernandez@example.net,"3657 Alexander Circle Jessicaland, OH 12792",2020-09-24
208,Robert Underwood,jimmy09@example.com,"2879 Clark Lodge Apt. 612 Floresborough, MO 89612",2020-12-18
209,Natasha Chambers,christopher60@example.net,"211 Alexander Knolls Priceview, OH 74915",2020-01-28
210,Zachary Hammond,lgraham@example.com,USS Daniels FPO AP 94354,2020-10-06
211,Christopher Perry,antoniomyers@example.org,"2082 Amber Extension Apt. 786 Bryanmouth, CO 27882",2020-08-01
212,Amy Kelly,michaelgutierrez@example.com,"149 Rich Village Suite 971 South Christine, NM 36911",2024-01-02
213,Elijah Figueroa,christopherjimenez@example.com,"458 Shannon Oval Port Jennifer, AS 61179",2023-05-24
214,Michelle Smith,carriefrank@example.org,"932 Ramirez Plain Apt. 929 West Gregory, NJ 23848",2020-06-05
215,Lee Henderson,davidharris@example.com,"173 Adam Rapid Apt. 768 South Madisonshire, WV 16440",2023-12-12
216,Kevin Henry,parkershelby@example.com,"953 Gonzalez Wall Grayland, AR 35714",2022-02-28
217,Johnny Walter,pittsjonathan@example.net,"311 Sabrina Ways West Judith, OR 35645",2022-10-01
218,James Baker,youngsavannah@example.org,"703 Carter Islands Port Anthonystad, WA 66438",2022-08-23
219,Christopher Hooper,sweeneybrandon@example.org,"6614 Eric Rue Andreafurt, WV 45651",2020-08-19
220,Kara Brown,johnduran@example.org,"1694 Wheeler Row Suite 331 Port Mckenzieburgh, IL 47987",2021-01-21
221,Michael Clayton,knightbrittany@example.com,"0300 Edwards Fords West Lisa, DE 92329",2024-06-15
222,Melanie Ritter,bwhite@example.net,"131 Peters Mission Apt. 657 New Michael, ND 99605",2023-11-30
223,Dr. Mark Jimenez,jreese@example.net,"836 Jean Burgs North Charles, IN 33733",2022-11-19
224,Sean Lawson,ogreene@example.net,"PSC 7499, Box 9112 APO AE 74415",2021-02-21
225,Allen Nelson,chavezkenneth@example.net,"08316 Brian Isle Lake Kimberly, MO 71369",2024-08-06
226,Barbara Owens,jennifermurray@example.net,"5693 Thomas Ranch Apt. 229 Jamesville, ME 19250",2022-10-20
227,Brittney Cooke,michaeljordan@example.org,"56716 Adams Well Port Traceybury, MN 64081",2022-05-21
228,Denise Woods,alexandra68@example.net,"701 Alexandra Gateway South Jodyshire, PA 49176",2021-12-31
229,Amanda Serrano,kathleensilva@example.org,"045 Laura Extension Apt. 886 East Christybury, FM 61732",2021-01-18
230,Madison Carrillo,wendynguyen@example.net,"400 Perez Fork Kleinchester, KY 93742",2020-11-27
231,Peggy English,patrick70@example.net,"767 Molina Forks Suite 004 Port Raymondland, SC 24738",2020-06-19
232,Ashley Kirby,millercalvin@example.net,"47970 Morgan Stravenue Jenniferport, ND 99687",2021-03-22
233,Cynthia Kim,jfields@example.com,USCGC Fuentes FPO AA 46208,2021-10-26
234,William Moran,ohale@example.com,"40897 Perkins Trail East Christian, MA 27143",2024-01-28
235,Katherine Ortiz,carl40@example.net,"243 Shannon Streets Suite 886 Lake Michelleberg, CA 43496",2022-07-16
236,Peter Valdez,dburgess@example.com,"30849 Chambers Estate Apt. 516 Port Nicholas, DE 29478",2021-02-06
237,Tiffany Murphy,finleyjohn@example.net,"1734 Todd Key Suite 820 Judyview, SD 52687",2023-06-08
238,Timothy Bush,toddjake@example.org,"075 Sherman Crossing New Helen, UT 02983",2024-09-12
239,Rebecca Lee,rebecca38@example.net,"015 Russell Plaza South Stephanieport, GA 34316",2023-06-11
240,Brittany Hull,samuel39@example.net,"9777 Dylan Groves Port Sarahborough, LA 65905",2021-03-25
241,Julia Schroeder,sherriatkins@example.com,"32703 Johnson Street Apt. 067 Carrillotown, TX 03017",2022-06-12
242,Ronald Lindsey,beasleycrystal@example.com,"4281 Darlene Union Suite 640 Port James, FM 40332",2023-01-26
243,Amy Simmons,jmiller@example.org,"1376 Edwin Turnpike Apt. 298 South Gregory, NE 64505",2022-03-30
244,Edward Foster,meyermonica@example.com,"688 Michael Course Apt. 807 Kristenmouth, VI 59591",2023-10-18
245,Curtis Hamilton,ggibbs@example.org,"291 Gregory Groves Apt. 378 Port Teresa, SC 84676",2024-02-13
246,Curtis Barker,blackian@example.net,"8474 Riddle Ways Mcdonaldton, CT 33466",2021-09-24
247,Dawn Chan,lpark@example.com,"81277 Candice Stream Kennedyshire, OH 05353",2022-06-04
248,Michael Campos,qcook@example.com,"848 Brenda Crest Suite 406 Port Danielle, FL 53062",2020-04-06
249,James Miller,blankenshipantonio@example.net,"0388 Robin Path West Christinehaven, SC 93723",2022-01-16
250,Brianna Nichols,jacob19@example.net,"208 David Land Barbaraton, KS 44149",2023-07-09
251,Theresa Smith,padillajuan@example.com,USNV Crawford FPO AE 79877,2023-06-02
252,Nicole Porter,ramoschristopher@example.com,Unit 7229 Box 9627 DPO AP 68389,2021-08-21
253,Timothy Turner,johnsondaniel@example.net,"405 Hunter Island Apt. 803 South Nancyborough, WV 10961",2023-07-03
254,Donald Smith,jon22@example.org,"257 Young Ville Suite 092 Lake Andrew, AK 68488",2021-10-16
255,Nicole Beck,william11@example.com,"PSC 2685, Box 3614 APO AP 74804",2024-07-26
256,Jessica Singh,ronnie09@example.net,"4708 Cantrell Island Apt. 606 South Ashlee, UT 50295",2024-03-24
257,Kathleen Huang,nicolelee@example.org,"351 Dunlap Coves Brownshire, OH 84377",2024-04-14
258,Randall Gutierrez,mikayla39@example.org,"08520 Caleb Orchard Lake Thomas, NJ 18209",2020-09-10
259,Rebecca Ruiz,sarahcallahan@example.net,"254 Rosales Trail Apt. 808 West Richardchester, IL 85523",2024-06-17
260,Phillip Parker,tgeorge@example.com,"57658 Herrera Passage Suite 164 Evanstown, AL 89577",2023-01-24
261,Travis Mora,ytaylor@example.org,"5290 Angela Junction West Donnaberg, MS 64701",2021-04-12
262,Vincent Gray,diana00@example.net,"739 Stark Manor Suite 296 Danielfurt, WV 88758",2024-03-30
263,Jennifer Mcfarland,robinsonrichard@example.org,"3104 Hernandez Squares Saraborough, AZ 15596",2023-05-17
264,Leah Curtis,michael44@example.net,"86670 Savage Ville Brandonville, SC 36245",2020-02-18
265,Samantha Ellison,tracytaylor@example.net,"249 Carolyn Stream Toddmouth, PR 87555",2022-04-10
266,Margaret Contreras,zachary01@example.net,"64496 Daniel Ranch Apt. 302 East Katelyn, AZ 53222",2024-09-22
267,Amanda Nolan,bcook@example.org,"030 Mendez Ways Suite 314 Lake Katelyn, SC 53376",2024-01-15
268,Robert Santana,morgandickerson@example.net,"3547 Maldonado Pine Apt. 888 North Brianmouth, MS 58486",2022-01-31
269,Michael Edwards,dianaholt@example.net,"7576 Allen Expressway Thomasberg, MN 93755",2020-11-08
270,Wendy Vargas,myersmichael@example.com,USCGC Nelson FPO AP 57825,2021-03-30
271,Ronald Hughes,murphymartin@example.org,"15534 Cruz Road Davisfurt, MH 27856",2020-06-15
272,Natasha Brown,tgray@example.org,"0214 Barker Row Suite 908 New Davidfort, CO 13887",2020-12-27
273,Joseph Ortiz,lchavez@example.com,"6031 Nelson Course North Cathytown, AL 39274",2022-07-07
274,Adam Morrow,zamoramary@example.net,"275 Fischer Cape North Scott, AL 13149",2022-06-20
275,Brian French,hlong@example.org,"243 Clark Vista Suite 250 North Davidmouth, OR 45580",2020-03-26
276,Robert Moran,myerschristine@example.com,"497 Chan Stravenue North Jason, MN 32974",2021-07-02
277,Betty Porter,mary31@example.com,"794 David Station Wardfurt, NH 18247",2021-09-14
278,Alexander Lee,melissa66@example.com,"5735 Thomas Street Apt. 809 Port Adrianaview, LA 98566",2024-04-30
279,Leslie Parsons,jhowell@example.net,"566 Amber Greens Apt. 145 Bryceberg, MN 93343",2022-01-11
280,John Hill,williamsjoann@example.net,"25119 Matthew Route Apt. 649 West Michael, NV 76763",2022-04-26
281,James Taylor,ywilliams@example.com,"76512 Nancy Place Suite 610 North Latoyaview, NC 16658",2024-05-13
282,Keith Bush,nschultz@example.com,"PSC 9454, Box 7974 APO AE 98420",2020-12-25
283,Steven Smith,franklinfigueroa@example.net,"781 Lozano Mountains East Aliciaside, CT 77600",2022-05-15
284,Patrick Johnston,andersonkathleen@example.org,"82227 Regina Fort South Courtney, ID 99155",2021-02-10
285,Melissa Bryant,robert35@example.org,"34007 Stevens Station Suite 483 Lake Jasminefort, OK 39162",2020-10-28
286,Victoria Thompson,mmedina@example.com,"54598 Gomez Prairie Apt. 653 East Anthony, FL 70849",2021-11-23
287,Dana Humphrey,marcus57@example.net,"172 Combs Drive South Ashleychester, ND 96542",2021-11-29
288,James Robinson,johnny97@example.org,USNS Weiss FPO AP 21696,2024-05-02
289,Charles Cohen,matthew19@example.com,USNS Gibbs FPO AP 78932,2021-10-08
290,Andrew Chase,larsonmichael@example.org,"670 Le Lodge Apt. 168 New Jonathanberg, ME 82196",2022-12-02
291,Christopher Wilson,archerbrian@example.org,"3929 Gray Park Apt. 524 South Ericabury, OK 60947",2023-05-23
292,Judy Castillo,jenningsdeborah@example.net,"17384 Holt Vista Suite 737 Pattersonchester, OH 74072",2022-09-20
293,Seth Copeland,medinajenna@example.com,"96384 Christopher Via Suite 052 East Christina, NC 35898",2023-02-16
294,Tammy Clay,eryan@example.net,"9083 Ryan Place Petersonmouth, FM 08052",2023-08-15
295,Katie Castro,mercerjerome@example.org,"38294 Joshua Shoals Nicolehaven, NY 24329",2020-04-12
296,Katherine Mclaughlin,reidcolin@example.org,"2470 Bryant Junctions West Katrinamouth, MN 15755",2024-06-05
297,Jeffery Romero,shelley80@example.net,"1756 Sarah Meadow Suite 537 North Ashley, MD 47257",2022-10-23
298,Evelyn Thomas,glassgabriela@example.com,"51174 Hopkins Via Suite 832 Masonmouth, RI 94347",2024-04-09
299,Kimberly Baldwin,danacox@example.net,"372 Elizabeth Loop North Nicholas, MO 07954",2020-01-08
300,Phillip Gray,coffeylauren@example.net,"421 Frederick Oval Sarahside, PA 14737",2020-01-26
301,Jocelyn Hurley,hwhite@example.com,"695 Mcdonald Flat Suite 871 West Deborahchester, AR 01475",2021-02-24
302,Melissa Mason,janesolis@example.net,"4239 Laura Curve Suite 594 Romerofurt, VT 02051",2021-04-09
303,Ronnie Bridges,brice@example.com,"5830 Connor Ridge Apt. 474 Kimberlyborough, WY 20616",2023-01-08
304,Kevin Wilson,woodserin@example.com,"411 Blake Crossing North Kerri, LA 18866",2022-08-11
305,Janice Burke,bonnie45@example.org,"PSC 7711, Box 3633 APO AE 89257",2024-03-17
306,Mike Cain,santanaregina@example.net,"346 Hughes Islands Suite 010 Carmenstad, AR 89899",2023-02-20
307,Isaac Scott,jessebrowning@example.org,"834 May Bypass Apt. 796 Huynhberg, SD 06101",2021-12-08
308,Matthew Thompson,christine74@example.net,Unit 1312 Box 1605 DPO AA 93766,2022-02-05
309,Dennis Mason,ojones@example.com,"91676 Lauren Trafficway Suite 437 Alexafurt, MD 18371",2023-04-27
310,Stephanie Meyer,manningolivia@example.org,"7438 Coleman Tunnel Apt. 989 Clairestad, NY 15404",2022-03-20
311,Karen Shepard,yolanda16@example.com,"9814 Brittany Light Suite 113 Hernandezfort, MA 86165",2022-11-10
312,Mrs. Debra Franklin,jacksonstephen@example.org,Unit 2397 Box 1445 DPO AP 39771,2021-11-24
313,Austin Wallace,scott47@example.com,"7580 Taylor Prairie Suite 553 Taylorview, KS 49794",2024-03-13
314,Kirsten Khan,martinezjocelyn@example.com,"384 Hartman Extension Apt. 804 Cynthialand, LA 28888",2023-02-14
315,Daniel Flores,dkim@example.org,"114 Joseph Well New Leahfort, HI 80336",2021-07-28
316,Jennifer Anderson,deanhebert@example.com,"84748 Scott Groves Edwardsberg, CT 81858",2020-12-14
317,Melissa Butler,devinli@example.com,"64787 Brittany Gateway Apt. 448 Port Stevenhaven, HI 36641",2020-05-02
318,Stephen Torres,laurenmiller@example.org,"10654 Miranda Shoals Apt. 105 Burtonview, CO 41910",2023-03-16
319,Mary Sweeney,mallory86@example.com,"1452 Clark Club North Cindyport, VI 95325",2020-09-04
320,Tracie Fleming,deborah04@example.org,"5445 Gonzalez Corners Suite 974 Emilybury, NE 30815",2024-09-01
321,Patrick Knox,bettywagner@example.org,"79967 Leslie Mill South Alexis, UT 64847",2023-05-01
322,Bryce Davis,cannonmichael@example.org,"71499 Davis Mountains North Sarah, MD 98255",2023-08-24
323,Samantha Franklin,griffinchristopher@example.net,USS Lynch FPO AP 78287,2024-03-30
324,Justin Walker,powellalice@example.net,"48396 Bradshaw Trace Rodriguezborough, WV 71748",2021-12-02
325,Melissa Martin,shafferjeremy@example.org,"107 Alexander Throughway Apt. 294 Lake Keithberg, DC 39974",2024-05-12
326,Jacob Whitehead,jfigueroa@example.net,"476 Richardson Curve Suite 864 New Joseph, AR 48696",2022-09-30
327,Bruce Haynes III,katherine06@example.org,"06902 Adrienne Road Port Lori, MD 71392",2022-05-18
328,Justin Williams,gloriacoleman@example.net,"283 Sarah Square Donnashire, VT 57235",2021-01-02
329,Ernest Kim,nicholas77@example.com,"39393 Bruce Crescent Port Vincentfurt, VA 90942",2020-01-30
330,Charles Carr,wolfekyle@example.com,"68503 Rasmussen Rapids Apt. 470 New Larry, MS 34720",2022-07-19
331,Ryan Peterson,ernesthicks@example.org,"8185 Chavez Inlet Ferrellstad, OK 61246",2021-07-20
332,Jessica Pratt,rogercruz@example.net,"485 Mark Burgs New Christopherstad, NM 44594",2023-03-21
333,Patricia Lara,denisepittman@example.com,"004 Lloyd Stravenue Apt. 963 Collinview, PW 10765",2023-05-04
334,Jason Johnson,ksmith@example.net,"159 Brenda Flats Mitchellton, AS 89913",2022-10-23
335,Andrew Richardson,michaelthomas@example.net,"31652 Robert Crossroad Suite 324 Port Cathymouth, MH 90445",2021-11-23
336,Nicholas Thomas,hannahsherman@example.com,"41509 James Shoal West Wendybury, AR 78723",2020-12-15
337,Matthew Davis,kkeith@example.net,"91570 Bennett Plaza South Joanside, MS 22568",2020-05-29
338,Joshua Whitaker,jerrynelson@example.com,"4310 Price Mission North Zacharybury, WY 48340",2021-04-11
339,Johnny Daniels,justin77@example.org,"47791 Norris Extensions South Andre, SC 70317",2021-08-30
340,Robert Hill,xspears@example.com,"16000 Jeffrey Pass Apt. 609 New Catherineville, KS 89593",2023-06-16
341,Jill Johnson,ballardemily@example.org,"72180 Young Path Suite 471 Michaelhaven, NE 23815",2023-05-08
342,Kevin Adams,romeroapril@example.net,"187 Castaneda Terrace Suite 517 Lake Matthewmouth, WV 50421",2020-10-21
343,Alex George,aparker@example.net,"657 Steven Mount Suite 332 Kimberlystad, PA 47965",2021-06-23
344,Phillip Allen,boydstephanie@example.org,"45487 Phillips Plain Apt. 490 New Rebeccatown, WV 77674",2024-09-02
345,Gabriel Jones,adrian96@example.com,"99469 Sosa Centers Suite 934 Lake Jeffreybury, FM 43015",2021-03-28
346,Michael Rivera,smccoy@example.com,"3700 Madison Fords Suite 936 Meredithtown, MH 03735",2023-06-09
347,Stephanie Williams,gonzalezkyle@example.net,Unit 9832 Box 6620 DPO AA 75614,2020-03-23
348,Austin Huynh,hartjeremy@example.org,"3182 Cannon Manors North Mariabury, WV 05376",2024-06-24
349,Jessica West,daviskimberly@example.org,"PSC 2578, Box 0401 APO AA 10817",2023-07-08
350,April Bartlett,janetmueller@example.com,"35922 Emily Run Suite 128 Stephaniehaven, CA 07099",2021-11-29
351,Tony Warren,johnnysims@example.org,"804 Christopher Forks Horneland, OR 24933",2023-02-09
352,Megan Garza,mchen@example.com,"50563 Ruiz Street Apt. 258 Jaredburgh, WA 52269",2024-01-28
353,Cory Harris,maryrichardson@example.net,"37464 Denise Flats Apt. 920 Gilbertbury, FL 84245",2023-06-22
354,Daniel Hill,jessica54@example.com,"786 Rodriguez Hills Apt. 601 Goldenport, TX 48911",2023-05-05
355,Danny Little,gthomas@example.com,"894 Neal Canyon Apt. 885 Marychester, TX 73405",2024-06-12
356,John Huynh,desireeblake@example.org,"4672 Mccormick Loaf Apt. 579 Port Tiffany, MO 51475",2023-11-24
357,Brian Martin,chad66@example.com,Unit 7317 Box 6190 DPO AA 15719,2024-10-05
358,Carlos Church,christopherdowns@example.net,"0674 Hansen Shores Andrewmouth, CT 72854",2020-07-31
359,Kelsey Sampson,palmerelizabeth@example.com,"0514 Stanley Mountain Apt. 267 Lake Tylermouth, ND 09910",2023-07-31
360,Amy Moran,stephaniepittman@example.com,"433 Susan Radial Derekville, MO 74318",2023-09-11
361,Sarah Bailey,charlesjennings@example.net,"779 Ponce Mission Suite 677 Lake Sherry, VI 87831",2020-03-26
362,Amy Allen,fisherlydia@example.org,"5550 Julie Mission Jamiemouth, NY 57832",2024-04-11
363,Kristen Byrd,ryan93@example.com,"36324 Rocha Burg East Veronica, AS 63886",2020-10-28
364,Kendra Sanchez,jeffreyphelps@example.net,"478 Emily Mount Apt. 504 Leeburgh, MN 49743",2023-12-18
365,Jacqueline Robertson,robert77@example.org,"855 Michael Cliff Suite 859 North Jason, CA 89147",2021-05-31
366,Barbara Johns,samuelmartinez@example.com,"669 Heather Loaf Suite 291 Alvaradoland, IN 32185",2020-04-26
367,Christopher Shepard,beckmatthew@example.com,"6889 Matthew Isle Apt. 980 East Caitlinside, SD 91908",2021-12-06
368,Victoria Hopkins,carriewilliams@example.com,"3193 Alexis Lodge Suite 072 Lake Susan, AL 67046",2024-04-12
369,Ruben Keller,brandyhoover@example.org,"5787 Matthews Radial North Kevinbury, MA 02887",2022-02-02
370,Shelley Jones,david82@example.net,"287 Arroyo Meadows Freymouth, WA 72796",2020-11-11
371,David White,jennifer88@example.net,"65867 Gwendolyn Grove Lake Nicholas, ID 29138",2022-12-18
372,Ryan Koch,fwhitaker@example.net,"477 Grant Ramp Frazierfurt, NM 50112",2023-11-08
373,Benjamin Stone,lindsay39@example.org,"12680 Sheila Trail Apt. 078 Lawrenceburgh, ND 57389",2020-05-23
374,Nicholas Reynolds,richardsoncurtis@example.net,"7227 Shaffer Field Aprilview, TX 60598",2024-03-26
375,Randall Buchanan,stoutmichael@example.com,"797 Henry Tunnel Peterberg, LA 41712",2022-02-26
376,William Davis,kimberly80@example.org,"1174 Wolfe Isle Suite 518 West Gabriela, IL 43464",2023-10-26
377,Ann Leonard,kelly67@example.com,"299 Moore Springs Apt. 864 South Travis, OK 27565",2021-09-04
378,Antonio Adams,jamesluna@example.com,"148 Cassie Crescent Suite 736 North Keithville, FL 82776",2020-04-21
379,Ashley West,johnchung@example.net,"6066 Joseph Drives North Haleytown, TX 82360",2020-08-11
380,Mark Lyons Jr.,theresarobinson@example.net,"0926 Kennedy Motorway Apt. 358 Turnertown, AK 48597",2023-08-31
381,Megan Wise,joshuamarsh@example.net,"85627 Johnson Harbor Jeremytown, MA 14245",2022-01-31
382,Anthony Martin,davisstephanie@example.net,"1792 Hardin Brook Suite 981 Shepardside, WV 90297",2020-08-15
383,Robert Franco,sheila56@example.net,"5088 Cook Forge Hernandezville, OH 10826",2020-01-30
384,Chad Wilson,hobrien@example.net,"3066 Amy Highway South Hannahberg, MO 89108",2024-06-02
385,Diane Ortiz,valerie72@example.org,"54245 Baker Inlet Mooremouth, DC 56673",2021-09-09
386,Jenny Mccormick,shanejordan@example.org,"31124 Richard Burgs Suite 385 Stevenfurt, AL 51993",2024-08-24
387,Lisa Mckinney,jameslopez@example.com,"88598 Berry Fields Austinside, OH 23312",2023-06-22
388,Misty James,sarah37@example.org,"PSC 5615, Box 2265 APO AP 34306",2022-10-20
389,William Jones,owenjohn@example.com,"17786 Harris Meadow Apt. 408 Luisville, AL 28665",2022-10-23
390,Marvin Smith,yvonnebaker@example.net,"79248 Brooks Inlet Millerview, OK 23637",2023-01-11
391,Tina Pierce,joshuaortiz@example.com,"19922 April Garden Port Douglas, MD 48903",2021-02-03
392,Jane Dennis,james08@example.net,"7458 Dixon Rapid New Thomas, NH 25578",2024-09-29
393,Miguel Miller,gwebb@example.com,Unit 5955 Box 3928 DPO AP 49540,2021-05-01
394,Eric Williams,ginacunningham@example.net,"7331 John Bypass New Wanda, FL 05335",2020-07-24
395,Charlotte Mcgee,chavezsteven@example.com,"680 Michelle Pass Port Gregory, PW 69667",2022-08-30
396,Alexander Roth,vclark@example.net,Unit 6220 Box 8353 DPO AA 37065,2023-06-13
397,Stephen Moore,brian09@example.net,"89115 Willis Extension Kellybury, FM 61225",2023-03-11
398,Andrea Daugherty,karen49@example.com,"41240 Matthews Hollow East Anthony, NH 68985",2024-09-10
399,Melissa Thomas,marissanewton@example.org,"45612 Scott Hill Jeremyhaven, NM 74509",2022-10-19
400,Antonio Day,snelson@example.net,"720 Moss Bypass Apt. 414 New William, FM 87972",2021-02-11
