id,name,email,address,date_joined
1,Christopher Nash,larsenmichael@example.net,"8124 James Greens Suite 127 East Ashley, TN 50063",2023-09-30
2,Damon Miller,ricardo69@example.net,"PSC 5814, Box 1577 APO AE 59017",2023-06-08
3,Lori Salas,sharpshawn@example.net,"71420 Simmons Meadows Port Robyn, AK 01115",2020-03-16
4,Jared Cook,patrick18@example.com,"6971 Aaron Loaf Apt. 435 Jamiebury, OH 65313",2023-01-07
5,Anthony Herrera,angelica97@example.com,"962 Laura Mountain North Laura, UT 51180",2020-04-27
6,Jordan Callahan,jose04@example.org,"8041 Brian Light Apt. 140 East Danielle, VT 15397",2022-08-09
7,Dr. Mary Franco MD,pbrown@example.org,"5430 Frederick Neck Apt. 026 Staceybury, CO 11225",2022-03-15
8,Christopher Young,matthew90@example.org,USNV Davis FPO AE 92509,2023-09-18
9,Jillian Koch,mathew38@example.org,"48299 Lisa Run Apt. 704 South Cynthia, MI 40759",2022-06-11
10,Matthew Kelly,leematthew@example.net,"513 Hull Place Apt. 429 Dunnland, ND 71164",2023-08-23
11,Christopher Hawkins,webertony@example.com,"841 Joshua Ramp Suite 079 East Crystaltown, KS 92259",2021-04-25
12,Daniel Gibson,scottcharles@example.org,"7580 Gibson Creek Apt. 359 Gregoryfurt, NC 16099",2020-12-24
13,Samantha Rose,dustin98@example.net,"4338 Walker Via Suite 764 New Donnaborough, VA 47687",2023-10-12
14,Elizabeth Price,davisjames@example.org,Unit 1290 Box 7455 DPO AA 22578,2024-03-09
15,Diana Allen,tinahammond@example.com,"1932 Mark Union South Jasmineshire, NM 30350",2022-12-11
16,Dana Powell,dana98@example.net,"914 Catherine Gateway South Joshuamouth, OH 51323",2021-03-24
17,Brianna Hansen,orozcojoshua@example.net,"46602 Andrew Squares Suite 134 North Suzannefort, MO 25845",2023-07-26
18,Carlos Hicks,john97@example.org,"774 Gina Avenue Ramosburgh, PA 89295",2021-12-26
19,Rebecca Forbes,benjaminmills@example.net,"7655 Bryant Summit Mendozashire, MD 98229",2023-06-04
20,Holly Daniel,hhughes@example.org,"09902 Edwards Port Port Charlene, RI 91292",2020-02-25
21,Emily Kemp,barbara77@example.com,"960 Curtis Crossroad Apt. 881 Johnnyville, OH 58290",2024-01-12
22,Carol Cruz,renee51@example.com,"07589 Perry Heights Port Jeremyburgh, MH 13003",2021-12-12
23,Julie Parrish,bsanchez@example.net,"15599 Ruiz Way East Melvin, NH 99866",2023-12-28
24,Zoe Johnson,annettenelson@example.net,"999 Madison Grove Apt. 521 North Michael, UT 97801",2024-06-10
25,Kevin Williamson,johnsmith@example.net,"7092 Wu Ports Suite 704 Port Michaeltown, FL 43882",2020-08-17
26,Kenneth Thompson,mistyfuller@example.com,"477 Sherry Tunnel Stephaniemouth, AS 90726",2022-10-08
27,Madison Meyer,pwoods@example.org,"00955 Laura Pine Wardland, MH 47816",2024-06-17
28,Mr. Shane Knight,mckinneycrystal@example.com,"918 Susan Island South Melissa, MS 21373",2024-05-06
29,Howard Sullivan,megan08@example.com,"7848 Kevin Streets Apt. 462 Port Michael, WI 85743",2022-01-11
30,Emily Marks,pdavidson@example.net,"16123 Judy Ramp New Carol, WA 64164",2024-10-05
31,Gina Sheppard,karen13@example.org,"9877 Brent Keys Lake Sharonstad, PW 76407",2021-02-28
32,Beverly Randolph,alexander39@example.com,"4034 Curry Ville Suite 363 Hunterhaven, IN 48915",2022-07-23
33,Jacqueline Raymond,cwilson@example.net,USS Phillips FPO AP 76109,2023-06-24
34,Mitchell Salazar,vanessa59@example.org,"310 Small Inlet Apt. 356 Port Angelica, HI 74405",2020-01-13
35,Michael Martin,phelpscollin@example.net,"37551 Jose Shoal Apt. 824 Lake Laurenborough, VA 29458",2022-11-10
36,Jennifer Galvan,jwilkinson@example.net,"8871 Rodriguez Stravenue Suite 692 Lisatown, ME 06236",2023-05-19
37,Tina Munoz,greenpatricia@example.net,"29046 Alan Passage East Amandaside, OH 79563",2022-08-07
38,Joseph Rosario,robin45@example.net,"74306 Joseph Crescent Suite 768 West Gilbert, IL 76573",2024-01-17
39,Thomas Martin,belldale@example.net,Unit 7583 Box 6354 DPO AE 18726,2020-05-10
40,Cindy Patterson,murraymaria@example.net,"6117 Garcia Crossing Richardfurt, TN 98822",2020-09-29
41,Debra Acosta,kelly36@example.net,"966 Janice Shoal Burchborough, FM 46927",2023-02-11
42,Erik Hanson,hansonolivia@example.net,"721 Johnson Bypass Suite 177 East Robertview, NC 09758",2022-09-30
43,Mr. David Williams,michelereeves@example.net,"2058 Cunningham Mission Millerview, NY 85788",2021-11-24
44,Brian Jordan,hunterjudy@example.net,"5798 Stephens Vista Apt. 036 West James, NM 98910",2020-05-29
45,Krista Ayala,jamesholland@example.com,"0734 Peterson Land Danielsport, NM 52452",2020-09-28
46,John Hughes,phillip13@example.net,"1494 Dustin Trail Suite 578 Lake Theresahaven, NV 13870",2020-01-23
47,Jodi Reese,cblankenship@example.com,USS Aguirre FPO AA 98140,2020-07-01
48,Matthew Olson,maurice26@example.net,"11492 Karina Rapids Apt. 781 Andersonside, ID 58441",2021-01-31
49,Alec Hoffman,leonardrose@example.net,USNV Wagner FPO AA 20683,2022-12-02
50,Dakota Davis,rfoley@example.net,"24930 Russell Shoal Suite 751 Knappchester, SC 53781",2020-11-30
51,Ashley Huffman,martinsandra@example.com,"199 Nathan Squares Marissafurt, CA 25666",2021-09-11
52,Martin Reed,georgecraig@example.org,"6278 Jessica Rue Apt. 023 Sierrabury, MT 01857",2022-09-04
53,Ashley Hinton,moorewilliam@example.net,"8603 Jones Lock Lake Ginatown, VI 16281",2020-04-29
54,Christopher Nash DDS,millerstephanie@example.org,"5831 Sarah Inlet Suite 932 West Johnport, NJ 50850",2024-03-25
55,Elizabeth Adams,johnsonlisa@example.org,"8876 Walker Fall Apt. 596 South Kellyfurt, AK 83937",2024-03-11
56,Susan Sandoval,bradleyjonathan@example.com,"4869 Matthews Meadows Suite 366 Benjaminview, TX 88301",2022-12-25
57,Lisa Hill,martinzachary@example.com,"721 Pamela Valley Suite 183 Melissafort, UT 04273",2022-04-06
58,Ana Ritter,laurakramer@example.net,"699 Michael Locks North Yolandastad, AZ 87178",2020-02-13
59,James Martin,michaelmclaughlin@example.org,"0303 Claire Center Apt. 186 Lake Bradleymouth, MS 60712",2024-07-12
60,Vincent Weber,aking@example.org,"8200 Cochran Walks Gomezview, UT 95597",2024-02-13
61,Gary Wood,jordanjohn@example.com,"828 James Common Hofort, FL 66402",2023-04-24
62,Patrick Diaz,don34@example.net,"579 Alice Court Gregorystad, AR 35732",2024-01-26
63,Amber Wells,grahamangela@example.com,"60162 Matthew Keys Apt. 294 Patelmouth, IL 07781",2022-12-27
64,Emily Gallegos,robert10@example.net,"1790 Jackson Bypass North Jamesfurt, ID 35030",2021-07-14
65,Sandra Perkins PhD,ujacobs@example.net,"0752 Ford Prairie South Jeffreytown, GA 41258",2023-07-23
66,Richard Wise,jroth@example.net,"60351 Cruz Junctions Port Micheleberg, WA 97771",2022-09-04
67,Christian Walters,hollymiller@example.net,"6699 Mcdonald Place Lake William, MN 40671",2021-01-05
68,Mario Andrade,zmendoza@example.com,"751 Ruiz Coves Suite 135 Weberborough, NC 54641",2023-10-13
69,Andrew Mclean,vcampos@example.com,"41895 Hayes Knolls Carolynstad, RI 26118",2020-03-14
70,Brandon Oneill,melissa42@example.com,"708 Elizabeth Villages Port Adamhaven, MP 50849",2022-04-05
71,Diana Sims,samanthabowman@example.com,USS Martin FPO AE 74589,2020-01-02
72,Molly Houston,jennabrock@example.net,"455 Simon Fords Schwartzton, UT 94558",2021-07-02
73,Lauren Boyer,courtney86@example.org,"633 Jones Divide Lake Sarah, MN 96019",2022-02-23
74,Kristine Howard,shannon99@example.net,"73433 Karen Prairie Suite 918 Riceshire, DC 94708",2021-08-29
75,Gabriel Rogers,potterwhitney@example.net,"1534 James Club South Lisaview, MP 36877",2022-03-24
76,Sandra Chavez,kyle91@example.org,"7465 Bobby Ramp North Ashley, SC 50291",2022-12-08
77,Stanley Chandler,tiffanymorales@example.org,"054 Jones Corner Javierfort, MO 21270",2023-08-27
78,Gina Zhang,porternicole@example.com,"85568 Jermaine Turnpike Suite 989 Jessicachester, AR 20880",2020-11-18
79,Katie Thompson,lunaalicia@example.com,"60054 Vanessa Mountain Priceton, WA 77312",2021-04-10
80,Nathaniel Mills,ryan29@example.com,"505 Elizabeth Drive South Raymondside, MN 99351",2021-07-14
81,Larry Patel,maldonadoryan@example.org,"784 Allison Shoal Smithland, IA 26158",2023-07-09
82,Anthony Nielsen,richardlopez@example.org,"8456 Moran Shoals Lake Deanfurt, VA 81579",2023-03-24
83,Andrew Lee,charlesfleming@example.org,"2735 Nash Inlet Lake Evelynmouth, CO 45130",2021-06-12
84,Phillip Underwood,melindaking@example.com,"8590 Robert Tunnel Suite 331 Lake Ashley, GA 57862",2021-02-21
85,Misty Sellers,jason58@example.com,"63548 Freeman Springs South Nancy, OK 93016",2021-01-26
86,Benjamin Ferguson,tarawilkerson@example.net,"32414 Wells Squares Castroton, RI 31460",2020-08-28
87,Donald Cortez,wilsontara@example.net,"745 Joseph Vista Timothybury, WI 88524",2023-06-14
88,Sheila Price,marksmith@example.com,"135 Sanchez Bypass Apt. 325 Raymondton, AS 21788",2021-12-17
89,Brian Jones,aliciaallen@example.com,"1450 Mcdaniel Meadow Suite 839 North Susanfort, GU 05100",2020-09-30
90,Laura Contreras,pbell@example.com,"672 Vaughn Trail Lake William, NC 78271",2023-10-16
91,Jesse Ward MD,vincentrobinson@example.org,"8324 Bell Pike Jacobfort, NY 29796",2021-04-28
92,David Powers,james76@example.org,"9985 Herrera Extensions Apt. 719 West Tracybury, NJ 32866",2021-05-16
93,Amber Terry,trogers@example.net,"30205 Diana Mission Taylormouth, MT 22994",2022-07-05
94,Tara Wood,patricia47@example.com,"5387 Jessica Corners East Michael, VI 59722",2023-05-22
95,Danielle Fletcher,paynealicia@example.com,"1667 Juan Falls South Aaron, AS 76709",2020-03-24
96,Jonathan Navarro,danielle48@example.com,"1262 Mario Place Lake Connor, VT 09620",2020-09-19
97,Peter Brock,jenniferforbes@example.com,"6055 Timothy Mission Suite 013 South Taylor, GU 58009",2022-10-24
98,Melanie Franklin,roberthall@example.org,"82495 Dana Stravenue Apt. 056 Lake Jenniferstad, MN 81771",2020-03-25
99,Jennifer Thornton,jessicacowan@example.net,"7773 Reyes Lake Apt. 674 Leton, VT 53293",2023-11-04
100,Thomas Williams,russellcheryl@example.net,"PSC 2091, Box 7508 APO AE 47002",2023-05-14
101,Jamie King,benjaminclayton@example.org,"58673 Zhang Springs Suite 676 Nguyenfurt, MA 67577",2022-05-30
102,Ashley Roberts,anthonybradshaw@example.org,"421 Williams Plaza Apt. 957 New Susanville, CT 54058",2022-07-18
103,Miranda Mckinney,james11@example.net,"687 Ryan Lock Chenside, FL 50544",2024-01-26
104,Tyler Scott,warrencharlene@example.org,"063 Murphy Glens Suite 386 Krystalfurt, WY 50292",2021-04-11
105,Darius Garza,alex79@example.com,"13351 Tyler Village Apt. 263 East Emilyton, OR 41354",2021-02-11
106,Amanda Kennedy,tcarroll@example.net,"221 Maureen Ramp Suite 274 Allisonborough, CA 33192",2024-09-14
107,Justin Prince,robinsonjason@example.org,"902 Buckley Parkway Suite 866 Lake Eric, IA 29522",2021-03-25
108,Scott Dominguez,hpittman@example.org,"906 James Brooks Medinaburgh, OR 06943",2021-12-01
109,Jessica Gonzales,whitemichael@example.org,"328 Clark Circle Apt. 195 Nathanfurt, NE 66427",2022-01-01
110,Susan Hoffman,vprince@example.net,"0824 Jesus Trafficway Maystad, AL 07005",2020-10-06
111,Juan Hunt,mmoore@example.com,"0775 Daniel Islands Birdton, IL 73646",2021-04-23
112,Jamie Gonzalez,hawkinssamantha@example.com,"83908 Jorge Place Suite 529 Cooperburgh, NE 33319",2021-04-15
113,Allison Smith,johnstonamanda@example.net,"5094 Diaz Cliff Apt. 256 Joshuaberg, SD 49186",2023-10-22
114,Deanna Lopez,myoung@example.net,"00425 Douglas Ford Lake Catherine, PR 58720",2023-05-21
115,Doris Griffin,pthompson@example.net,"91868 Bryan Route Warrenport, WI 95305",2021-11-19
116,Deborah Thomas,randyschroeder@example.com,"094 Hector Station Apt. 734 Scottberg, MI 73559",2024-01-26
117,Jennifer Williams,amandasmith@example.net,Unit 5780 Box 6945 DPO AA 94523,2023-10-25
118,Emily Delacruz,michaelhenson@example.org,"57297 Michael Brooks East Michaelstad, MS 93983",2021-02-09
119,Tristan Nguyen,parcher@example.org,"9678 Manuel Forest Apt. 026 South Brookehaven, NJ 86199",2022-11-26
120,Stephanie Contreras,tammyrobles@example.com,"2347 Allison Knoll Apt. 498 Lake Catherinemouth, IN 41281",2020-07-01
121,Jennifer George,colsen@example.org,"2868 Gray Fort South James, KS 29485",2023-02-28
122,Nicole Jones,mckayduane@example.net,"363 Tony Center Holmesborough, NY 22664",2023-12-24
123,Jason Johnson,wintersbrenda@example.net,"66957 Sims Loop Apt. 158 Kimberlyborough, NH 46656",2020-03-11
124,Mark Medina,vanessaday@example.net,"0674 Baker Inlet East Bobbyville, MH 24995",2024-05-26
125,Timothy Dudley,sramirez@example.net,"031 Ann Alley Bonniebury, TN 97555",2022-06-25
126,Derrick Williams,brandonfox@example.com,"3332 Valerie Ranch Suite 678 Jenningsfort, MI 99582",2024-05-27
127,Kristin Smith,leeperez@example.org,"2450 Kimberly Lights Suite 532 Lake Paul, ME 29100",2021-03-20
128,Joshua Casey,timothyross@example.com,Unit 5760 Box 3416 DPO AE 87534,2020-08-24
129,Thomas Nguyen,christie19@example.org,"459 Murray Burgs Apt. 876 Petersenchester, WV 64132",2022-03-17
130,Amanda Warren,josephcochran@example.com,"569 Marilyn Dale Port Williamville, NV 97931",2020-05-07
131,Monica Farley,yhouston@example.com,"124 Schaefer Creek Apt. 594 Lake Nicoleville, GU 71446",2020-06-18
132,Michael Smith,matthewgreer@example.com,"4173 Gregory Extension Apt. 160 East Wanda, CA 53005",2020-09-24
133,Jeffrey Cooke,steineric@example.org,"3480 Clark Causeway Suite 464 Florestown, RI 64233",2023-05-16
134,Michelle Rhodes,anthonycurtis@example.net,"807 Regina Junction Apt. 936 Jenniferberg, NC 98539",2021-04-06
135,Alejandro Murray,mmoon@example.com,"0967 Ford Manors Christietown, MO 66572",2021-06-23
136,Jennifer Fields,smcpherson@example.org,"3667 Smith Highway Kevinville, WV 78676",2020-08-17
137,Ashley Thompson,shoffman@example.org,"214 Arroyo Centers Suite 198 North Cynthia, PR 68239",2021-08-13
138,Devon Hall,karenwalsh@example.org,"24062 Richard Junction New Tammy, OR 21653",2020-05-21
139,Eugene Frost,wwilliams@example.com,"3703 Fowler Curve Suite 336 East Haley, TX 54488",2024-08-28
140,Thomas Allen,jack25@example.com,"3348 Peggy Roads Suite 498 Kimtown, OK 54640",2024-05-28
141,Amy Lucas,johnsweeney@example.org,USNS Smith FPO AP 30780,2024-05-15
142,John Parker,hansenandrew@example.net,"386 Robert Terrace Suite 589 Wilkinschester, DC 04193",2024-04-01
143,Rebecca Lara,jennifer27@example.org,"113 Joshua Junctions New Thomas, OH 63571",2020-03-09
144,Samantha Bradford,jaredjackson@example.org,"2765 Harmon Highway Suite 435 South Matthewhaven, OK 87319",2021-05-24
145,Tristan Fitzgerald,michaeldavis@example.org,"989 Ashley Cliff Apt. 086 South Traceyborough, AS 90451",2024-10-04
146,Tracy Fuller,rebeccahuang@example.org,"064 Megan Rest Apt. 049 Alimouth, MP 47238",2020-11-06
147,Kenneth Carrillo,steven56@example.org,"668 Duncan Island Apt. 410 West Heidiborough, TX 61357",2021-05-26
148,Casey Bryant,steven61@example.net,"2323 Thomas Bridge Lake Erin, NH 01455",2023-05-06
149,Rhonda Mccoy,qmyers@example.org,"0587 Kramer Walk Suite 322 Smithmouth, AR 34454",2021-06-09
150,Joseph Garrett MD,kenneth26@example.org,"567 Watson Trace Cynthiaton, DE 39261",2024-04-16
151,Kelsey Moore,hayley35@example.com,Unit 3675 Box 9737 DPO AA 28851,2023-03-09
152,Ryan Hernandez,josephwilson@example.net,"929 Tiffany Alley Valeriechester, OR 58210",2021-03-01
153,Rebecca Davis,ericpham@example.net,"00681 Velazquez Lodge North Paula, NM 87211",2021-02-14
154,Jonathan Hurley,gregorydavis@example.org,"653 Thompson Passage Danielville, ND 90619",2021-11-04
155,Donald Martin,graymark@example.net,USCGC Bauer FPO AE 31020,2024-01-19
156,Gary Houston,alvarezwilliam@example.net,"PSC 4081, Box 0393 APO AA 83968",2020-07-26
157,Susan Ward,browndavid@example.com,"7839 Joseph Locks Port Seth, PW 30401",2020-08-31
158,Stacy Fuller,icraig@example.com,"497 Nicole Radial West Triciafort, NM 04935",2022-10-02
159,Tracy Delgado,johnhall@example.com,"43351 Arnold Drive Suite 520 West Alyssa, PA 10651",2020-10-18
160,Susan Murphy,icontreras@example.net,"66445 Emily Route Campbellmouth, NJ 49176",2023-12-27
161,Alexandra Morrison,bakerjoan@example.com,"926 Lori Views Suite 399 Bethfurt, VA 86482",2023-12-16
162,Christopher Shaffer,frobbins@example.net,"4110 Tina Springs Apt. 483 Matthewton, GU 35699",2022-03-27
163,Gina Thompson,brianmitchell@example.org,"328 Garcia Tunnel Suite 844 Markshire, NV 39128",2023-12-04
164,Katie Johnston,tracy24@example.net,"4716 Hayley Mountains Suite 881 Hernandezland, ND 74867",2020-05-31
165,Carol Monroe,friedmanian@example.org,"946 Kim Park Port Corey, MT 97743",2020-10-20
166,Monica King,omoses@example.net,"106 Turner Estates Garciamouth, DE 96253",2020-06-17
167,Michael White,danielle35@example.com,"4278 Ryan Park Apt. 834 Ewingshire, WV 63058",2023-05-22
168,Kelly Sanchez,hansenjustin@example.com,"334 Phillip Shoal Powellmouth, GA 24033",2022-08-11
169,Vincent Mccall,molly77@example.net,"82683 Terry Track East Darren, ME 59296",2021-11-18
170,Samuel Clark,patricksalazar@example.com,"6995 Molly Lights Port Johnfurt, PW 25678",2020-08-08
171,Anthony Morrison,christian51@example.org,USNS Wells FPO AP 23289,2021-09-09
172,Brittany Benitez,zhowe@example.net,USNV Meyer FPO AE 55379,2023-10-13
173,Gina Sexton,james99@example.com,"487 Baker Trail Suite 321 Welchchester, TX 69652",2021-03-16
174,Joel Davis,ianwhite@example.com,"PSC 0425, Box 7398 APO AP 18946",2023-09-15
175,Ashley Esparza,millercatherine@example.net,"268 Erickson Camp Apt. 863 Gibsonburgh, GA 39565",2021-12-25
176,James Fry,thompsoncole@example.org,"3219 Howard Crest Suite 774 East Robertfort, VT 87398",2023-09-24
177,Kevin Turner,kimberly09@example.net,"81210 James Points Suite 353 Jeffreyport, DC 61690",2023-07-25
178,William Farmer,huntermark@example.net,"485 Johnson Keys Apt. 145 Johnsonmouth, NE 04146",2024-05-18
179,Teresa Murphy,rschultz@example.net,"98493 Helen Place North Nathan, IN 66946",2023-11-26
180,Thomas Lang,kristopher23@example.com,"3946 Reilly Cliffs Rickyview, VI 74464",2023-11-05
181,Cathy Williams,jgonzalez@example.com,"50664 Hoffman Ports South Tammy, MT 37307",2021-05-15
182,Rachel Brown,simonjason@example.org,"227 Becker Prairie West Amy, IL 59800",2020-04-29
183,Ellen Edwards,carsonjennifer@example.com,"01241 Miller Light East Tyler, MN 68198",2020-02-10
184,Michael Mack PhD,howardgomez@example.net,"4405 Cynthia Island Apt. 613 Lake David, CA 57963",2020-09-06
185,Suzanne Bailey,trichards@example.net,"078 John Manor Apt. 138 North Marytown, WY 61855",2020-05-04
186,Kathleen Mason,xdennis@example.net,"56776 Romero Corner Suite 910 West Amanda, IL 73672",2022-08-13
187,Lisa Warner,donna12@example.com,"445 Kimberly Stream Port Morganport, MP 80378",2021-06-08
188,Andrew Richardson,smithjacqueline@example.net,"94968 Schultz Roads Suite 537 New Elizabethmouth, AS 19814",2023-01-12
189,Mrs. Amanda Martin,campbellcolin@example.org,"11814 Watson Square Apt. 714 Port Adamberg, HI 62160",2023-03-08
190,Stephanie Williams,wrodriguez@example.net,"8930 Mark Gardens Cobbtown, IN 77027",2023-08-06
191,Donald Ross,fchandler@example.net,"30885 Michael Light Ortizfort, UT 07000",2023-08-09
192,Nathan Anderson,estewart@example.com,"8296 Smith Row West Tamara, ME 76521",2021-09-07
193,Michael Raymond,brian45@example.org,"2267 Jesse Stream New Jessicafort, AR 52013",2024-01-31
194,Jessica Walton,kristi24@example.org,"4002 Williams Crest New Sharon, NM 93454",2023-02-09
195,Karen Petersen DVM,michaelmcclain@example.net,"188 Gregory Keys Suite 059 Jackside, TX 64322",2021-02-05
196,Jessica Smith,williambrown@example.com,"491 Osborn Road Apt. 637 Huntville, DE 94218",2021-07-10
197,Audrey Wiggins,nicholas10@example.net,"4028 Adrienne Cliff Suite 233 Jennafort, SC 14031",2023-05-10
198,Theresa Hernandez,ktorres@example.org,"325 Michael Turnpike New Ashley, AL 59649",2021-03-21
199,Daniel Acosta,gchavez@example.com,"34590 Brandon Walk Lake Ronaldfurt, MA 70814",2023-12-19
200,Elizabeth Lyons,gouldnathan@example.net,"6330 Edward Ford Suite 702 North Marissaville, MO 40247",2021-08-26
201,Paula Fox,ybell@example.net,"34720 Gomez Junction Apt. 627 Smithview, SC 91388",2020-06-06
202,Tina Wiggins,nathanmiller@example.net,"30060 Carter Brook Suite 210 Dannyside, GA 21485",2023-09-01
203,Michael Richards,sarahjensen@example.net,"479 Raymond Stravenue Suite 331 Lake Davidmouth, KY 60162",2020-10-14
204,Jeremiah Morris,kroach@example.net,"992 Cox Causeway Suite 908 Lake Andre, MS 78361",2022-02-24
205,Robin Torres,isparks@example.org,"PSC 1992, Box 1001 APO AA 34264",2022-06-24
206,James Roberson,mistyphillips@example.com,"41432 Mcpherson Stravenue Adamston, MS 65066",2022-06-06
207,Jonathan Gregory,bcook@example.org,"6275 Kimberly Garden Lake Krystalborough, MS 84546",2023-07-15
208,David Cruz,sanchezedward@example.net,"4787 Michael Passage New Jesusborough, NM 80562",2024-07-26
209,Lydia Wolfe,dianaandrews@example.org,"276 Smith Streets Brownland, NE 26514",2024-01-13
210,Stephanie Harris,christiangray@example.org,"034 Larsen Forest Port David, NV 09346",2023-11-04
211,Alison Blankenship,usnyder@example.com,"33226 Rodriguez Parks Suite 977 Port Jameschester, NH 14116",2023-05-05
212,Melissa Wolfe,mfreeman@example.net,"0690 Cox Court West Robert, NV 89578",2024-01-07
213,Sonya Reynolds,drodriguez@example.net,Unit 0896 Box 9603 DPO AE 89439,2020-09-05
214,Victor Houston,idaugherty@example.com,"53869 Michael Village Suite 632 Pamelamouth, PW 62331",2022-01-30
215,Debra Allen,chungkrystal@example.com,"713 Tate Spurs Alexanderport, WA 41134",2022-04-17
216,Christopher Hughes,heather40@example.net,"886 Evans Drives Port Mauricetown, MH 79248",2021-07-19
217,Brett Porter,martinezsydney@example.com,"23366 Angela Lock East Tiffany, WV 03953",2023-05-18
218,Garrett Myers,pollardsharon@example.com,"468 Dennis Light Gardnerville, MI 83888",2020-02-06
219,Martin Gregory,charlesbright@example.com,"1396 Danielle Divide Apt. 333 Wilkinsonmouth, MT 76805",2024-02-06
220,Cheryl Perry,whunter@example.org,"9961 Anderson Burg Suite 256 New Rebecca, AK 18478",2021-02-09
221,Lindsey Brown,wendy98@example.net,"3454 Ryan Stravenue Pamelaton, OK 98979",2020-08-15
222,Laura Ramsey,crystal37@example.net,"891 Chaney Tunnel Suite 695 South Michael, MT 45874",2024-03-17
223,Daniel Gray,danieljackson@example.com,"41646 Fisher Fork West Joshuafort, SD 27278",2023-05-01
224,Kevin Taylor,rodneyrichards@example.com,"700 Derrick Forest South Kimberly, AR 65743",2023-06-17
225,Ashley Campbell,leslie29@example.com,"205 Melissa Bridge Port Margaretchester, OK 26610",2021-10-18
226,Nicole Nguyen,qrice@example.net,"471 Brett Drive West Gina, RI 92492",2021-09-19
227,Rebecca Wright,adrianabarnes@example.net,"20263 Connie Streets Wheelerview, OK 12327",2021-01-10
228,Alicia Hayden,jonesgwendolyn@example.org,"42585 Hill Mission New Elizabethstad, UT 44810",2020-01-10
229,John Anderson,alexwashington@example.org,"1340 Li Ranch Port Joelfort, AK 98069",2021-02-23
230,Erica Henry,dianasantiago@example.net,"935 Brown Mission Suite 944 North Amandaside, CA 46642",2023-02-26
231,Kyle James,vcarter@example.org,"28727 Taylor Ports Scottport, FM 04708",2023-09-08
232,Derek Newman,pparrish@example.net,"5118 Joseph Flats Apt. 921 West Margaretland, OK 82943",2023-07-16
233,Nicholas Brooks,sedwards@example.org,"463 Walsh Creek Apt. 305 Mauriceville, NH 83443",2023-03-08
234,Brenda Smith,kenneth48@example.com,Unit 4423 Box 5079 DPO AA 53875,2021-12-28
235,Mark Myers,odouglas@example.org,"68904 Lori Knoll Williammouth, NC 15913",2024-08-01
236,Dr. Adam Walker,petermoore@example.com,"72919 Peterson Bypass Apt. 389 Port Amandaberg, MT 01383",2022-10-04
237,Jacqueline Welch,johnsonsteven@example.net,"63286 Melton Rapids Christopherton, AR 42455",2023-11-13
238,Dr. Anna Jensen,padillarandy@example.net,"844 Estrada Causeway Kathleenmouth, MD 22646",2020-03-22
239,John Roberts,benjamintaylor@example.net,"4869 Williams Club Suite 529 South Sarashire, WV 29058",2022-12-21
240,Maria Brown,davisjohn@example.org,"918 Lewis Plaza Apt. 337 Jasonbury, OH 32422",2023-10-26
241,Mr. Charles Coleman,boonekevin@example.com,"72446 Palmer Center Shelbyhaven, SD 58896",2020-03-29
242,Michael Vaughn MD,alexandermorris@example.com,"611 Rita Ports Jeffreyshire, ND 70368",2024-09-06
243,Joanne Gutierrez,trujillomalik@example.org,"1245 Carroll Manors Suite 917 North Teresaberg, DC 61486",2024-01-23
244,Kristie Jennings,marksmith@example.net,"59177 Lindsey Oval Justinside, MH 93870",2024-03-27
245,Bryan Rodriguez,robertbooth@example.org,USNS Fox FPO AE 91315,2022-05-22
246,Robert Whitehead,robert33@example.net,"0116 Miller Meadow Johnsonhaven, NV 73597",2022-04-17
247,Samantha Young,marilynsmith@example.org,"6421 Heidi Square Lake Matthew, GU 18454",2023-06-26
248,Harry Smith,ebryant@example.org,"03436 Brandon Ramp Kristintown, MP 95278",2024-01-07
249,Emily Smith,copelandgeorge@example.com,"056 Stewart Glens South Tracyfurt, AS 39200",2020-02-08
250,Jill Simmons,mitchellfranklin@example.com,"PSC 1565, Box 7496 APO AA 63992",2022-10-04
251,Mariah Gonzalez,rogersdorothy@example.org,"PSC 7234, Box 1517 APO AP 13118",2022-10-02
252,Morgan Swanson,alexanderweber@example.net,"383 Miller Alley South Peggy, GA 55017",2020-08-09
253,Sandra Wilson,danielturner@example.net,"5816 Dillon Summit Apt. 860 Port James, ND 37352",2023-10-10
254,Christina Lewis,mbishop@example.com,"56347 Kathleen Brook Apt. 664 Colemanborough, PW 47625",2023-03-11
255,Cheryl Curtis,stephaniemanning@example.org,"5096 Joshua Square North Helen, KS 84764",2021-05-18
256,Jeffrey Valentine,smithmary@example.org,"662 Thomas Union Port David, LA 50903",2021-01-16
257,Jerry Black,heatherbrown@example.com,"982 Joseph Pike Daniellemouth, ME 16732",2021-03-28
258,Valerie Allison,stephaniecombs@example.org,"8872 Curtis Station Denisechester, PA 26150",2023-10-10
259,Ronald Hunter,solissara@example.com,"332 Brandi Plains Apt. 146 Christophertown, AR 45946",2021-02-05
260,Tyler Logan,wongbrian@example.com,"495 Grant Knoll East Mark, PR 52856",2020-10-19
261,Andrea Anderson,roliver@example.org,"0478 Jones Village Apt. 713 East Clarence, CA 74584",2022-09-10
262,Katrina Miller,priscilla96@example.org,"2672 Gray Courts Apt. 807 Barbarachester, RI 10561",2020-10-15
263,Steven Vargas DDS,jimmyconway@example.net,"8896 Kimberly Field Port Sarahview, MA 69796",2021-08-11
264,Regina Rivera,meganbrown@example.net,"40414 Alvarez Summit Apt. 659 Port Michaelbury, MN 02059",2023-03-04
265,Nicole Rodriguez,catherinevasquez@example.net,"938 Lisa Lights Suite 963 West Ashley, IA 37351",2020-01-01
266,Mary Holmes,anthonytaylor@example.org,"642 Mcdonald Way Suite 913 Sharonland, IL 05908",2023-12-14
267,Elizabeth Moore,herreradaniel@example.net,"2012 Whitney Inlet Suite 841 Mejiamouth, PR 82749",2024-07-16
268,Nicholas Harris,victorhardy@example.net,USS Stokes FPO AA 04529,2020-10-28
269,Christopher Diaz,xwilliams@example.com,"61439 Denise Union Apt. 173 Arnoldside, WY 77980",2022-07-28
270,Pamela Johnson,michaelcummings@example.org,"26291 Isaiah Lock Suite 033 Melissafort, SC 23461",2021-05-28
271,Katelyn Richardson,marcusscott@example.net,"28579 Brady Ranch Andrewville, PW 89782",2021-08-08
272,Krista Carter,kevin47@example.net,"5902 Paul Path Apt. 711 Martinezburgh, ND 96716",2023-12-25
273,Timothy Herrera,darren54@example.org,"549 Michelle Circles Leblancborough, GU 48155",2024-04-24
274,Victoria Gallagher,krocha@example.org,"085 Johnson Causeway Suite 674 Lake Joel, UT 50680",2021-04-15
275,Sarah Combs,timothy30@example.com,"13747 Mike Forges Apt. 617 Cheyennetown, FM 64346",2023-12-26
276,John Mendoza,michael18@example.net,"5461 Desiree Manor West Joseph, MS 22266",2021-10-21
277,Heather Turner,lindacasey@example.org,USS Bernard FPO AE 89333,2021-03-14
278,Tim Armstrong,cstanton@example.com,"920 Zachary Forest Suite 169 Vincenthaven, AL 14578",2023-05-07
279,Anna Brennan,fosternancy@example.net,USS Fields FPO AA 88008,2024-07-18
280,Christina Silva,thendrix@example.com,"1407 Michelle Lane Apt. 200 Lorishire, DC 40710",2020-08-11
281,Chelsey Morton,gail00@example.com,USNV Carroll FPO AA 57613,2023-11-13
282,Jay Robles,arthurhumphrey@example.org,"2950 West Plains Apt. 096 South Cynthia, NJ 94117",2022-07-06
283,Mary Guerra,jacquelinecruz@example.net,"1665 Gonzalez Brooks South Susanhaven, MA 35143",2022-08-16
284,Rebecca Mcdonald,courtney85@example.net,"5645 Scott Highway Apt. 526 Brandonstad, AL 22431",2021-10-22
285,Richard Torres,sfoster@example.org,"4893 Harris Views New Nicholas, AZ 11537",2020-09-26
286,Matthew Black,loganclark@example.net,"60364 Hernandez Shores Port Keith, AS 32589",2021-03-18
287,Christopher Harris,kevin03@example.org,"4158 Michelle Run Riveraview, DE 43845",2023-03-17
288,Paul Young,rodriguezkevin@example.org,"9806 Jensen Radial Apt. 550 Pricefort, IL 47924",2023-08-10
289,Andrea Blair,nathan65@example.net,"958 Cannon Walks Port Williamfort, MP 06185",2021-03-01
290,Jeffrey Bates,katrina21@example.net,"979 Wendy Key South Michelle, LA 29433",2022-03-05
291,Jeffrey Brown,laura69@example.com,USNS Smith FPO AE 97067,2022-11-10
292,Brian Rios,dawn03@example.net,"6222 Jackson Forges East Jessicamouth, PA 74244",2023-11-03
293,Ms. Carmen Small PhD,daniel81@example.net,"68206 Tonya Plains Apt. 309 Fuentesfort, VT 19019",2024-06-07
294,April Howell,gmartinez@example.net,"8625 Antonio Inlet Shaneton, OR 74637",2024-09-21
295,Joe Watts,pottercynthia@example.org,"7975 Silva Manors Christopherhaven, WY 95247",2022-06-24
296,Hannah Cook,bakerkevin@example.org,"7920 Moore Spurs Lisafort, MH 73282",2024-01-17
297,Kristin Shelton,hmiller@example.org,"560 Miller Corners Suite 286 East Julieville, CO 70719",2024-09-09
298,Ronald Nguyen,toddsanchez@example.com,"880 Joseph Summit Christianside, ID 96326",2023-06-20
299,Kenneth Anderson,jamesbrooks@example.net,"67179 Amanda Locks Apt. 714 Walkerport, AZ 82052",2023-09-22
300,Teresa Miller,gonzalezmaria@example.com,"15137 Glover Turnpike Apt. 558 West Gregory, KS 96013",2024-04-19
301,Linda Chase,rrowland@example.org,"62723 Collins Crest New April, NE 67139",2022-12-16
302,Kelsey Bryant,kevin82@example.net,USNV Hardin FPO AP 75724,2020-10-12
303,Devin Stevenson,iwright@example.net,"583 Cuevas Crescent Suite 069 South Ryanton, WA 31397",2023-10-05
304,Erika Spencer,larry87@example.com,"34639 Michael Route Lake Michaelville, NJ 00937",2023-12-19
305,Sandra Williams,michaelwong@example.com,"1885 Davis Path Lake Lindsayside, LA 36563",2021-11-01
306,Peter Barber,pattersonricardo@example.net,"71789 Anderson Pass Suite 782 Port Beverlymouth, IL 06096",2020-12-19
307,Ellen Bell,amorrow@example.com,"27874 Haas Place Suite 592 South Thomas, GA 11013",2022-03-22
308,Julie Anderson,reneewall@example.net,"992 Jonathon Roads Suite 158 New Vanessafurt, GU 80115",2022-11-06
309,Tara Benitez,melissa90@example.org,"01299 Alisha Island Apt. 898 Allisonport, PR 81252",2022-05-13
310,Erik Booth,anthonyevans@example.com,"16083 Roy Port Apt. 020 West Angel, MI 95136",2020-10-25
311,Savannah Anderson,angelabecker@example.com,"87900 Ward Falls Apt. 210 North Danielchester, MA 19748",2022-12-01
312,Susan Harris,yfischer@example.net,"5754 Weber Drive Darrellport, NM 11323",2021-03-26
313,Michael Bowers,olee@example.org,USNV Chung FPO AP 60667,2021-12-18
314,John Alvarado,xlopez@example.com,"49353 Chelsey Pines Lawrenceport, OK 76713",2020-01-15
315,Timothy Hernandez,russelldavid@example.org,"90526 Jason Falls Suite 968 New Timothyshire, FM 09242",2022-03-29
316,Kimberly Garcia,hollanddebra@example.com,"5716 Emily Path Suite 958 Mariaview, VA 58054",2023-06-19
317,William Lowe,pennywilkerson@example.org,"984 Riggs Mills Apt. 878 New Royfurt, RI 74540",2020-04-20
318,Chelsea Villa,corey35@example.com,"37972 Angela Groves Barbaraborough, PW 79717",2023-10-23
319,Lisa Peters,kenneth66@example.org,"699 Leah Flats Suite 462 Lozanoborough, ND 41052",2020-02-20
320,Natalie Phillips,bjohnston@example.com,"15358 Navarro Ranch Washingtonhaven, CO 70251",2023-01-09
321,Lindsey Brewer,jacob07@example.com,"0754 Shelby Spur Suite 760 Klineborough, CA 63312",2022-06-19
322,Dawn Thomas,evansrobert@example.net,"657 Sherry Roads Apt. 798 Port Juliachester, NE 31129",2021-01-24
323,Amanda Fox,lynnjohnson@example.net,"16477 Tamara Cape East Dannyfurt, MN 83990",2023-10-14
324,Mary Dunn,clarkjohn@example.org,"99387 Davis Plaza Suite 986 West Kimberly, WA 92460",2024-03-22
325,Eric Boyd,kevinmccoy@example.com,"22966 Bernard Center Apt. 596 Michaeltown, DC 96350",2023-06-02
326,Adrian Lee,cortezchristine@example.org,"9908 Johnson Stream Suite 737 Donnamouth, ND 75602",2020-12-04
327,Michael Lewis,mwhite@example.org,"3405 Brown Springs Dylanborough, NM 32649",2024-09-03
328,Miguel Hoover,berrynicholas@example.com,USS Mann FPO AP 98541,2023-06-28
329,Andrew Roberts,lovewendy@example.net,"7417 Carl Cliff Sarahmouth, TN 64994",2024-04-14
330,Jeffrey Harris,larryyoung@example.org,"80216 Karen Port Apt. 951 Katherineborough, IA 06339",2021-03-13
331,Jennifer Smith,millskevin@example.com,"9240 Rodriguez Place Apt. 849 New Michael, ID 37719",2024-08-04
332,Kenneth Villegas,ywalton@example.org,"4356 Rose Crossroad Leestad, MD 36591",2020-04-07
333,Raymond Matthews,andreaweiss@example.org,"019 Xavier Causeway North Donna, NY 79022",2023-12-04
334,Sonya Henry,heather33@example.com,"054 Jones Mountain Suite 558 South Pamelashire, TN 38555",2023-08-17
335,Richard Hamilton,ashley85@example.net,"96802 Kimberly Way Apt. 692 West Charles, IN 95479",2020-09-28
336,Jose Hunt,georgediana@example.org,USCGC Cruz FPO AA 99105,2023-12-24
337,Scott Wagner,ryan07@example.net,USCGC Dunn FPO AA 10547,2023-08-14
338,Brent Rodriguez,gbaker@example.com,"6051 Jordan Dam Mariaview, MT 84846",2021-04-13
339,Jason Crawford,lisa17@example.net,"77563 George Extension New Jerryborough, ND 74432",2024-09-24
340,Christopher Lam,steven10@example.net,"97637 David Plains East Linda, MI 94802",2023-09-21
341,Kelly Hughes,garrett33@example.org,Unit 1674 Box 2370 DPO AE 12513,2024-05-21
342,Deborah Higgins,samantha88@example.net,"978 Christina Forks Apt. 896 Melissaport, OR 27622",2020-06-12
343,Michelle Johnson,osandoval@example.com,"62127 Bass Radial Apt. 788 West Robert, UT 88648",2023-11-04
344,Anthony Richardson,kristenkelly@example.com,"9956 Chambers Trail New Justin, MH 99696",2022-12-30
345,Michelle Williams,rwashington@example.com,"235 Crawford Avenue Apt. 494 Walkerberg, ND 23680",2024-08-18
346,Susan Bass,kirbymichael@example.net,Unit 9627 Box 7316 DPO AE 67718,2023-05-12
347,Faith Williams,richardharrington@example.org,"2321 Little Flats Apt. 437 Port Michele, LA 17227",2021-11-14
348,Timothy Lucero,barry75@example.org,"7148 Paul Ville South Cheryl, MS 56166",2024-05-28
349,Jessica Howard,sara27@example.net,"398 Spencer Loop East Cynthia, WY 50252",2021-03-25
350,Joshua Smith,davisrichard@example.net,"3576 Hill Mall Lake Shawn, PA 70821",2023-01-29
351,Jacqueline Flores,cwarner@example.org,"9544 Shaw Springs East Kennethfort, NE 12655",2020-12-06
352,Barbara Schmidt,gsloan@example.org,"764 Emily Village Saraburgh, FM 74225",2024-03-29
353,Victor Patterson,qbradshaw@example.com,"1761 Khan Divide Suite 149 South Juanton, WA 63996",2023-09-22
354,Jacqueline Beltran,reyesrobert@example.org,USS Curry FPO AA 12762,2022-06-07
355,Angela Gonzalez,rodriguezbrenda@example.net,"718 Jesse Stravenue Mcfarlandview, MO 51799",2021-02-02
356,Andrea Evans,egregory@example.net,"72613 Wesley Causeway Apt. 066 New Angelafort, ND 47726",2021-07-26
357,Steven Ellison,ajones@example.net,"6983 Janice Parkways Lake John, IN 56759",2024-07-26
358,Amy Burton,vincentcoleman@example.net,"5182 Erik Canyon Jonesberg, MO 85018",2024-03-25
359,Joel Murray,gregoryguzman@example.com,"6917 Shaw Rapid West Aimeeland, WA 31727",2023-10-12
360,Laura Townsend,plarson@example.org,"908 Kathryn Glens Apt. 145 West Chloe, KS 91650",2021-11-04
361,Paul Jones,melanieramos@example.net,"712 Kerr Turnpike Suite 007 Masonhaven, VI 05392",2022-03-28
362,Tiffany Wright,lramirez@example.org,"0515 Gordon Station Apt. 642 Emilyland, FL 66610",2021-08-04
363,John Romero,katherineporter@example.org,"9038 Timothy Drives Apt. 615 Rachelport, FM 60722",2022-04-17
364,Cory Mason,nicholas65@example.net,"188 Lewis Port Suite 728 New Josephchester, ME 76363",2023-04-06
365,Vanessa Carter,eric14@example.org,"77685 Leroy Mount Apt. 150 East Robin, DE 39452",2020-05-21
366,Shawn Salazar,wademaria@example.net,"PSC 7283, Box 2725 APO AE 87713",2023-09-16
367,Ashley Baker,hdean@example.com,Unit 7991 Box 9504 DPO AP 54669,2021-08-09
368,Grace Bowman,stevenalvarado@example.com,"62007 Roy Pass Suite 277 Charlesfurt, KY 68361",2020-04-01
369,Michael Hopkins,taylor47@example.com,Unit 3150 Box 4393 DPO AA 71268,2023-12-09
370,Jessica Johnson,ryancarroll@example.org,"0578 Rose Lodge West Melaniemouth, OH 66620",2023-12-13
371,Eric Hughes,pgraham@example.com,"3042 Erin Ways Apt. 859 South Vanessamouth, TX 78643",2021-11-13
372,Barbara Mccoy,mariahernandez@example.org,"7862 Baker Glens Suite 851 Robertside, OR 12593",2023-01-17
373,Jeremy Conley,steven26@example.net,"19242 Kirby Estates East Lisa, DC 99473",2021-08-05
374,Antonio Wright,liuderrick@example.com,"789 Escobar Burg Suite 019 Johnsmouth, IL 38964",2023-07-10
375,Ruth Foley,lyonsbryan@example.org,"68652 Stephanie Mountain Suite 838 Barbertown, NH 03924",2023-10-30
376,Evan Meyer,qreid@example.org,"719 Renee Overpass Apt. 930 Port Maryville, VI 22838",2022-10-25
377,Juan Andersen Jr.,mtaylor@example.org,"9187 Michael Junctions Bryanstad, LA 54826",2024-09-21
378,Kenneth Thornton,nelsondavid@example.com,"49185 Diaz Courts Frenchmouth, PW 59221",2021-09-02
379,Theresa Torres,collierrobin@example.net,"055 James Field Port Alexview, CO 39679",2020-09-25
380,Veronica Madden,jasmine29@example.com,"00215 Hanson Path Suite 921 Edwardberg, NJ 37752",2022-07-25
381,Cameron Davenport,owolfe@example.org,USNS Stein FPO AP 76790,2021-02-11
382,Dylan Doyle,bdoyle@example.org,"70066 Nolan Union Suite 560 East Timothytown, KY 75195",2023-04-23
383,Matthew Smith,vegapaul@example.com,"853 Bradley Plains Lake Julie, NC 61903",2022-11-10
384,Crystal George,stephaniesmith@example.com,"877 Dunn Estate Tammyfort, OK 85096",2022-11-17
385,Suzanne Anderson,clarkerobert@example.org,"87776 Lawrence Springs Suite 479 Lake Anthonyfort, NV 65249",2020-02-21
386,Eric Garza,matthew73@example.org,"1417 Rodriguez Drive Suite 250 New Margaret, GU 55762",2023-01-18
387,April Hammond,glennelizabeth@example.com,"6961 Valenzuela Green Shermanton, AK 93343",2022-12-29
388,Jay Romero,jeffrey15@example.org,"86889 Eric Isle Sharonhaven, FM 11704",2024-03-31
389,Kimberly Greene,scott71@example.net,"5454 Singleton Islands Pamelastad, WY 39306",2024-02-02
390,Daniel Klein,edwardsvictoria@example.com,"07981 Ortiz Station Apt. 201 Jackview, NV 99689",2021-03-06
391,Mackenzie Wolf,margaretcollins@example.com,"40253 Alexandra Lakes Port Robert, IL 90961",2021-03-01
392,John Hall,lindareynolds@example.org,"473 Norris Greens East Kathrynstad, MP 39190",2021-04-04
393,Catherine Lozano,diazraymond@example.org,"2379 Hansen Brooks West Larry, MO 90070",2023-10-05
394,Tara Smith,bmccoy@example.org,USNV Davis FPO AA 32145,2024-02-23
395,Kathleen Johnson,lopezkatherine@example.org,"96051 Tucker Ridge Apt. 733 South Kimberly, CO 34744",2023-10-20
396,Tyler Mitchell,andrewlopez@example.com,"483 Howard Canyon Owenstown, AK 44597",2022-08-29
397,Ethan Garcia,sarah15@example.org,"9762 Anna Land Apt. 103 Larryport, MN 24012",2022-07-25
398,Stephen Williamson,rickyhernandez@example.org,"978 Jake Court Suite 890 North Shannon, UT 68133",2021-09-13
399,Nicole Terry,jamesnewton@example.net,"149 Green Garden Apt. 545 South Joycetown, NC 35688",2020-01-07
400,Kristi Taylor,xscott@example.com,"900 Daniel Mountains Calebborough, MS 85687",2023-08-06
