id,name,email,address,date_joined
1,Jill Miller,john60@example.net,"5843 Reeves Summit Apt. 177 Jonathanport, ID 04748",2021-08-29
2,Joshua Matthews,mooresarah@example.net,"0592 Rachel Brooks Suite 628 Lauramouth, VA 92186",2021-02-21
3,Timothy Carr,thompsontony@example.org,"877 Villarreal Prairie North Apriltown, KY 22159",2020-04-11
4,Justin Marshall,ksmith@example.org,"496 Sara Cliffs Suite 403 South Lauraview, AR 12728",2020-09-22
5,Kyle Randolph,elizabethcannon@example.com,"33283 West Prairie Apt. 788 Port Joanna, MS 57376",2020-07-01
6,Laura Hughes,dakotaowen@example.com,"99338 Webb Cape Apt. 632 Patrickhaven, MD 71288",2022-02-26
7,Judy Steele,zacharygarrison@example.net,"525 Smith Forest Apt. 583 South Jenny, CA 86894",2022-03-31
8,Charles Callahan,phelpscharles@example.org,"342 Adam Drive Apt. 603 South Anna, MT 94730",2020-07-23
9,Cheyenne Glover,hgonzalez@example.com,"753 Shepard Park New Tara, OH 11537",2022-06-15
10,Dr. Sean Doyle,michelle24@example.com,"0403 Lawrence Manors Andrewshire, VT 21492",2020-10-13
11,Brian Fields,sharon78@example.org,"3724 Sutton Springs Suite 239 Copelandfort, DC 16653",2022-02-13
12,Marcia Bailey,kferguson@example.com,Unit 6510 Box 9747 DPO AA 76943,2024-07-28
13,Diane Baird,alexanderjames@example.com,"6557 Sandra Meadow Suite 431 South Jeremyberg, CA 58477",2020-02-10
14,Lisa Thomas,hward@example.org,"3307 Campbell Estate Apt. 405 Henryville, GA 07974",2021-03-25
15,Michael Bradford,ashleysmith@example.org,"094 Scott Lakes West Justinbury, NM 02794",2022-07-03
16,Kelly Brennan,michael03@example.com,"9835 Wendy Skyway Cohentown, IL 25790",2023-07-10
17,Rachel Davis,qfloyd@example.net,"91697 Angela Drives Suite 451 Port Timothytown, GU 93915",2022-09-11
18,Rebecca Meyers,nfisher@example.com,"15576 Brown Trail New Olivia, VI 60790",2024-01-29
19,Nathan Dawson,fgarcia@example.com,"PSC 2024, Box 5020 APO AA 81042",2024-08-21
20,Leon Rogers,hannahschwartz@example.org,"4694 Velasquez Inlet East Christopher, VI 39079",2024-01-12
21,Miranda Huynh,jreed@example.net,"5595 Timothy Centers Apt. 669 Coryburgh, PR 35379",2024-04-07
22,Michael Armstrong,scottromero@example.com,"915 Cook Island West Scotttown, RI 10518",2023-09-21
23,Laura Rocha,ericcox@example.com,"0410 Emily Center Evanston, WA 65255",2024-08-04
24,Amanda Walker,aprilporter@example.org,"789 Webb Park Suite 302 Lindsayhaven, MS 77681",2024-01-06
25,Donald Kennedy,lauren33@example.net,"04053 Joseph Drive Suite 608 Ryanport, WY 91643",2022-03-02
26,Samuel Edwards,aguilarstephen@example.com,"389 Michael Port Port Kylechester, TN 67190",2024-09-22
27,Danielle Gray,carol63@example.org,"606 Alexis Drives Garrettfurt, AR 25727",2021-12-06
28,Ryan Franklin,qwalters@example.net,"4595 Taylor Inlet Apt. 707 West Michele, NH 34579",2020-07-31
29,Melissa Davis,etaylor@example.net,USNS Martin FPO AA 06083,2021-03-01
30,Joseph Atkins,onealelizabeth@example.org,"7285 Rodriguez Route New Deborah, NJ 31724",2021-09-30
31,Michael Lewis,nharris@example.org,"957 Bennett Mount Suite 331 Rodrigueztown, GA 37970",2024-08-21
32,Angela Carr,mitchell50@example.com,"250 Sara Track Mcgeestad, NH 25824",2022-05-31
33,Autumn Harris,ramosemily@example.com,"64782 Lewis Parkway Suite 190 Timothyhaven, CO 59003",2020-12-02
34,Crystal Duffy,bbarnes@example.com,Unit 0134 Box 1840 DPO AP 90156,2023-09-09
35,Jonathan Villa,dtorres@example.net,"9566 Corey Ville New Williamstad, AL 52368",2020-09-19
36,Richard Sherman,leonard94@example.com,"62687 Scott Underpass Gilbertfort, PA 08805",2023-03-21
37,Christopher Sutton,pwood@example.org,Unit 2832 Box 4981 DPO AE 13745,2021-05-01
38,Thomas Johnson,johnkeller@example.net,"8514 Smith Point Port Lynnshire, KY 07137",2020-12-21
39,Douglas Alexander,inguyen@example.net,"3965 Ashley Ferry Port Michaelport, NM 11882",2023-03-23
40,Andrew Hernandez,orozcomary@example.com,"914 Megan Loaf Howeshire, DE 87348",2022-05-24
41,Cassandra Martin,andrewhardy@example.org,"3040 Martin Keys Apt. 531 Joshuahaven, WA 75155",2023-07-28
42,Marilyn Underwood,grossaaron@example.net,"500 Bowman Lake Apt. 903 South Melissa, DC 24076",2022-07-08
43,James Peterson,denisetaylor@example.org,"32780 Harris Loaf Emilybury, NJ 43051",2022-03-28
44,Kevin Mills,jsanchez@example.org,"27081 Richard Vista Staceyside, AZ 78920",2021-02-06
45,Amanda Cisneros,gyoung@example.net,"264 Rodriguez Roads Apt. 815 Vazquezport, IN 34169",2021-07-29
46,Gregory Turner,qaustin@example.org,"422 Laura Mountain Turnerhaven, MI 42237",2022-03-22
47,Lori Moore,matthewking@example.net,"9436 Blake Flat Emilyton, PW 88744",2022-01-04
48,Brian Perez,michaelcardenas@example.org,"122 Joe Green Apt. 861 Phillipton, SC 19957",2022-06-18
49,John Foster,laurenwood@example.com,"970 Walker Orchard Suite 424 Johnfurt, IL 87694",2024-09-24
50,Michael Duncan,currykimberly@example.net,Unit 0346 Box 8156 DPO AP 86015,2022-08-22
51,William Wong,macdonaldmason@example.com,"44069 Jones Crescent Apt. 563 Lake Richardmouth, ND 29433",2024-02-06
52,Megan Hancock,gardneryvonne@example.org,"071 Julie Creek Port Brookefort, DE 46203",2021-10-11
53,Marissa Gibson,ajones@example.org,"46083 Lee Isle Suite 529 Hollychester, AK 80201",2020-07-20
54,Miss Elizabeth Brown,tyler20@example.org,"97501 Mckinney Mews Suite 201 Sydneyville, PR 34192",2024-01-31
55,Elizabeth Atkins,willismartha@example.org,"1354 Daniel Square Popehaven, MN 43660",2020-05-12
56,Dakota Ball,kathyjohnson@example.com,"64120 Nancy Course East Justinfurt, UT 20204",2024-10-06
57,William Rojas,turnerkevin@example.org,"8183 Matthews Falls Suite 643 Matthewmouth, NY 64498",2020-04-28
58,Scott Murray,vincentrobert@example.org,"4794 George Village Cherylbury, AL 33660",2023-10-29
59,Christopher Williams,wtorres@example.org,"995 Roberts Meadows Lake Deborah, KS 32863",2024-02-06
60,Andrew Garcia,sarahmarquez@example.com,"48287 Bryant Shoals Bradleyshire, MA 96785",2023-11-17
61,Kathryn Deleon,rhodesgregory@example.com,"4422 Goodwin Pass Johnathanburgh, TN 12997",2022-03-10
62,Joseph Avery,jeff96@example.com,"5456 Tanner Tunnel Apt. 479 East Charlotteland, AZ 35381",2023-01-02
63,Madison Wilson,crussell@example.com,"46308 Delgado Unions Valdezside, CA 46810",2020-11-01
64,Linda Greene,angelawilkins@example.org,"10967 William Springs Suite 484 Matthewton, VI 97808",2023-07-25
65,Olivia Coffey,jorgeedwards@example.org,"997 Benjamin Mountains Nicholasmouth, KY 69308",2021-07-29
66,Christine Nguyen,emilywilliams@example.com,"PSC 5177, Box 2233 APO AE 66287",2023-10-21
67,Kurt Miller,willie20@example.net,"130 Barrett Rapids Michaelchester, RI 81504",2022-12-27
68,Gina Baxter,sray@example.com,Unit 4769 Box 9794 DPO AP 25352,2024-05-09
69,Sharon Clements,wigginstammy@example.org,"541 Walter Common Mckayfort, KY 34310",2024-09-19
70,Frances Guerrero,zcunningham@example.org,"80877 Richardson Shoal South Desiree, AR 89119",2022-06-30
71,Karen Martin,stephenjuarez@example.com,"78406 Conway Forges Apt. 592 West Brookemouth, AR 64538",2021-10-01
72,Jonathan Martin,beckerelizabeth@example.org,"396 Escobar Gardens Teresamouth, UT 18423",2021-05-09
73,Bruce Carpenter,ballardashley@example.com,"33688 Thomas Highway Apt. 854 South Michaelberg, MH 07231",2024-04-05
74,Mr. Daniel Buchanan MD,nathan49@example.com,"92223 Martin Trafficway West Michelletown, PW 12300",2021-09-21
75,Stephanie Riggs,susan47@example.net,"308 Samuel Grove Lake Richardville, NV 20926",2022-05-12
76,Tiffany Rogers,abigail92@example.net,"84926 Shelton Place Suite 737 Robinsonstad, NE 39429",2022-07-22
77,Matthew Parker,ellisonevan@example.org,"15052 Hendrix Summit Suite 774 Dunlapfort, GA 32681",2023-02-23
78,Paul Riley,rossjames@example.org,"8565 Andrew Extension Suite 156 Mezastad, ME 90986",2020-10-04
79,Kenneth Mcbride,johnsonmichelle@example.com,Unit 2270 Box 2098 DPO AA 36590,2023-07-17
80,Jason Palmer MD,kjimenez@example.net,Unit 3947 Box 4486 DPO AA 38692,2022-12-03
81,Stephanie Figueroa,gibsonbrian@example.org,"04431 Hines Corner Apt. 243 Wilsonton, MH 98663",2021-07-25
82,Terry Lam,larryrobinson@example.org,"59579 Mcgee Pines Apt. 293 New Melanieburgh, NH 50744",2021-07-02
83,Morgan Hunter,brandon72@example.net,"5201 Medina Locks West Amy, IN 90875",2021-05-21
84,Penny Caldwell,christopherharris@example.net,"2888 Charles Tunnel North Christopher, IL 08086",2022-01-29
85,Paul Hamilton,millerdavid@example.net,"8181 Montoya Street Apt. 121 Bennettborough, OK 40722",2023-09-19
86,Steven Green,mcook@example.net,"42720 Austin Valley Lake Jenniferberg, UT 37333",2023-12-11
87,Mark Baker,gloverjacob@example.com,"877 Andrea Lakes Apt. 356 Banksshire, OH 87803",2024-02-13
88,Regina Lopez,victor69@example.net,"65790 Griffin Loop Suite 888 North Valerie, OH 81452",2023-05-05
89,Jesse Davidson,gabrielscott@example.net,"469 Tonya Spur Suite 745 West Austinstad, SC 84778",2021-12-08
90,Joseph Johnson,frogers@example.com,"60246 Rice Wall Apt. 224 New Todd, IA 02179",2021-08-01
91,Lisa Holloway,jeremy06@example.com,"00166 Jackson Burg Suite 687 New Michael, MO 42940",2021-10-13
92,Juan Bond,watsonjustin@example.com,"4930 Nguyen Heights Lake Kimberlyton, AL 23663",2020-04-28
93,Kyle Garrison,bernardbrian@example.org,USS Steele FPO AA 77728,2022-12-15
94,Ms. Jessica Griffith,tamaraandrews@example.com,"13452 Jonathan Brooks Suite 828 North Amanda, TN 60786",2024-07-01
95,Jessica Zavala,pricedavid@example.com,"801 Kimberly Fall Apt. 717 Beckerland, VT 44266",2022-09-01
96,Kevin White,judynorton@example.org,"10013 Henry Brook Melissamouth, HI 52996",2023-01-06
97,John Price,cynthiaeverett@example.org,"836 Thomas Port Apt. 768 West Matthewview, FM 26288",2022-04-26
98,Nicole Rivas,jademadden@example.net,"228 Kelly Common West Madisonfurt, VT 96145",2023-09-14
99,Tammy Mills,susandecker@example.com,"144 Watkins Shoals Apt. 774 Nelsonmouth, VT 56807",2021-01-09
100,Sarah White,leonardamy@example.com,"PSC 9503, Box 7324 APO AP 71319",2024-02-27
101,Austin Sanchez,marybradley@example.net,"936 Elliott Station Apt. 762 Lindaport, WY 15391",2020-08-23
102,Eric Garza,rickyhenson@example.org,"54602 Bauer Isle East Nicoleton, CA 89556",2023-12-30
103,Danny Rivas,mchen@example.org,Unit 1115 Box 6333 DPO AE 99406,2020-11-13
104,Christopher Carney,rachel21@example.org,"85921 Wolfe Crescent Morrisonfort, NC 94476",2023-11-11
105,Samuel Graham,margaret43@example.org,"06094 Whitehead Drives Apt. 080 Andreaburgh, AK 59046",2023-07-03
106,Robin Leon,dblankenship@example.com,"0678 Wendy Bypass Lisachester, MN 21356",2022-05-22
107,Desiree Russell,hcruz@example.com,"785 Christopher Rue Paulmouth, MI 13054",2020-05-13
108,Robert Hebert,vdaniels@example.org,"840 Steven Alley Sarahton, PW 79536",2024-05-06
109,Felicia Ford,tinadavis@example.com,"3972 Jason Ranch Port Donnafort, NH 51809",2020-01-28
110,Lisa Heath,davisronnie@example.com,"0096 Meghan Mountains Apt. 578 Debbieborough, ID 67625",2020-10-18
111,Steven James,roberto14@example.com,"7491 Wise Green Suite 822 Richardton, DE 16937",2022-07-20
112,Daniel Salas,mark54@example.com,"421 Herrera Parkways New Christopherview, PA 18720",2023-09-17
113,Carol Page,hjacobs@example.org,"376 Sandoval Divide West Jerry, UT 71569",2020-07-17
114,Alexis Mccarthy,vthompson@example.net,"0007 Scott Mills Murrayland, OH 16906",2023-10-23
115,Deborah Berry,hernandezthomas@example.org,"497 Jacob Divide North Saraberg, NC 34559",2023-01-11
116,Ross Frank,kingjessica@example.com,"73636 Victoria Village Suite 790 Port Kimberlybury, AK 96192",2023-12-31
117,Zoe Goodman,sandovaltiffany@example.com,"01690 Jane Roads Nelsonborough, MO 93082",2023-02-08
118,Derrick Wilson,dbrady@example.com,"2732 James Harbors Suite 327 Williamfort, NJ 94805",2023-11-22
119,David Turner,schmittashley@example.com,"912 Robert Rapids North Stephaniebury, MN 77999",2024-07-31
120,Ashley Gonzalez,brenda96@example.org,"43604 Gonzalez Neck Lake Anthony, DE 64905",2023-07-14
121,Shawn Pugh,hbranch@example.org,"41605 Juan Center Apt. 757 West Paigeburgh, AL 10904",2021-11-13
122,Patricia Avila,zchung@example.com,"9226 Hess Skyway Apt. 910 Ericfurt, NJ 56908",2022-07-17
123,Daniel Keller,melissageorge@example.net,"318 Williamson Crescent Lake Loriview, DE 54427",2021-05-19
124,Brandi Yates,brianhunter@example.net,"00468 Hernandez Inlet Fisherside, WA 60350",2023-04-18
125,Yvette Brewer,blanchardmark@example.org,"76696 Baldwin Skyway Apt. 915 Michellemouth, PW 93267",2023-10-22
126,Bobby Whitaker,kaylalara@example.org,"0836 Anthony Highway Port Danielleburgh, TX 72644",2022-05-24
127,James Mcdonald,stefanie66@example.net,"845 Gonzales Plaza Apt. 369 Youngborough, AS 98731",2024-09-03
128,Laura Robertson,abaldwin@example.net,"701 Alexander Junctions Apt. 666 Alexanderbury, DC 88425",2023-09-07
129,Marcus Nicholson,wonggregg@example.com,"55161 Joshua Villages West Garystad, VA 86065",2022-02-08
130,Kelsey Perez,rachel15@example.org,"4040 Jennifer Mountain Apt. 622 East Jared, GU 17996",2023-11-27
131,Nicholas Neal,rogersstanley@example.com,"13317 Santos Drives New Ronaldberg, AK 80524",2024-05-09
132,Mitchell Jenkins,emilyferguson@example.com,"990 Denise Drive Apt. 558 Judithburgh, MN 88787",2021-10-04
133,Shannon Barron,michael61@example.net,"65767 Andrews Lock Apt. 963 Robertview, LA 92908",2021-06-21
134,Jeffrey Goodwin,zwilliams@example.org,"900 Michelle Springs Port Matthewtown, LA 99676",2020-11-11
135,Heather Yates,davisderek@example.net,"17844 Estes Trail Apt. 088 New Caitlin, ID 05068",2023-05-06
136,John Johnson,lodonnell@example.org,"9048 Jennifer Loop Apt. 792 Port Megan, TN 30910",2020-12-28
137,Logan Davidson,rebeccabennett@example.com,"35328 Brooke Mills Suite 723 Robertsview, MA 65990",2023-08-05
138,Julie Booth,vwu@example.com,"184 Rodgers Road Apt. 805 South Lisa, CA 73719",2023-12-05
139,Seth Bennett,hunterheather@example.net,"62822 Donald Avenue Jessicaborough, MP 69340",2022-06-14
140,Rebecca Wood,tburke@example.org,"970 Paul Well New Marioville, PA 52909",2023-08-20
141,Eric Fuller,deannaortiz@example.com,"479 Sierra Crest Apt. 642 Ryanburgh, NJ 16038",2022-09-05
142,Nathan Barnes,guzmansusan@example.org,"379 Griffin Divide Apt. 113 Macdonaldbury, SC 08910",2024-07-25
143,Aaron Wilcox,james53@example.com,"06220 Valentine Mall East Jeffreyshire, NE 79839",2023-01-18
144,Nicole Barton,brycemurphy@example.org,"18771 Heath Points Murrayport, IL 66155",2022-04-08
145,Casey Santiago,veronicaward@example.com,"PSC 6828, Box 8668 APO AA 06104",2021-07-29
146,Jon Johnson,wdelgado@example.net,"386 Johnson Station Apt. 627 South Randy, SC 10681",2022-03-20
147,Ronnie Conway,lewisemily@example.com,"37463 Cynthia Vista Apt. 386 Carlabury, FL 40776",2022-06-28
148,David Ellis,donaldlopez@example.org,"660 Amanda Centers Suite 366 Zacharyborough, IN 51581",2022-10-30
149,Christopher Norman,robin21@example.com,"695 Julie Summit Williamland, NY 70359",2024-09-08
150,John Russell,patrick74@example.net,"315 Isaiah Points Lake Frederick, WI 90215",2023-07-01
151,Anita Thomas,berryjeffrey@example.com,"96350 Barrett Lodge East Tracitown, SD 15428",2022-07-05
152,Nicole Gordon,acostakenneth@example.net,"612 Christine Extensions Suite 158 North Katrinamouth, NJ 36887",2020-08-11
153,Zachary Kim,matthew59@example.org,"92729 Mann Crescent Suite 495 Vaughantown, PW 04139",2022-06-11
154,Jeremy Walter,munozchristine@example.com,"493 Mary Lakes Richardbury, OK 79006",2020-08-31
155,Bailey Williams,christy25@example.org,USS Ross FPO AE 12249,2021-05-23
156,Mr. Gregory Campbell DDS,sheenamayer@example.com,"5025 Erin Cape Suite 824 Grahamfurt, WA 29810",2024-07-04
157,Stephanie Day,tclark@example.com,"0271 Miguel Plains Kathrynside, PW 82347",2021-01-21
158,Diana Pena,benjamin01@example.net,"8044 Bond Avenue Apt. 130 Hoffmanshire, ME 69654",2021-05-01
159,Thomas Novak,kpatterson@example.net,"8852 Juarez Unions Lake Tyler, ND 42767",2020-12-13
160,Elizabeth Austin,jameschristopher@example.net,"PSC 5717, Box 1082 APO AA 68328",2024-02-12
161,Crystal Ponce,michaelhanson@example.org,"0898 Delgado Junction Port Amyburgh, LA 70059",2023-03-06
162,Kari Thomas,hartannette@example.com,"915 Lynch Fall Suite 918 West Anthony, TN 52046",2022-06-23
163,Christina Ware,brendaferguson@example.net,"15081 Donald Union Suite 146 New Kristopher, CO 69346",2023-05-03
164,Susan Short,crawforddaniel@example.org,"65496 Yates Mount Apt. 439 Kennethmouth, KY 83027",2022-03-21
165,Tracy Watts,jonathon74@example.net,"8580 Moran Center Apt. 738 North Emilymouth, ID 07710",2020-12-22
166,Robert Woods,jensendavid@example.net,"31579 Amy Prairie Jamesville, NH 94067",2022-06-16
167,David Roberts,amurphy@example.com,"5647 Caitlyn Brooks New Edwin, MD 57765",2021-01-15
168,Julie Montoya,cmacdonald@example.org,"47476 Daryl Roads Rileymouth, PA 62119",2024-05-18
169,Bruce Flores,kaitlyn37@example.org,"753 Roger Vista Colemanville, PA 63781",2023-03-23
170,Cody Gonzalez,christopher11@example.net,"82274 Reilly Pike South Christopher, DC 41818",2020-07-19
171,Stanley Francis,robinsmith@example.net,"789 Austin Circle Suite 205 Lake Joshuaport, NE 50403",2022-08-27
172,Daniel Mckenzie,hughesderek@example.net,"857 Maria Cape East Jasonland, AS 01738",2024-01-18
173,Nicholas Davis,xsims@example.org,USNS Brown FPO AP 92433,2020-01-15
174,Jeffrey Ortiz,smithjesse@example.com,"629 Clark Club Suite 496 Sotoberg, DE 50461",2021-07-04
175,Wanda Berry,bnelson@example.com,"370 Michael Shoals Suite 711 Leebury, NC 86115",2022-06-24
176,Cynthia Lawrence,krystal05@example.org,"6451 Roberson Summit Apt. 909 North Roychester, KS 25810",2024-07-29
177,Christopher Shaffer,dbrown@example.net,"152 Kevin Prairie South Donnaburgh, TN 02291",2020-10-30
178,Mary Shepard,whitechristopher@example.net,"69913 Matthew Glen Suite 189 Port Alexander, UT 96161",2024-06-25
179,Zachary Dunn DDS,williewiggins@example.net,"29493 Jessica Forest Apt. 228 North Jaymouth, OH 91825",2021-06-17
180,Lori Anderson,bethany36@example.com,"46043 Victoria Lodge Jenniferport, VT 43706",2020-04-19
181,Garrett Ponce,davisbrandon@example.com,"9138 Harvey Walk East Alanberg, PA 41681",2021-09-03
182,Deborah Garcia,patricia92@example.net,"9057 Drake Trafficway Suite 090 Port Sophia, NV 51825",2021-10-08
183,Catherine Lopez,jasonruiz@example.net,"46104 Ford Club Smithborough, MS 74588",2022-06-13
184,Katherine Cunningham,john83@example.net,Unit 4264 Box 3946 DPO AE 02626,2023-01-09
185,Tiffany Walsh,rogerhernandez@example.org,"01163 Jeffery Corners South Randy, MD 29816",2020-08-20
186,Kristin Rios,watsonsusan@example.org,"155 Michael Spring Apt. 997 New Lorifurt, MT 36272",2021-05-20
187,Anthony Simon,elizabeth45@example.net,"1029 Williams Stream Cherylview, IL 60403",2021-12-15
188,Amy Rich,rsimpson@example.org,"5446 Richardson Mountain Apt. 475 Thompsonshire, NE 59230",2022-01-25
189,Laura Khan,mariaedwards@example.com,"36413 Jimenez Passage Marissaville, FM 43486",2024-08-01
190,Tammie Garcia,alexander57@example.net,"7638 Ronald Terrace Serranomouth, NJ 03284",2024-02-07
191,Stephen Ryan,mmitchell@example.com,"78729 Stewart Land South Amanda, SD 65211",2022-10-04
192,Adam George,mckinneyleon@example.net,"1817 Barrera Forks Lake Mary, PW 95192",2024-06-06
193,Joel Anderson,snorris@example.net,USCGC Powell FPO AA 54355,2022-08-03
194,Tiffany Cox,christopherkennedy@example.com,"089 Padilla Extensions East Bradleyside, WY 13822",2024-08-17
195,Anthony Gonzalez,tonyhernandez@example.net,"0648 Tran Locks Garciabury, FL 88242",2020-01-11
196,Lauren Pham,pricejackson@example.com,USCGC Small FPO AE 03700,2021-02-04
197,Russell Mathis,samantha29@example.org,"45220 Marilyn Camp Lake Nicholasmouth, RI 08559",2022-10-24
198,Melissa Mason,kimberly18@example.net,Unit 0063 Box 6979 DPO AP 47351,2022-09-28
199,Stacey Anderson,anthonyrowe@example.com,"39461 Raymond Corner Amandaburgh, WY 32012",2020-07-09
200,Jeremy Moreno,udavis@example.net,"042 Christopher Plain Apt. 737 South Morgan, NM 99852",2023-06-06
201,Christine Hayes,max68@example.org,"92153 Stephens Curve Apt. 688 West Pamela, MD 49655",2021-07-05
202,Joseph Ferguson,garyrodriguez@example.net,"575 Myers Inlet Murphychester, CT 95607",2024-06-13
203,Kristine Anderson,mjohnson@example.net,"82765 Melanie Junction East Cynthiamouth, TX 45203",2022-11-25
204,Susan Erickson,marthavaldez@example.net,"94186 April Island Suite 699 Sherryfurt, MP 62026",2023-05-16
205,Stephanie Garner,jkirk@example.net,"12095 Lonnie Canyon Suite 714 Adamsmouth, OH 57764",2023-12-03
206,Kenneth Fisher,hardingsandra@example.com,"94854 Amanda Courts Apt. 600 Paultown, PW 24940",2021-04-22
207,Ian Ryan,richardsshelley@example.com,"6173 Poole Courts Apt. 799 Lake Monica, MO 83822",2022-03-14
208,Amanda Hoover,millerdouglas@example.com,Unit 2757 Box 5888 DPO AE 73285,2022-12-10
209,Emily Watts,vincentduffy@example.com,"4194 Barker Branch Lake Richardchester, UT 65034",2020-09-26
210,Mary Williams,barbara56@example.org,Unit 1176 Box 5535 DPO AA 28852,2022-07-09
211,Bianca Ryan,adamcrawford@example.org,"6290 Valerie Point Lake Jenniferview, NV 37331",2020-10-02
212,John Sharp,george57@example.org,"2100 Daniel Mission Apt. 924 East Norman, CO 90289",2022-05-11
213,Susan Robinson,samantha75@example.net,"15534 Flores Highway Suite 004 East David, GU 87525",2023-05-15
214,Elizabeth Bryant,sarahcisneros@example.org,"0330 Mike Wells New Troyport, AZ 63064",2021-05-08
215,David Murray,rossvilla@example.net,"2939 Douglas Ways Lake Patrickhaven, VA 33816",2021-11-05
216,Donald Taylor,sarahmcclain@example.org,"29589 Taylor Villages New Cynthia, AL 89758",2021-06-26
217,Maria Smith,fletcherdanielle@example.net,"086 Stephen Union Ashleyburgh, CO 71464",2021-03-14
218,William Johnson,mallory97@example.com,"06838 Lee Mountain Suite 311 Douglashaven, NV 97490",2021-10-24
219,Holly Burke,uturner@example.org,"23609 Randolph Track Suite 573 East Josephshire, AK 22302",2024-07-18
220,Kelly Zimmerman,thomasramirez@example.com,"83303 Adam Fields Port Erin, IL 79429",2021-09-19
221,Ronald Lee,bjohnson@example.org,"503 Jackson Corners Lake Kelly, VT 98497",2020-09-14
222,Robert Green,denise48@example.net,"PSC 7095, Box 0593 APO AA 18722",2020-01-04
223,Miranda Kim,meganbrown@example.net,"5774 Briggs Glen Garrettville, AZ 23107",2023-07-02
224,Dustin Wright,benjaminjones@example.com,"848 Davis Locks Apt. 652 Port Heather, AZ 45607",2022-04-10
225,Nancy Green,cmoore@example.net,"36754 Matthew Shore Kathleenside, NV 52909",2021-06-26
226,Christine Rivas,annewilliams@example.com,"553 Linda Port Apt. 369 Aliciaberg, AK 99935",2021-04-23
227,Samantha Brooks,brownmatthew@example.org,"95019 Matthews Locks South Jesse, NC 75793",2022-06-13
228,Debra Wiley,mark80@example.com,"48261 Jerry Track Guzmanland, GA 64682",2020-06-27
229,Adam Williams,syang@example.com,"583 Howell Ferry Apt. 170 Lake Kaylamouth, OH 72565",2022-12-31
230,Tasha Simmons,gregory08@example.com,"212 Douglas Port East Thomastown, AL 80611",2022-04-24
231,Greg Taylor,upruitt@example.com,"PSC 4077, Box 1843 APO AA 12412",2023-10-12
232,Todd White,christopher53@example.org,"6098 Anne Brook Suite 795 Lake Johnhaven, MI 68998",2024-09-18
233,Stephanie Kelley,holly93@example.net,"5246 Vincent Mountain Suite 085 Morrowhaven, TX 82112",2024-04-24
234,Tracy Matthews,karenpatel@example.com,"18855 Carter Gardens Suite 366 Roberttown, ID 07796",2020-09-21
235,Larry Cole,michaelprince@example.com,"916 Murphy Terrace Suite 017 Port Amanda, MA 47575",2023-08-28
236,Mallory Bright,derrickward@example.org,"53891 Hall Point Suite 849 Kellytown, KY 74332",2022-03-31
237,Valerie Dixon,nicolebonilla@example.net,"308 Johnson Branch Suite 232 Lake Brucebury, VT 12045",2023-11-19
238,Alexander Evans,kimberly18@example.org,"1794 Lawson Garden Suite 769 South Markstad, MI 09399",2021-02-26
239,Tracy Johnson,monicabrown@example.org,"9771 Wilson Gateway Suite 087 Lopezhaven, VI 64550",2020-10-21
240,Traci Lee,samueldavis@example.org,"819 Gonzalez Avenue West Ericborough, NM 29992",2022-10-26
241,Ashley Wagner,mercersharon@example.net,"73549 Andrew Islands Apt. 653 New Samanthaton, PW 18429",2021-01-29
242,Sean Meyer,gsnyder@example.org,"68613 Cain Estate Lake David, OR 54329",2022-01-21
243,David Stanley,barrerajohn@example.net,"93745 Lindsey Passage Suite 367 North Adamshire, OH 86741",2020-09-25
244,Jacob Bishop,janet60@example.net,"20866 Samuel Flat Jensenberg, MP 99271",2023-03-09
245,Sean Stanley,alexandersanders@example.net,"49925 Erica Cliffs Lake Steventown, AR 59134",2020-07-01
246,Nicole Key,erik63@example.com,"36097 Debbie Well Suite 059 New Heather, MD 46290",2020-04-23
247,Crystal Bailey,jhood@example.com,"965 Webb Ridge Suite 141 Clarkfurt, FM 34553",2024-07-13
248,Tanya Jackson,bradleydesiree@example.org,"46521 Young Glen Suite 140 Lake Sherri, PR 36127",2023-04-25
249,Rodney Terrell,haynesalex@example.org,"622 Fleming Locks Lake Randy, MS 19273",2024-05-24
250,Erica Mason,victoriaperkins@example.org,"108 Carrillo Mountain Suite 693 Stephentown, NH 28693",2022-06-14
251,Joann Montes,rshelton@example.net,"76112 Guerra Island Jordanview, OK 45122",2020-08-23
252,Lindsay Campbell,jason50@example.net,"580 Charles Underpass Lauraburgh, NM 49339",2021-09-29
253,John Jackson,anthonytaylor@example.org,"6370 Lopez Square Suite 207 Lake Jessicabury, OK 46899",2023-11-07
254,John Gillespie,burnsryan@example.org,Unit 2243 Box 5009 DPO AA 86941,2020-07-05
255,Ashley Yates,rwalters@example.org,"3372 Monica Cliff Apt. 511 Rubenmouth, MA 23586",2023-04-27
256,Luis Miller,omoore@example.org,"2741 Mitchell Park Lake Stephanie, IN 76115",2024-03-10
257,Ricky Gibson,johnsondeborah@example.net,"532 Matthew Villages Apt. 189 Dustinbury, MO 73740",2020-11-13
258,Anthony Harris,maxwellallison@example.net,"50085 Davis Ranch South Jameshaven, NE 37574",2022-11-13
259,Glenda Douglas,rachelbaker@example.org,"6594 Maurice Cove Suite 324 Josetown, AR 37709",2024-05-01
260,Joshua Lopez,hillcynthia@example.org,"2982 Andrea Islands Port Aprilside, OH 16783",2020-12-13
261,Timothy Gross,kevin27@example.net,"029 Nicholas Shoal Suite 753 Michellemouth, NM 18323",2022-01-04
262,Savannah Fowler,lorettahogan@example.org,"PSC 8869, Box 2865 APO AP 23709",2021-09-29
263,John Scott,veronica31@example.org,"13167 Lewis Bypass Suite 879 Michaelside, MP 97546",2020-11-23
264,Raymond Sims,flynnmichael@example.org,"48283 Nixon Mount North Sandra, MS 69509",2021-09-03
265,Melinda Harris,ferrelljames@example.net,"5975 Brady Turnpike Suite 005 New Rachelfurt, AR 71100",2021-03-16
266,John Johnson,justincharles@example.org,"1644 Melissa Streets East Caleb, KS 58537",2024-04-03
267,Amy Mathews,victor62@example.org,"84238 Anderson Divide Smithberg, ND 56640",2023-06-12
268,Dennis Koch,hglenn@example.com,Unit 9208 Box 3379 DPO AP 98838,2022-12-15
269,Joanne Graham,steve87@example.org,"8744 Williams Ridge New Jessica, VI 55584",2023-12-22
270,Angela Norman,christinacarter@example.org,"003 Cynthia Mews Apt. 356 Davidmouth, NV 85495",2021-05-09
271,Kevin Mcdonald,smithkelly@example.net,"56379 Matthew Point Suite 770 East Rachel, MT 28046",2021-06-29
272,Keith King,jacobhernandez@example.com,"19546 Mueller Point Apt. 844 Port Albert, OR 22384",2023-12-24
273,Jason Sutton,hrios@example.com,"91402 Seth Tunnel Bergstad, WA 30811",2024-10-05
274,Jose Cruz,johnsonjacob@example.net,"4425 Gay Fords Suite 419 Lake Riley, AR 90313",2022-04-27
275,Ellen Hancock,tony99@example.org,"36117 Christopher Walks Suite 950 East Stevefurt, VT 37658",2020-12-22
276,Christopher Hess,cassandramendoza@example.com,"22760 Tara Extensions Suite 530 Joshuaside, HI 13933",2020-02-26
277,Paul George,adrian71@example.net,"539 Herring Spur North Kelly, MI 10618",2022-09-06
278,Shelley Jones,iturner@example.net,"7320 Bridges Isle Tarahaven, VA 26367",2020-06-24
279,Marie Smith,hatfieldzachary@example.org,"022 White Light Apt. 911 Lake Joshuaberg, NY 50817",2024-01-25
280,William Jones,emily86@example.net,"170 Laura Roads Suite 278 Port Angela, MP 50464",2023-03-09
281,Martin Maldonado,moorehoward@example.net,"559 Christopher Avenue Suite 824 Palmerview, NH 29013",2024-03-27
282,David Erickson,john22@example.org,"464 Nicole Camp Suite 696 New Kennethland, MN 15642",2020-07-23
283,Jesse Jordan,pattondavid@example.org,"2905 George Highway Apt. 741 Kiddmouth, ME 18828",2023-04-06
284,Adrian Moore,danielfitzgerald@example.com,"5241 David Flat West Steven, MI 91803",2022-03-28
285,Drew Huff,bradcherry@example.net,"71968 Walker Pines Suite 422 East Alexander, SC 94071",2024-08-18
286,Cynthia Lee,bscott@example.net,"19916 Hall Track Suite 811 Rogersstad, LA 99618",2021-12-22
287,Steven Chavez,branchisaac@example.com,"523 Meagan Course Suite 195 Maynardview, PR 74004",2024-02-28
288,Jill Moody,kyle29@example.com,"931 King Lock Suite 703 Fryefurt, KS 09198",2023-07-15
289,Brian Boyd,williamcarroll@example.com,"033 Ramsey Neck Lopezmouth, NV 42123",2022-11-01
290,Jessica Marshall,megan59@example.com,"491 Edwards Squares Virginiaport, MA 96862",2020-10-24
291,Anthony Anderson,brooksgabriel@example.org,"48257 Davis Rapids East Nicole, LA 20618",2022-11-10
292,Lauren Reyes,antonio42@example.com,"028 Elizabeth Stream Apt. 305 Blakebury, FM 95228",2020-06-25
293,Jeffrey Campbell,joycemargaret@example.org,"13117 Regina Tunnel Lake Jacquelineville, NM 83357",2023-04-10
294,Jacob Huang,wadechristine@example.org,"12107 Denise Inlet Port Richardstad, ID 71028",2024-01-12
295,Arthur Roberson,tracie79@example.com,"544 Willis Mill New Christopherport, MH 45572",2023-03-30
296,Angela Lopez,melindamorris@example.com,"567 Andrew Loop North Justin, FL 33559",2023-12-20
297,Rebecca Hampton,katie79@example.net,"7552 Buchanan Underpass Suite 732 Williamsbury, WA 47308",2023-07-13
298,Marie Mcmahon,caitlin59@example.com,"029 Willie Glens Suite 545 West Cherylborough, VA 08305",2021-10-21
299,David Mccall,riossteven@example.com,"5489 Perez Plains Apt. 687 Port Christinahaven, DC 22305",2021-07-22
300,Leon Quinn,kjimenez@example.org,"531 Johnathan Junction West Jamesbury, DE 38290",2023-12-18
301,Miranda Mcdowell,donna62@example.com,"3364 David Street New Christopher, MT 23936",2022-09-08
302,Kelsey Smith,ryanlynch@example.com,"90706 Allen Canyon Suite 598 Hartland, MA 55461",2021-05-23
303,Cole Shepherd,amandaporter@example.net,"496 Dominguez Underpass Apt. 534 New Kimberlystad, MH 27419",2022-04-06
304,Steven Downs,vrobertson@example.net,"4998 Andrew Drives Hayleyshire, PA 24640",2023-06-06
305,Amy Lara,james67@example.net,"242 Devin Burg Hansenbury, DE 42527",2024-07-24
306,Dawn Thomas,charles73@example.org,"7683 Stacey Via Port Brian, PW 71956",2023-03-24
307,Marvin Curtis,sarah28@example.net,"PSC 6556, Box 2412 APO AP 29616",2021-04-21
308,Devin Harrison,creyes@example.net,"4901 Scott Underpass West Daniel, CT 38034",2024-09-19
309,Carl Peterson,ocrawford@example.com,"2258 Jackson Ridges Lake Robin, IN 60855",2021-04-26
310,Gloria Thompson,saundersjeremiah@example.com,"06718 Patrick Knoll East Raymondchester, OR 87322",2020-09-13
311,Pamela Jacobs,owalters@example.net,"081 Rachel Ridge Suite 243 Woodardport, SC 32983",2020-02-15
312,Rhonda Carlson,wellsjeremy@example.com,"68053 Munoz Extensions Port Sara, KS 24954",2023-10-31
313,Donna Romero,manuelhill@example.com,"96474 Christine Underpass Apt. 045 North Michelle, WV 50398",2021-03-28
314,Amy Miller,lcrawford@example.org,"870 Gonzales Meadows Suite 777 Port Sandra, KY 96217",2022-05-27
315,Bryan Evans,lorihuffman@example.net,"0866 Davila Lodge Suite 850 Trevorstad, FL 49880",2022-05-29
316,Victoria Kennedy,holdenlaura@example.org,"8980 Barry Plaza Suite 590 Aprilstad, OR 37339",2022-11-28
317,Stephanie Flores,stephensanchez@example.com,"274 Jackson Causeway Port Michael, NV 02938",2022-11-18
318,Dennis Simpson,halladrian@example.com,"10394 Wood Mount Port Lauraville, KY 11576",2021-04-22
319,Kelly Blake,mary44@example.net,Unit 4896 Box 7652 DPO AA 27896,2021-07-23
320,Rose Boyd,watsondenise@example.org,"87435 Jimenez Walks Huntside, RI 70282",2022-04-02
321,Kayla Gonzalez,jasonzhang@example.com,"0133 Perez Flats New Jenna, WI 58544",2021-01-20
322,Jennifer Miller,jesusriley@example.net,"871 Chris Plains Suite 416 Perryton, DE 17945",2020-04-07
323,Amanda Russo,williamsrachel@example.org,"48596 Simmons Well Carpenterhaven, OK 15648",2022-09-04
324,Christine Pierce,amandawatson@example.org,"35693 Woods Tunnel Lake Cindyside, TX 38635",2021-05-26
325,David Snow,shortjeffery@example.net,"88942 Christina Rest Suite 024 Bellview, DC 96380",2023-07-16
326,Johnathan Hill,william48@example.net,"317 Wright Brook Daniellemouth, FM 10992",2024-05-08
327,Dr. Andrea Horton,mcleanelijah@example.com,"064 Bennett Roads Suite 125 Robertside, WA 81538",2023-08-16
328,Cody Neal,leealison@example.net,"9129 Washington Tunnel Suite 914 Kingshire, FL 09767",2022-04-13
329,Brent Luna MD,brandon78@example.com,"174 Gonzalez Stream Port Terri, MN 20645",2021-03-31
330,Matthew Peters,jjensen@example.org,"758 Martin Expressway Mccormickmouth, WA 89958",2023-02-28
331,Amber Hicks,qhoffman@example.com,"901 Alicia Turnpike Robertsonfurt, MO 38803",2020-07-22
332,Stephen Gutierrez,katrina28@example.com,"085 Shannon Mission Suite 236 Ryanmouth, IN 46349",2023-04-09
333,Kerry Jackson,xflores@example.net,"25707 Alisha Ridge South Johnhaven, CA 20087",2022-08-06
334,Lisa Mcguire,santiagoalejandro@example.org,"8707 Graves Mall North Justinshire, AK 20924",2020-01-11
335,Heather Fisher,don48@example.net,"2486 Morris Walk Suite 569 North Tiffany, AS 61353",2022-12-07
336,Austin Hardy,crobinson@example.com,"6709 Bryan Plaza Sherylland, CO 05345",2021-08-13
337,Lori Ortiz,patricia75@example.org,USS Chang FPO AA 10515,2023-11-22
338,David Gibson,wrose@example.com,"53034 Richard Dam Suite 849 West Carlabury, CO 88064",2022-09-15
339,Kenneth Lowe,ubenjamin@example.net,"3583 Christopher Roads Apt. 454 Lake Ian, KY 81769",2021-08-16
340,Vernon Todd,ashley23@example.com,"98546 Kathleen Garden Suite 143 Amberside, IL 66050",2022-01-22
341,Linda Conley,brandoncollins@example.net,"6701 Shane Squares Suite 740 Maldonadofort, AK 96379",2023-07-02
342,Jessica Lane,jesus14@example.com,"2473 Laura Street New Jamietown, KS 01695",2020-01-23
343,Christina Hoover,frobinson@example.net,"499 Simmons Mountain Apt. 602 East Brian, MD 02306",2020-03-02
344,Christopher Little,elizabeth23@example.com,"231 Christopher Extensions East Jason, FM 25576",2022-04-08
345,Marc Davis,davisthomas@example.com,"16390 Parker Circle Apt. 066 Lake Lisa, HI 16768",2023-02-09
346,Shelly Lester,evansrobert@example.com,"999 Sarah Ridge East Katherine, IA 45698",2024-03-28
347,Joshua Mccullough,briankane@example.net,"638 Kelly Trace Hubbardland, VT 65265",2023-10-08
348,Martin Pineda,christy89@example.org,"79570 Levi Course Turnerhaven, CT 74849",2023-07-05
349,Molly Beltran,padillalisa@example.net,"825 Hunt Vista South Patriciaberg, GA 47873",2023-11-09
350,Philip Haynes,uwalton@example.com,"925 Thomas Shoals Patelmouth, NJ 24488",2024-01-25
351,Shannon Smith,stevensjohnny@example.com,"19777 Jackson Route Suite 850 West Steveton, AS 54421",2023-02-11
352,Erin Wright,michael20@example.org,"8054 Angela Trafficway West Davidview, PW 64242",2020-06-27
353,Bradley Newton,wolson@example.net,"7510 Evans Ville Apt. 489 Fowlermouth, RI 32037",2024-07-25
354,Cassandra Mejia,williamsonroy@example.org,"4402 Smith Ways Robertmouth, NH 06873",2020-03-10
355,Gary Ford,richardmendez@example.net,"524 Craig Mews Santosbury, MS 91022",2022-09-03
356,Andrew Barton,rortega@example.org,"660 Simmons Rue Port Jennifer, MO 69486",2024-03-29
357,Joseph Mendoza,ericamiles@example.com,"75261 Mary Harbor Suite 247 Lake Markside, WA 09667",2023-08-06
358,Dustin Morris,andrewsrobert@example.com,"543 Jordan Heights Davismouth, MO 46939",2023-04-29
359,Patrick Brown,garciaamber@example.com,"33906 Daniel Rue Apt. 363 Zavalahaven, NV 65554",2023-04-26
360,Jonathan Crawford,victoria78@example.org,"84638 Lane Ville Apt. 241 Copelandville, WA 65728",2023-01-05
361,Jordan Green,osbornemichele@example.com,"893 House Port Apt. 341 West Roberthaven, GA 83021",2022-06-15
362,Victor Cohen,peter67@example.net,"1405 Mcconnell Overpass Apt. 295 Jeffreyport, OH 53130",2024-10-09
363,Kathleen Edwards,adamstheresa@example.com,"7408 Barber Island Suite 690 Boyerport, AK 87887",2021-08-09
364,Lynn Wilson,kevin06@example.org,"54640 Nathan Park Suite 365 Jameston, SD 44764",2021-01-20
365,Jaime Campbell,johnsonpatrick@example.net,"12041 George Spring Lake Mark, MN 45158",2024-05-23
366,Heather Williams,devans@example.org,"6322 Virginia Lodge Port Carlosside, UT 36911",2020-08-02
367,John Carney,katherine51@example.com,"403 Holland Overpass Suite 462 North Kimberly, KY 07359",2023-11-08
368,Amy Humphrey,gregoryhahn@example.net,"5416 Bray Cliff Apt. 731 Parkerborough, IA 92305",2024-06-02
369,Vanessa Lewis,ymiller@example.com,"7882 Rice Forest Apt. 780 Port Jeremyville, PW 41540",2021-09-01
370,Mr. James Evans DDS,mponce@example.com,"391 Darin Corner North Annaton, NM 99737",2021-01-23
371,Paul Schultz,susan33@example.net,"3440 Amy Harbors Thompsonshire, IA 68235",2022-10-03
372,Eugene Carroll,lshea@example.org,USCGC Moore FPO AA 26725,2022-10-02
373,Alex Fuentes,gina97@example.net,"90728 Weber Roads Suite 088 New Stephanie, MO 14668",2023-07-26
374,Mr. George Summers,ronaldnichols@example.net,"4425 Baker View North Alicia, WV 88643",2022-09-29
375,Vincent Wilson,amy19@example.net,"292 Scott Lodge West Susan, IN 94383",2021-04-29
376,Katherine Anthony,tina14@example.net,"3987 Bowman Lodge Apt. 543 Lake Stephenton, OH 70545",2021-07-15
377,Jennifer Andrews,ccarroll@example.org,"51885 Brown Court Suite 958 East John, OH 31414",2021-12-14
378,James Perez,nchang@example.com,"7890 Patel Tunnel Waltersborough, DC 59483",2020-11-08
379,Alicia Taylor,sharoncollins@example.com,"8328 Thompson Branch Apt. 476 Emilyborough, AR 86898",2020-08-19
380,Mrs. Catherine Johnson,uedwards@example.com,"040 Gonzalez Terrace West Steven, NM 53294",2020-02-25
381,Robert Whitaker,lisaburch@example.org,"4409 Fernando Loop Suite 339 Browntown, PR 40659",2024-09-29
382,Joseph Moore,kfoster@example.net,"37201 Sara Trafficway Port Cory, SD 88606",2021-07-01
383,Whitney Chavez,jessica44@example.org,"596 Young Hills Apt. 513 Joelville, TN 72584",2021-06-17
384,Shelly Owen,jordanlisa@example.com,"46923 Adrian Garden Suite 854 South Laura, NJ 41976",2022-11-25
385,Diane Jones,hutchinsoncourtney@example.com,"64326 Lopez Route Suite 928 Territown, DC 55750",2023-09-03
386,Melissa Taylor,djohnson@example.com,"331 Pamela Summit West Amberville, TN 25241",2021-10-16
387,Jessica Jackson,jennifer49@example.org,"9539 Sullivan Pike West Alexbury, NY 64350",2021-10-31
388,John Wilson,bfrazier@example.org,USS King FPO AE 85093,2020-05-16
389,Brittney Neal,maysstephen@example.com,"92474 Reid Trafficway South Joseph, NE 68429",2020-04-12
390,Michael Rhodes,samuelbaird@example.org,"9483 Hebert Drive Apt. 015 Kaylaside, FL 25971",2024-03-05
391,Michael Reed,melissa06@example.org,"177 Charles Rue Apt. 674 South Derekburgh, KS 51411",2023-05-11
392,Kimberly Kane,mckinneycarrie@example.net,"54800 Eduardo Locks West David, CO 48567",2024-01-08
393,Sarah Mullins,malikcarey@example.org,"8459 Bates Mills Suite 272 South Brian, CO 40429",2020-03-28
394,Jessica Walker,tylersawyer@example.com,"770 Danny Harbor Suite 614 New Keithside, NY 04104",2022-07-01
395,Lawrence Hernandez,john77@example.com,"937 Bryan Walks East Paulmouth, AL 60241",2020-09-05
396,Vincent Hampton,thendrix@example.org,"665 Sullivan Mountains South Gregory, PW 96560",2021-07-24
397,Brian Peters,wagnermarie@example.org,"039 Christopher Throughway Suite 721 Wardhaven, PR 20357",2022-07-18
398,Michelle Hernandez,qallen@example.org,"33059 Andrea Glen Suite 991 South Katieton, CO 64486",2020-05-05
399,Jamie Harrington,hessbryce@example.com,"3250 Holt Estates Apt. 785 West Lisahaven, GA 51885",2022-10-27
400,Diane Mueller,gbernard@example.com,"3000 Hernandez Tunnel Ernestmouth, HI 29558",2024-05-30
