id,name,email,address,date_joined
1,Jesse Page,melanie90@example.org,Unit 0654 Box 5307 DPO AA 24564,2023-05-13
2,Matthew Mathews,patrickmatthew@example.org,"301 Kevin Manors Josephburgh, RI 88683",2020-06-24
3,Andrea Mills,millerkelly@example.com,"21059 Kristopher Loop Suite 627 New Cassandra, AL 60697",2022-01-27
4,Aaron Ponce,summerscaroline@example.org,"539 Joseph Pine Apt. 044 East Brendamouth, ID 84649",2022-11-08
5,Sandra Young,glopez@example.net,"453 Garcia Street Apt. 155 North Shannonton, MT 01487",2021-03-08
6,Jennifer Drake,jlopez@example.net,"3574 White Streets North Sheila, NC 40779",2022-04-03
7,Cheryl Mann,griffinjames@example.net,"192 Joseph Crescent Apt. 052 South Carolyn, NC 68579",2021-10-09
8,Ralph Sullivan,nicholasguzman@example.org,"63182 Joy Islands Lake Sherriville, UT 32886",2021-12-27
9,Jeremy Hood,bryan86@example.org,"PSC 5527, Box 6671 APO AA 96046",2020-09-21
10,Tanya Rogers,sarahrojas@example.com,"1736 Carpenter Rapids Suite 959 Brandonport, HI 15120",2023-06-30
11,Shawn Carroll,elizabeth67@example.net,"89289 Elliott Extension Suite 119 Donnatown, NC 78781",2022-11-08
12,Jimmy Holt,thompsonjerry@example.net,"437 Hartman Roads Suite 243 North Desireeberg, TN 94539",2024-03-08
13,Jessica Reed,rebecca00@example.net,"6160 Amber Square Harperview, CA 64255",2021-10-08
14,Tina Anderson,amandajenkins@example.com,"925 Chase Ranch Apt. 844 West Anneville, SC 55925",2024-10-05
15,Jill Gross,jessicawells@example.com,"2394 Barajas Rapid Port Chad, HI 92065",2024-02-13
16,Laura Johnson,vramos@example.net,"23174 Melissa Forks Tammyborough, VT 57795",2021-03-04
17,Jennifer Shaw,maxwelldavid@example.org,"71969 Moore Highway Apt. 490 Lake Alex, NJ 75911",2022-06-24
18,Paula Fisher,santosjesus@example.org,"8058 Hernandez Mount Apt. 727 Amandamouth, MN 09286",2021-05-16
19,Angelica Lewis,fware@example.com,"522 Rebecca Drive Suite 300 Davidfurt, VA 17880",2023-08-18
20,Christine Zimmerman,daniel49@example.org,"6232 Vasquez Pike Port Michaelborough, AK 79410",2024-04-03
21,Samuel Vega,jose02@example.org,"499 Michael Trafficway Josephmouth, NH 00909",2022-01-16
22,Erika Diaz,staceyparker@example.org,"363 Baker Fall West Julie, MH 57762",2023-07-02
23,Louis Wong,ddelgado@example.net,"76489 Castillo Union Youngstad, NY 13790",2023-12-28
24,Miguel Roach,telliott@example.net,"0231 Michael Vista Suite 361 Wardport, AR 94046",2023-05-11
25,Julie Cruz,joanna11@example.net,"1163 Jacob Port Apt. 733 Mannport, GA 18267",2024-05-10
26,Heather Martin,krystalpeterson@example.net,"1700 Kane Union Perryfort, MH 87114",2022-03-28
27,Janet Johnson,sylviabryant@example.org,"4929 Zachary Canyon Port Robertborough, KS 32168",2022-08-04
28,Amanda Robinson,williamshelton@example.org,"PSC 2957, Box 8226 APO AE 63086",2020-03-30
29,Lisa Richardson,bhendrix@example.com,Unit 8148 Box 6892 DPO AP 43259,2022-08-10
30,Shawn Thomas,annawhite@example.net,"99099 Hall Meadows Suite 128 East Donnatown, KY 35526",2020-05-04
31,Lori Marshall,langchristopher@example.org,"9828 Carlson Valley Apt. 984 East Marymouth, MN 23232",2022-10-14
32,Matthew Smith,stokesdaniel@example.net,"6235 Mclean Forest Suite 246 Michaelview, MD 03050",2024-09-29
33,Michael Snyder,idickerson@example.com,"5437 Green Plain Apt. 452 New Brendaborough, WI 19164",2023-07-23
34,Michelle Jennings,michellemartinez@example.org,"PSC 8491, Box 5898 APO AE 98497",2020-06-15
35,Jeffrey Mcdaniel,jorge04@example.com,"30140 Angela Oval Apt. 907 Port Jefferyburgh, VI 40326",2021-12-22
36,Kayla Lozano,nathanmoore@example.org,"871 Edwards Lakes Apt. 111 East Tonyaton, MP 94233",2022-08-30
37,Michelle Hunt,ljackson@example.net,Unit 1464 Box 6753 DPO AP 92590,2020-12-15
38,Richard Baker,pdaniels@example.net,"659 Kevin Groves South Danielshire, WA 33115",2023-04-28
39,Shannon Grant,andersonnathan@example.net,"66528 Coleman Shoals Pamelamouth, KY 31577",2023-02-03
40,Danielle Glenn,kramos@example.org,"6928 Lynn Heights West Jack, WI 27461",2024-02-10
41,John Scott,ashley76@example.net,"4529 Micheal Glen Stewartstad, PR 82442",2023-03-06
42,Kevin Williams,patricia65@example.org,"937 Sanchez Turnpike Suite 897 New Natalieshire, VI 08612",2020-02-19
43,Jesse Bennett,jared86@example.net,"PSC 9196, Box 6219 APO AP 02994",2020-10-22
44,Dylan Contreras,qclarke@example.com,"8495 Wood Mall Salasburgh, VI 37957",2023-07-18
45,Jessica Patterson,wduncan@example.org,"559 Bentley Street Suite 581 Jenniferton, AL 10554",2020-07-17
46,Ryan Bartlett,uwalker@example.net,"459 Davis Parks Apt. 639 Chandlermouth, OK 79996",2021-10-18
47,Jill Thomas,padillamarcus@example.com,"39579 Wright Valley Apt. 468 East Melissa, SD 73179",2023-10-31
48,Anthony Mitchell,andrew44@example.net,"3490 Sarah Stream Apt. 611 Walterville, NM 81955",2024-01-04
49,Christina George,gomezmarcus@example.org,"388 Taylor Wells North Ariel, RI 02616",2024-09-17
50,Carla Williams,whitneynewman@example.com,"45491 Peters Parkway New Jeffreyport, WV 77356",2021-01-19
51,Mariah Cooke,steven11@example.com,"46309 Graham Estates Suite 142 Mejiabury, MS 06590",2023-05-03
52,Carl Benitez MD,zacharyclark@example.org,"41236 Hernandez Inlet Apt. 653 Xavierburgh, OR 20849",2024-02-16
53,Diane Lewis,briansoto@example.net,Unit 3779 Box 8534 DPO AA 01767,2022-03-14
54,Jessica Morales,nicolekelly@example.net,"2904 Steven Lock Apt. 773 North Kevinmouth, AL 65978",2022-10-02
55,Stacy Moon,xlarsen@example.org,"2651 Robert Tunnel Samuelmouth, AZ 75327",2021-07-08
56,Miss Samantha Bell,xrogers@example.org,Unit 9237 Box 4293 DPO AE 84499,2020-05-27
57,Joel White,boothcynthia@example.com,"8796 Daniel Lakes Suite 360 East Ashley, FL 41547",2023-01-23
58,Christina Bryan,marie44@example.net,"281 Jacob Gateway Apt. 226 Coryfort, HI 15257",2024-05-30
59,Daniel Smith,hillelizabeth@example.com,USS Anderson FPO AA 57582,2020-02-29
60,Alexis Hunter,stevenbailey@example.org,"5807 Marisa Stream Apt. 671 Christophershire, MT 40058",2020-05-13
61,Suzanne Walsh,vwalker@example.net,"051 Tanner Ferry New Renee, MI 87525",2024-05-25
62,Allison Ruiz,tmills@example.org,"56383 Chambers Way Apt. 697 Fergusonburgh, ND 86880",2023-07-07
63,Hailey Perez,karl51@example.net,"336 Frye Drive Aliciamouth, VA 30380",2021-06-03
64,Paul Davis,mckinneyjohn@example.com,"15620 Robinson Squares Port Carolshire, CA 94408",2021-05-12
65,Michele Navarro,vdavis@example.com,"25952 Brown Dam New Matthew, PW 23018",2020-01-04
66,Brian Gutierrez,pbarker@example.com,"647 Pollard Forges Suite 319 East Briannachester, AK 50765",2021-03-04
67,Robert Gonzalez,michaelconner@example.net,"718 Jack Cliffs Alexisshire, PA 50264",2023-12-02
68,Emily Horton,qrobinson@example.org,"1638 Krause Landing Oneillfort, NC 28562",2020-11-19
69,James Rodriguez,mnash@example.com,"33315 Ann Harbor Brianfurt, PW 91216",2021-10-06
70,Tammy Mills,hendersontimothy@example.org,"2410 Ramirez Inlet Apt. 998 New Jessica, NE 12758",2024-06-27
71,Edward Moore,brownmaria@example.org,"3772 Pacheco Club Nicolasmouth, UT 40438",2020-11-19
72,Zachary Goodwin,garciachristopher@example.net,"0992 Sanchez Creek Suite 999 Reedside, ND 67998",2023-01-12
73,Jennifer Lambert,lawsonelaine@example.org,"3047 Melissa Streets East Jameston, AR 81422",2024-02-17
74,Kimberly Burke,uowens@example.net,"236 Hernandez Hollow Moniquefurt, OR 99372",2024-09-08
75,Brianna Hopkins,allencindy@example.net,"77636 Veronica Prairie Melissabury, FL 91095",2022-12-30
76,Joanne Hill,staceysellers@example.net,"59867 Ryan Garden Suite 587 West Austinburgh, NY 85653",2024-06-05
77,Jacob Morris,colemantina@example.org,"1925 Andrea Burgs Jamesborough, OR 62982",2020-07-03
78,Gregory Walker,hallkatie@example.com,Unit 7042 Box 9060 DPO AE 86436,2020-04-26
79,Edward Collins,mortiz@example.com,"5320 Brett Prairie Greenborough, CO 23738",2020-01-04
80,Clayton Wright,austinraymond@example.com,USNV Robinson FPO AE 42276,2023-08-07
81,Scott Fisher,terrylaurie@example.org,"71723 Travis Mount Suite 793 Solomonside, FL 96744",2023-12-29
82,Devin Holder,hmoore@example.com,"1285 Jack Springs Floresberg, CO 08193",2023-06-01
83,Jennifer Bauer,yangcathy@example.org,"7062 George Route Codyland, DC 12919",2020-06-07
84,Holly Miller,jamesbradshaw@example.org,"4374 Todd Plains Suite 778 Feliciaberg, CT 50267",2022-03-30
85,John Rodgers,lmitchell@example.com,"0127 Bowen Ferry North Alan, NC 60615",2020-07-04
86,Michael Perez,nicholas92@example.com,"382 Wells Via Travisshire, MT 13801",2021-11-24
87,Debra Foster,natashalewis@example.com,"622 Freeman Center Apt. 296 Carlbury, OH 81659",2022-04-24
88,Mrs. Kaylee Orozco,maria10@example.org,"497 Luis Inlet Suite 494 Carmenstad, MD 86701",2022-01-30
89,Eric Harris,paullutz@example.net,"PSC 4803, Box 5925 APO AA 89188",2024-01-19
90,Priscilla Jones,maynardrobin@example.com,"5747 Bates Squares Suite 066 Ashleyberg, RI 26295",2022-09-21
91,Travis Austin,jharris@example.net,"46693 Amanda Stream Port Rachel, VI 80394",2020-04-15
92,Adam Pierce,vbarton@example.org,"9678 Jennifer Via Suite 258 North Julie, DE 86452",2021-12-22
93,Miss Mary Kennedy,ericsmith@example.com,"004 Jennifer Green Suite 005 Hubbardfurt, SD 06741",2021-09-10
94,Nicholas Grant,wilsondiana@example.net,"709 Jackson Point Chamberschester, IL 64833",2024-05-07
95,Michael Diaz,fhenson@example.com,"97470 Jesse Rest Suite 227 North Brianfurt, OR 40530",2022-06-10
96,Natalie Wells,xmiddleton@example.com,"8957 Williams Mountain Jasonmouth, AL 18622",2024-03-21
97,Mario Torres,qcampbell@example.net,"920 Patrick Views Patrickville, SD 88367",2023-04-28
98,Travis Green,richard36@example.net,"9707 William Center Lake Tracymouth, VT 28942",2024-07-02
99,William Baker,ramosfelicia@example.net,"9065 Rivera Plain North Tanya, CA 11173",2024-02-18
100,Andrea Lopez,rhonda03@example.net,"8621 Payne Summit Apt. 159 Port Holly, AK 37243",2020-11-13
101,Jessica Zimmerman,rosehaley@example.net,"57912 Amber Canyon Michaelburgh, TN 03177",2022-08-22
102,Carol Sullivan,robertsjeanette@example.org,"178 Christina Falls Angelaberg, ND 47262",2024-02-19
103,Michael Harmon,dillonkathryn@example.com,"4983 Gallegos Fort West Donnabury, OK 20864",2024-05-10
104,Emily Murphy,shannonevans@example.org,"723 Lawrence Manors East Maryton, FM 16306",2020-11-23
105,Cassandra Henry,fholland@example.com,"775 White Drives Apt. 431 East Sophia, MP 28935",2020-07-03
106,Mrs. Michelle Kirby MD,brooksashley@example.org,"307 Burgess Glens Apt. 065 Ryanshire, IN 63845",2022-04-03
107,Sherry Hernandez,williamsjason@example.net,"50509 Hull Spring Apt. 013 Ronaldville, AL 39079",2023-04-15
108,Stephanie Stewart,wilsonbreanna@example.com,"PSC 6662, Box 3532 APO AP 49011",2024-04-30
109,Timothy Ferguson,campbelltara@example.org,"48112 Amy Park Apt. 960 Schaeferburgh, HI 38949",2024-04-04
110,Perry Henry,johnny16@example.net,"6693 Gregory Run Apt. 890 Crystalborough, MA 78750",2021-04-13
111,Troy Goodman,richard40@example.org,"8571 Morrow Fort Evanstown, RI 69502",2022-04-12
112,Susan Dennis,danielle14@example.net,"4817 Maxwell Pass Suite 069 New Adam, NE 55645",2023-07-30
113,Kiara Ho,rachel08@example.net,"2891 Weaver Valley Suite 540 New Jamesview, GA 31364",2023-07-01
114,Jessica Burton,jessicameyers@example.org,"953 Pearson Flats Joshuaberg, CA 53757",2023-04-01
115,Gary Stephens,tshaw@example.org,"995 Johnson Divide West Paul, WI 85228",2024-07-11
116,Jonathan Joseph,whitejeremy@example.com,"97333 Jerry Village Suite 565 Lake Heather, OR 37956",2024-01-04
117,Stacey Trujillo,leslie13@example.org,"166 Smith Divide Suite 519 Doylemouth, IN 15667",2023-08-11
118,Richard Garcia,jsullivan@example.org,"808 Alexis Forks Suite 378 North Susan, VI 80338",2021-04-25
119,Jeffrey Walter,karen50@example.net,"9920 Peterson Dam Apt. 937 North Susanhaven, GU 48646",2020-12-03
120,Megan Rogers,mendezsarah@example.org,"345 Whitaker Roads Apt. 963 Fostertown, IA 19969",2020-05-09
121,Anthony Bean,tonyahowell@example.com,"4716 Brad Skyway Lake Jennifer, MO 56976",2022-10-07
122,Shaun Holloway,castanedadanny@example.com,"15476 Samantha Landing New Amy, IA 94661",2024-07-30
123,Dennis Lopez,sarah02@example.net,"540 Martin Prairie Suite 078 West Jamesmouth, MP 00665",2021-10-18
124,Lisa Morgan,brian83@example.org,"6188 Maxwell Plains Apt. 921 North Patriciaport, NJ 90523",2022-12-10
125,Kelly Lopez,jason95@example.org,"47379 Christopher Cape Hernandeztown, NY 59497",2021-05-12
126,Jennifer Brown,joyadams@example.net,"620 Andrew Orchard Julieborough, NC 98058",2022-05-27
127,Carrie Henderson,hernandezmark@example.net,"416 Gallagher Common New Deantown, WY 57043",2023-04-24
128,Charles Trevino,jordancatherine@example.net,"7861 Alexander Knoll Apt. 185 Deborahside, TX 55361",2024-01-03
129,William Harper,edwardhayes@example.com,"71511 Hill Lights Matthewshire, FM 88964",2022-10-23
130,William Bailey,karengray@example.org,"61377 Larson Throughway Apt. 955 Laurafort, MT 88232",2022-01-25
131,Jill Tucker,debra05@example.com,"074 Smith Forest Suite 331 Port Geoffreychester, FL 73139",2021-04-26
132,Rebecca Kelley,jadebray@example.org,"2744 Houston Mountains Lake Edwardchester, MO 07290",2020-02-21
133,George Roberts,tjohnston@example.com,"613 Stein Underpass Jenkinsmouth, NY 18773",2021-05-21
134,Lisa Taylor,dennisbailey@example.com,"191 Evan Islands Apt. 505 Josephshire, KS 64929",2023-12-09
135,Katelyn Watts,irichards@example.com,Unit 6392 Box 7201 DPO AP 84944,2021-03-08
136,John Green Jr.,donnamartinez@example.net,"558 Sharp Radial South Kylemouth, MP 88598",2021-03-07
137,Michael Burnett,andrewsmichael@example.net,"993 Lyons Greens Apt. 194 North Mary, GU 36714",2024-04-21
138,John Ortiz,rhodesbruce@example.com,"075 Davis Islands Lake Kennethbury, PR 89516",2022-01-12
139,William Bryant,ejones@example.com,"493 Sherry Mountain Suite 598 Freemanfurt, MI 73576",2024-04-02
140,Joan Smith,melissabanks@example.com,"41038 Amanda Motorway Bergmouth, OR 81136",2021-06-12
141,Marisa Jones,ericthompson@example.net,Unit 5285 Box 8237 DPO AA 60857,2023-06-29
142,Amanda Webb,michaelnguyen@example.net,"7426 Michelle Grove Watkinsside, DE 45110",2023-02-02
143,Charles Garza,johnsonmichael@example.com,"6891 Boyer Hill Vegaland, MI 03720",2021-06-19
144,Mary Jones,joseph85@example.net,USS Knight FPO AA 62962,2020-08-31
145,Mrs. Ashley Rhodes,mtravis@example.org,Unit 1067 Box 6339 DPO AP 65759,2020-04-29
146,Theodore Kent,nferguson@example.org,"684 Brown Stravenue Suite 391 East Rachel, KY 64312",2024-08-24
147,Tina Townsend,jamesdurham@example.com,"5753 Perkins Valley Apt. 878 Lake Tammystad, MN 81213",2020-03-17
148,Nicole Buck,gstevenson@example.net,Unit 6541 Box 5477 DPO AP 64843,2020-10-19
149,Tyler Phillips,hwilliams@example.net,"1651 Dorsey Plains Apt. 754 Robinton, MO 36194",2022-07-29
150,Stephen Myers,garrett37@example.com,"8161 Delgado Hollow Suite 194 Marymouth, MS 10779",2021-03-13
151,Timothy Duke,sheltonandrew@example.net,"687 Reyes Springs Suite 967 North Christine, SC 96494",2020-01-17
152,Ronald Taylor,mjohnson@example.net,"63409 Moore Ranch Wellsmouth, NM 08994",2023-12-18
153,Ricardo Bonilla,michellesmith@example.net,"4348 Laurie Haven Apt. 885 Lake Juliestad, SD 25815",2021-10-29
154,Robert Stewart,rmorgan@example.com,"87850 Susan Street Suite 775 Baileystad, AK 05603",2020-06-03
155,Candace Washington,brucerodriguez@example.com,"696 Shannon Lights Suite 899 Smithtown, MH 50014",2024-07-01
156,Cody Andersen,keithdavis@example.org,"338 Joseph Avenue Suite 270 North Josephshire, CO 39067",2024-02-06
157,Michelle Barber,francisdanielle@example.net,"84549 Walter Forks Apt. 536 Gibsonfurt, MS 53949",2022-08-09
158,Miranda Phillips,jjohnson@example.com,"PSC 0898, Box 1228 APO AE 67422",2024-05-17
159,Robert Phillips,melissahughes@example.net,"93959 Isaac Coves Lake Cathy, UT 91596",2022-10-24
160,Maria Pittman,carrie68@example.com,"4353 Fry Isle Lake Nicole, AL 52693",2023-02-07
161,Samantha Green,luiscurtis@example.com,"93072 Brenda Flat Apt. 482 East Jesus, CT 38160",2023-06-15
162,Lydia Valenzuela,jackpetersen@example.net,"PSC 0885, Box 7081 APO AE 17683",2021-06-17
163,Karen Wang,harrisalejandro@example.org,"10248 Brianna Loaf Suite 363 Jameschester, SD 98450",2022-11-02
164,Courtney Allen,tgallagher@example.com,"97623 Amy Circles Suite 687 North Davidbury, AR 64068",2020-10-22
165,Barbara Mclean,nyoung@example.com,"2314 Snow View Andrealand, SD 80850",2023-04-17
166,Elizabeth Curry,xsnow@example.org,"4127 Thomas Roads Bobbystad, IN 45258",2022-03-18
167,Eddie Edwards,rchen@example.net,"878 Sanchez Spring Suite 826 Blairville, MP 05143",2023-02-08
168,Rebecca Watkins,patriciamorgan@example.com,"PSC 9942, Box 2886 APO AE 25398",2023-08-27
169,Joshua Carr,mandy91@example.net,"530 Jacqueline Terrace Apt. 374 New Frank, OR 31028",2020-04-25
170,John Bowman,floreskimberly@example.com,"99476 Odom Flats South Michael, MO 79458",2020-06-23
171,Susan Gray,wrightmorgan@example.com,"918 Fischer Mission Suite 870 Martinshire, NH 84009",2021-07-26
172,Thomas Trevino,irivera@example.org,"23229 Mary Village Suite 942 South Jennifermouth, MP 31905",2024-03-31
173,Donald Lynch,cody63@example.com,Unit 6519 Box 0884 DPO AP 86844,2023-01-06
174,Matthew Wade,mayernathan@example.net,"PSC 8277, Box 1835 APO AA 68687",2024-06-14
175,Rebecca Larson,richard61@example.org,USS Wilkerson FPO AA 99879,2023-08-07
176,Joel Shepard,aaronmartinez@example.org,"5644 Cody Hills East Sharon, VA 59166",2022-09-28
177,Larry Gordon,angela21@example.org,"439 Kevin Unions Apt. 346 New Mikaylaview, OK 86565",2020-07-22
178,Gabrielle Levy,laurengonzalez@example.org,"95818 Brenda Inlet Suite 724 Farrelltown, OK 95799",2021-08-31
179,Brett Rubio,mitchelltracey@example.org,"62353 Reese Glens South Emilyfurt, TX 08387",2021-05-06
180,Clayton Greene,bergamanda@example.com,"394 Thompson Squares Suite 836 Harperville, SD 79027",2024-01-07
181,Donald Roberts,barbarareynolds@example.net,USCGC Bond FPO AE 59077,2024-08-09
182,Laura Dominguez,davidenglish@example.net,"PSC 8694, Box 0423 APO AE 19432",2020-05-17
183,Ms. Jenna Scott,rgates@example.net,USCGC Chan FPO AE 98247,2021-08-21
184,Larry Hamilton,rebecca72@example.com,"383 Johnson Circle Lake Amanda, MI 79720",2020-03-06
185,William Gonzales,joel23@example.org,"609 Eric Points Apt. 149 Daltonshire, MS 89676",2020-03-05
186,Mackenzie Davis,cespinoza@example.net,"6286 Price Oval Harmonland, AR 95744",2021-01-26
187,Allison Hunt,jennifer92@example.com,"699 Johns Shoals Suite 986 Hamiltonland, WA 29496",2021-12-18
188,Michelle Orozco,nathan25@example.org,"PSC 8027, Box 4432 APO AE 48456",2023-03-13
189,Erik Barker,underwoodangela@example.com,"551 Dean Pine Apt. 817 West Duane, IN 65039",2024-06-28
190,Catherine Cooper,brittanybooth@example.net,Unit 6076 Box 3884 DPO AP 81156,2024-03-23
191,Andrew Jackson,ibradley@example.org,"62851 Jennings Turnpike Wolfeland, VI 62678",2022-01-27
192,Elizabeth Zhang,david87@example.net,"PSC 4653, Box 3593 APO AA 07909",2020-02-16
193,Cassandra Davidson,vangjennifer@example.org,"75908 Ramsey Forge Suite 599 Josemouth, GA 22034",2023-05-30
194,Lawrence Huffman,lisa84@example.org,"837 Eric Estate Reedport, VT 81065",2020-02-05
195,Holly Massey,elizabethbriggs@example.org,"9119 Hudson Cape South Stacy, PR 94384",2023-06-26
196,Jennifer Matthews,smithtina@example.com,"779 Savannah Stravenue Lake Lisa, MI 41764",2021-06-15
197,Bryan Roberson,lstewart@example.org,"855 Lori Crest Lewismouth, NC 32855",2023-04-26
198,Whitney Rios,johnpetty@example.org,"57350 Stephanie Extension Suite 886 Crystalfurt, OK 60749",2021-02-02
199,Cathy Johnson,mcguirekenneth@example.com,"7211 Joseph Glens Suite 817 Littlechester, HI 02071",2024-04-06
200,Daniel Raymond,joycebauer@example.com,"123 Martinez Tunnel West Johnstad, UT 44761",2021-11-23
201,Monica Harrington,hwilliams@example.org,"5455 Danielle Viaduct Michaelburgh, NC 39566",2022-04-05
202,Shawn Sellers,wmorgan@example.com,"577 Villa Avenue Suite 635 Lake Justinmouth, ME 41823",2021-09-22
203,Donna Howard,bookereric@example.com,"4943 Avila Pines Lake Jessica, OR 84973",2023-05-22
204,Corey Avila,jacksonmichael@example.net,"3605 Kristopher Mount Suite 552 Murrayshire, NE 99945",2020-07-01
205,Karen Flores,denise27@example.net,"0290 Jennifer Stravenue New Catherine, MI 09810",2023-06-23
206,Natasha Price,fjackson@example.com,"197 Douglas Branch South Catherine, IN 87357",2021-12-21
207,Joshua Fleming,bhughes@example.org,"372 Tanya Walk Lake Jasonmouth, PW 53773",2022-07-30
208,David Fry,heatheralvarez@example.com,"4304 Joshua Camp East Nataliemouth, UT 19024",2022-01-14
209,Scott Dickson,jessica83@example.org,"227 Stafford Mountains Ronniefort, WI 99517",2020-10-18
210,Timothy Parks,simonanna@example.net,"27069 Miller Heights North Michelleside, AK 62275",2020-09-13
211,Tiffany Gonzalez,lhansen@example.org,"7240 Richardson Villages Apt. 245 Mitchellfort, IL 74143",2022-05-09
212,Benjamin Chapman,victoria30@example.org,"1816 Carlos Meadow Tarabury, AR 29741",2024-06-05
213,Stacie Nicholson,wesley10@example.com,"52240 Johnson Brooks Charlesstad, ID 95900",2024-03-22
214,Barbara Walker MD,rcline@example.com,"50367 Lucas Drives Apt. 473 Andersenstad, SC 25275",2020-03-04
215,Brett Wilson,cbyrd@example.org,"63026 Brandon Prairie West Kyle, DE 87542",2023-12-04
216,Stephanie Russell,alexisburke@example.net,"5538 Sparks Land Lovehaven, VT 04210",2023-05-27
217,Todd Jackson,olsonemily@example.com,"PSC 5911, Box 3927 APO AP 48909",2021-12-06
218,Kelsey Smith,roberthall@example.com,"023 Brett Point Apt. 167 Whitneyton, IL 36175",2022-01-05
219,William Garcia,alyssa76@example.net,"92796 Elizabeth Prairie Derektown, NC 24837",2021-04-01
220,Nancy Cooper,paynecharles@example.org,"4943 Meyer Plain Apt. 626 Millerstad, PA 12734",2022-11-16
221,Janet Lewis,williamsdawn@example.org,"627 Suarez Square Apt. 146 Lake Kennethchester, AZ 35353",2023-02-25
222,Maria Parks,sarah93@example.net,"72476 Shelly Crest Suite 931 Kevinbury, SD 02950",2024-04-16
223,Jocelyn Martinez,jared47@example.com,"142 Johnson River New Lisafurt, TN 43819",2023-12-23
224,Christian Scott,lewiscarol@example.net,"47148 Taylor Locks Suite 055 North Courtney, ME 03501",2020-05-21
225,Anthony Romero,heidirice@example.com,"901 Reyes Lakes New Daniel, RI 36573",2022-12-01
226,Stephanie Beltran,mikeyork@example.org,"0962 Myers Harbor Suite 520 Michaelhaven, GA 99810",2024-07-07
227,Cheryl Clark,taylorbrett@example.com,"392 Sara Corner Suite 929 Deannabury, FM 06910",2022-06-02
228,Jonathan Gonzalez,sharon73@example.net,"80677 Kenneth Station Apt. 322 Dawnfurt, WI 15990",2022-04-21
229,Crystal Sanchez PhD,jeffrey02@example.net,"7009 Brittany Parkways Bushfurt, VT 08612",2024-02-01
230,Rachel Foster,olsonjoe@example.net,"4966 Patrick Walk New Juanberg, NM 95637",2022-03-22
231,David Underwood,jamespierce@example.com,"966 Frank Center Suite 815 Kellyhaven, FM 43168",2021-07-30
232,George Howard,icervantes@example.com,"019 Buck Union Suite 898 New Misty, MA 96517",2022-07-11
233,Sarah Castillo,tracy85@example.org,"1469 Johnson Mission Lake Dianafurt, KS 97364",2022-09-23
234,Thomas Espinoza,matthew47@example.com,"3266 Robles Roads Apt. 970 North Molly, PW 89717",2021-07-02
235,Anthony Webb,whitemichael@example.com,"50441 Rachel Locks South Aarontown, RI 29185",2021-08-20
236,Edward Ford,iwalsh@example.org,"62156 Keith Corners Apt. 336 New Elizabeth, MO 59742",2020-07-24
237,Michael Forbes Jr.,plee@example.com,"99464 Byrd Highway North Cherylstad, IA 25761",2020-03-08
238,Jacob Bradley,raymond30@example.org,"460 Garner Squares Apt. 978 Port Erica, NJ 55055",2020-10-23
239,Hannah Sanchez,christinavillarreal@example.org,"01625 Dixon Street Suite 499 Pruittport, FL 03002",2020-08-31
240,Debbie Wolf,laura26@example.org,"14330 Brandy Square Suite 104 Fullerburgh, IL 44128",2022-07-20
241,Randy Scott,btran@example.com,"83809 Lane Ranch Suite 485 East Michael, IA 45388",2022-12-26
242,Cindy Newman,myerslisa@example.com,"4885 Schmidt Stream Greenberg, MI 04506",2023-05-11
243,Rebecca Adkins DDS,madison80@example.com,"3155 Jon Lock West Kimberly, ID 84143",2022-04-24
244,David Murray,zpatterson@example.org,"1800 Williams Canyon Oliviaberg, KS 99081",2024-03-18
245,Deborah Cox,nicolelane@example.net,"30628 David Plaza South Mark, MH 69719",2020-09-21
246,Amanda Perry,hallkim@example.org,"38518 Brandi Courts Smithchester, KY 72812",2021-04-04
247,Jeremy Molina,anthony30@example.org,"56476 Scott Stravenue Apt. 984 North Danielleton, RI 55666",2021-11-07
248,Tina Clayton,oliviahall@example.org,"297 Rodriguez Shoal North Nicolehaven, KS 01543",2023-12-25
249,Richard Oliver,igarcia@example.org,"85820 Edward Plaza Suite 453 Lake Benjaminmouth, KY 34243",2024-08-08
250,Jason White,fwells@example.com,"364 Le Crest Luismouth, MN 84644",2024-09-01
251,Jamie Cruz,barrykimberly@example.com,"113 Duncan Inlet Apt. 892 Port Stephanieton, PA 80742",2023-10-27
252,Trevor Long,rebekah28@example.net,"2428 Laura Lodge Apt. 126 South Aliciamouth, UT 89624",2023-09-22
253,William Mathis,randy23@example.com,"0489 Jones Knolls Suite 016 Williamburgh, DE 70981",2020-03-29
254,Kyle Silva,victoriahernandez@example.net,USNS Mcbride FPO AE 91129,2023-05-05
255,Kevin Powers,ohowe@example.org,"970 Danielle Summit Apt. 206 Garnerborough, DC 97970",2021-10-09
256,Sherri Pitts,cindyblake@example.org,Unit 0248 Box 0807 DPO AA 95683,2020-10-17
257,Teresa Le,rbond@example.net,"4523 Smith Forge Apt. 119 New Williamside, KS 44125",2020-12-11
258,Nancy Villarreal,thomasflores@example.com,"231 Stacey Islands Suite 983 East Nicholasfurt, NJ 47581",2024-06-28
259,Nicole Carroll,garciajessica@example.com,"15710 Timothy Village West Aaronport, MS 54292",2020-04-26
260,Benjamin Le,john48@example.org,"18040 Ashley Fort North Kaylaville, DC 98218",2021-01-23
261,Colleen Dixon,ericwright@example.org,"33028 Marilyn Island Suite 756 Ellismouth, DE 64865",2023-03-08
262,Dave Kirby,sabrina58@example.net,"3880 Veronica Turnpike Suite 190 Michellebury, NV 08292",2023-07-15
263,Michael Arnold,aking@example.net,"81960 Jeffrey Rapid Tyronebury, IN 05655",2024-03-28
264,Larry Walsh,wolfjamie@example.org,Unit 8939 Box 9317 DPO AA 79830,2024-06-26
265,Kayla Reynolds,tammymcintosh@example.net,"34125 Bond Ports Castanedachester, TN 33268",2020-04-16
266,Michael Curry,jarvislaura@example.org,"338 Jade Court Derekview, VT 21830",2023-04-13
267,Elizabeth Wilkins,sfields@example.net,"1793 Michael Pike West Charlesberg, AZ 28942",2021-04-11
268,Zachary Hodges,uwest@example.net,"157 Judith Prairie Suite 794 Lewisberg, CO 58245",2020-09-26
269,Rebecca Lindsey,andreayork@example.org,"8276 Kara Vista Turnerburgh, AK 21643",2022-04-06
270,Gregory Knight,sotoanthony@example.net,"8936 Tyler Mountain Suite 581 North Brenda, WA 31574",2021-03-28
271,Preston Anderson,mark83@example.org,"4605 Finley Ridges Apt. 273 New Anna, DE 56072",2021-06-23
272,Leslie Young,georgejamie@example.com,"22133 Denise Trail Joannaport, AL 65314",2021-03-10
273,Michelle Ellis PhD,lopezfernando@example.net,"1662 Allen Corner Suite 313 New Lindseychester, ME 25005",2020-10-19
274,Katherine Larsen,matthew74@example.org,"315 Charles Ways Suite 348 West Mark, HI 83000",2021-11-13
275,Amy Jimenez,david43@example.org,"6694 Anderson Branch Rebeccamouth, AK 43370",2020-09-17
276,Nicholas Carr,ericfarrell@example.com,"79304 Gardner Landing Suite 969 Edwardberg, SC 87788",2021-08-11
277,Megan Hodges,marksanchez@example.com,"25877 Rachel Trail Gainesborough, AS 19726",2021-10-26
278,Kevin Anderson,alvaradotammy@example.net,"PSC 3766, Box 4486 APO AP 62952",2024-09-03
279,Justin Howell,jenniferbrown@example.com,"1913 Snyder Centers Apt. 328 Port Ashleeborough, WA 25101",2020-08-19
280,Joan Peterson,ritaortiz@example.com,"764 Page Corners Apt. 669 Melissaborough, AK 84329",2023-08-06
281,Jennifer Morrow,antonio87@example.net,"3781 Stephen Streets Apt. 389 East Chad, AK 54269",2023-11-14
282,Virginia Hernandez,rachelshepherd@example.org,"07496 Watson Track Matthewshire, MI 75193",2023-08-03
283,Matthew Gomez,browningmatthew@example.org,"92188 Sean Run Lake Derrick, UT 55604",2023-01-05
284,Cassandra Henderson,chandlerryan@example.com,"7529 Shannon Dam Suite 016 South Ralphbury, AR 34415",2021-01-17
285,Holly Johnson,liunicole@example.com,"0396 Matthew Square Suite 363 Andersonshire, WA 48376",2020-07-10
286,Andre Brown,keithperez@example.org,"42426 Williams Junction Heatherburgh, LA 11458",2024-05-21
287,Terri Beck,jonesteresa@example.com,"10585 Justin Cape West Christopher, UT 58447",2023-06-28
288,Joseph Williams,codonnell@example.com,"1267 Perez Rapid South Margaret, VA 00574",2022-01-28
289,Patrick Arias,tanyaweaver@example.org,"305 Mckenzie Flat North Seanport, MH 97058",2021-12-30
290,Robert Martin,pbryan@example.org,"710 Gray Court Suite 032 Atkinsland, AL 92473",2020-01-12
291,Megan Harrington,dillon03@example.net,"69229 Jennifer Keys East Joshua, SD 79223",2021-11-01
292,Elizabeth Clarke DDS,tategregory@example.org,"97036 Johnny Rue South Amandatown, PR 65611",2023-03-08
293,Katherine Benitez,joseph10@example.org,"966 Barrera Overpass Timberg, CO 41684",2020-01-13
294,Leonard Jackson,hbrown@example.net,"36930 Kristie Row Suite 683 East Aliciaburgh, FL 94630",2021-11-24
295,John Wilson,cynthialee@example.com,Unit 1311 Box 2164 DPO AE 31641,2023-09-15
296,Arthur Hubbard,okennedy@example.com,"92598 Smith Extensions Dylanchester, RI 30197",2023-03-31
297,Michael Austin,agraham@example.com,"98395 Anthony Motorway Benjaminburgh, GU 98580",2023-09-30
298,Joseph Schneider,mcdonaldjacob@example.org,"5927 Price Turnpike Apt. 303 New Melissa, MT 89787",2021-04-22
299,Frederick James,hillhunter@example.net,"056 Randy Ridge Port Amanda, MD 74980",2023-05-11
300,Lauren Dorsey,millschristina@example.org,"PSC 5363, Box 5307 APO AE 66733",2022-01-23
301,Matthew Wells,nancythomas@example.net,"14501 Conley Station East Aaron, NV 37531",2022-12-26
302,Stephanie Phillips,glenda44@example.com,"48722 Powers Oval Apt. 636 Clarkland, NV 48730",2023-10-16
303,Joan Thompson,andrew54@example.org,"596 Melissa Tunnel Smithhaven, VT 06115",2023-04-29
304,George Manning,ucontreras@example.com,"712 Hartman Tunnel Apt. 252 Kimberlyland, CO 34891",2020-12-12
305,Monica Stein,oellis@example.com,"27879 Acosta Hollow New Angela, OH 24333",2024-09-25
306,Susan James,sue43@example.net,"64480 Russell Parks West John, SC 04473",2021-02-24
307,Jorge Mills,thomasemma@example.net,"7154 Fisher Extension Suite 794 Madisonfort, ND 82692",2021-08-08
308,Louis Rowe,castanedajohn@example.net,"3177 Jamie Valleys Suite 713 New Alexis, KY 07775",2021-09-03
309,Angel Wade,mmayer@example.org,"1122 James Mountains Apt. 058 New Sarafurt, WA 25546",2022-03-08
310,James Dixon,matthew00@example.net,"2459 Juarez Lake Apt. 345 Lake Jason, SD 75604",2024-05-16
311,Mary Reyes,zcole@example.net,"12683 Bryan Coves Apt. 878 Ponceville, CA 76253",2020-09-27
312,Joel Holloway,tkim@example.org,"4080 Aguilar Fall Suite 897 Lake Michaelburgh, VT 41228",2021-04-05
313,Allison Green,goldencharlotte@example.com,"305 Harding Branch Apt. 620 North Barbara, CA 44989",2023-10-14
314,Jerry Whitney,edward01@example.com,"41964 Michael Rapid Suite 928 Port Lucasburgh, VI 32512",2024-07-30
315,Joseph Martinez,foxamber@example.com,"36178 Alexis Station West Fred, NJ 28200",2021-04-17
316,Michael Grant,brownnicole@example.net,"27451 Martinez Drives Apt. 831 Lake Sheilaland, KY 26932",2024-08-15
317,Nicholas Smith,michael11@example.net,"4092 Brown Burgs Sullivanview, AL 71326",2020-04-17
318,Denise Bailey,guzmankimberly@example.net,"3430 Salazar Knoll Apt. 481 Wilsonbury, LA 69870",2023-01-17
319,Travis Hill,gwalker@example.org,"884 Campbell Terrace Suite 343 Hansenmouth, MP 43550",2022-06-16
320,Bethany Weaver,tammylindsey@example.org,"PSC 4469, Box 6807 APO AA 87400",2021-08-20
321,Justin Hernandez,marypace@example.com,"99129 Campos Lights Suite 153 North Jacob, ID 32700",2023-01-16
322,Rose Garrett,bwilliams@example.net,"5585 Amber Divide Port Barbarachester, UT 89941",2021-06-21
323,Mike Lee,johnsmith@example.net,"281 Johnson Plain Apt. 625 North Deanna, PR 22915",2021-06-29
324,Karen Rivera,usmith@example.org,"99088 Misty Valley Tylerchester, NY 78386",2023-06-30
325,Andrea Galloway,srios@example.com,"37573 Alyssa Circles Morrisfort, OH 74870",2022-01-29
326,Juan Taylor,farleyjuan@example.org,"969 Rebecca Isle Suite 673 Richardhaven, MP 05800",2022-04-10
327,Dale Lee,davidgonzalez@example.com,"22061 Morton Cove Suite 836 Deniseshire, MH 74374",2021-11-10
328,Daniel Berry,pedwards@example.org,Unit 7531 Box 6938 DPO AA 79084,2024-06-02
329,Bethany Chang,lking@example.com,"95118 Herrera Valleys Port Derekbury, KS 99169",2024-05-22
330,Michele Burke,alexiscox@example.net,"281 Holt Gardens Fowlermouth, AR 53552",2020-03-27
331,Holly Guerrero,urichardson@example.com,"23300 Rocha Square Apt. 511 Bondton, MO 69281",2020-05-24
332,Michelle Lee,zvazquez@example.com,Unit 6036 Box 9855 DPO AE 98932,2021-07-18
333,Tonya Boyle,sriley@example.com,USNV Smith FPO AA 46964,2021-09-03
334,Christopher Carroll,michaelbonilla@example.net,"43317 Martinez Cove East Timothyland, MH 80274",2022-06-12
335,Sarah Evans,bvelasquez@example.org,"015 Berry Dale Brownport, PR 44555",2024-06-29
336,David George,fedwards@example.com,"24887 Joe Crossing Ricardoport, MO 30047",2022-06-03
337,Antonio Luna,daltonleon@example.net,"5322 Jeffrey Brook Camposmouth, TX 67983",2022-12-05
338,Jerry Davidson,qmanning@example.net,"062 Chen Road Suite 073 Dennisside, FM 43020",2020-01-06
339,David Garcia,tylerjohnson@example.com,Unit 1359 Box 2803 DPO AA 52776,2022-05-02
340,Amy Blankenship,zdrake@example.net,"49571 Hicks Course South Stacy, IA 58383",2020-07-12
341,Tiffany Porter,joel48@example.com,"488 Cabrera Cove Apt. 668 Lake Jennifer, CO 41966",2020-03-16
342,Mark White,fharris@example.net,"3559 Thomas Pike Suite 011 Sullivanburgh, SC 37676",2020-05-30
343,Zachary Blake MD,taylormaxwell@example.net,"819 Bender Plaza New Nicolasville, SD 44023",2020-06-25
344,Jose Johnson MD,tammy03@example.com,"1636 Perez Drive Apt. 883 Tateside, WV 62504",2023-03-22
345,Sheila Castillo,donaldcarter@example.org,"31084 Henderson Valley Veronicaborough, MS 16160",2023-07-22
346,Natasha Novak,samuel22@example.net,"295 Davidson Island North Andreafurt, VI 02704",2024-05-03
347,Sabrina Boyd,kevin67@example.com,"9011 Phillips Forest Suite 054 Goldenhaven, ID 54356",2023-11-14
348,Roger Ortiz,zacharywatts@example.org,"472 Gina Manors Benjaminview, KS 09358",2023-08-08
349,Troy Carpenter,brownchristy@example.org,"97012 Vaughn Spurs Sextonchester, GA 29399",2023-03-30
350,Deanna Trevino,beardgina@example.com,"7454 Michele Run Suite 131 Leefurt, WI 13093",2022-10-19
351,Jennifer Golden,karen75@example.org,"469 Bridget Inlet Apt. 121 Port Kelsey, ME 54628",2020-06-21
352,Dean Medina,ccarter@example.com,"82844 Erica Pines Lake Rachelstad, GA 66523",2023-06-29
353,James Benton,aimeelopez@example.net,"6437 Miller Rue Fisherchester, NY 31880",2023-08-02
354,Connor Nelson,rosejustin@example.org,"2946 Chavez Fords Jeffreyhaven, AL 66997",2023-10-03
355,Tammy Martin,thomascoffey@example.org,Unit 0272 Box 7183 DPO AA 67836,2020-09-06
356,Erin Cole,oconnorjesse@example.org,"2493 Jared Orchard Apt. 734 Lake Karenmouth, VI 46525",2020-12-29
357,Jerry Garcia,wlee@example.org,"99192 Teresa Mountains Apt. 856 Stevensonhaven, WI 47320",2024-08-28
358,Allison Norton,qcasey@example.com,"59031 Edwards Fort Apt. 988 Hernandezburgh, AS 16003",2021-03-25
359,Bethany Chan,cking@example.net,"77015 Amanda Trace Calebburgh, HI 60322",2020-02-09
360,Regina Knapp,ryoung@example.net,"8123 Fields View Suite 059 South Gabriellefort, OK 29595",2021-06-23
361,John Mcclain PhD,frazierjanet@example.net,"43768 Davis Ranch Apt. 670 New Madison, MH 87124",2020-10-16
362,Brandon Stephens,stevenhenry@example.com,"85787 Rebecca Light Lake Meganmouth, CT 31455",2022-06-20
363,Michael Krause,seaton@example.org,"0287 Jones Plaza Suite 204 Morenoville, MD 30862",2021-12-29
364,Katelyn Rivera,kevin10@example.org,"0003 Yang Falls Suite 071 New Alexanderchester, UT 47219",2022-09-02
365,Tina Bell,hleblanc@example.org,"353 White Pine Suite 741 New Danielview, VA 76446",2023-03-30
366,Daniel Roberts,wallamanda@example.com,"15559 Karen Track Apt. 963 Port Alexander, MH 71995",2021-03-03
367,Dillon Patton,hansendebra@example.org,"043 Blair Cove South Deborahmouth, TX 21148",2020-09-16
368,James Haney,gentrycrystal@example.net,"56518 Theresa Mission Melissaview, KS 62292",2022-12-01
369,Kevin Kirk,guylane@example.com,"261 Lewis Expressway Port Joseph, KY 15410",2023-03-31
370,David Obrien,zfaulkner@example.org,"PSC 8837, Box 3415 APO AA 05913",2022-12-18
371,Yolanda Gibson,jeffreyhurley@example.com,"213 Stewart Ways Andrewberg, VA 62316",2020-06-27
372,Robert Hardy,waynehenderson@example.com,"75026 Edwin Squares Jonesmouth, GA 03334",2022-10-26
373,Sarah Watson,samuelgillespie@example.org,"869 Elliott Forges South Angel, VT 13810",2023-07-20
374,Jennifer Lewis PhD,wlane@example.org,"708 Amanda Route North Joeport, ND 32438",2020-02-04
375,Morgan Gonzalez,laura84@example.com,"599 Charles Plaza Suite 855 Smithton, FL 60327",2024-09-02
376,Jeffery Reed,kristineford@example.net,"13897 Taylor Radial Apt. 436 Hornshire, MH 10393",2020-04-17
377,Stephanie Nash,pamelaelliott@example.com,USNS Davenport FPO AE 84222,2024-02-26
378,Regina Smith,heathercrosby@example.org,"274 Christy Parkways Suite 491 Taylormouth, KS 98303",2020-01-01
379,Tammy Sexton,kimberly50@example.com,Unit 9940 Box 9246 DPO AE 27935,2023-02-06
380,Gregory Woods,pbaker@example.net,"575 Anderson Knoll Suite 839 Lake Michaelshire, NE 90144",2022-06-03
381,Phillip Tate,brad73@example.net,"941 Isaiah Island South Susanton, IL 02126",2024-01-03
382,Sydney Payne,lauracastillo@example.com,"006 Nathaniel Harbors Bellfurt, KY 14781",2024-04-29
383,Kimberly Jones,iosborne@example.com,USS Reed FPO AA 36900,2021-03-19
384,John Simon,mendezryan@example.org,"4779 Marissa Turnpike Apt. 341 Lloydshire, UT 53263",2024-07-30
385,Shawn Ortega,grahamrobert@example.org,Unit 9614 Box 0223 DPO AA 67409,2022-12-10
386,Daniel Hunt,paul67@example.org,"597 Joshua Station Port Amberland, NE 21099",2023-03-10
387,Michael Henry,sandra02@example.com,"17266 Lucas Plaza Amymouth, VI 71166",2024-02-19
388,Nancy Ritter,nmedina@example.org,"2029 Andrea Bridge Melissaton, NV 89170",2024-08-24
389,Stacey Crawford,abowman@example.com,"0432 Breanna Pine Greenland, MA 50842",2022-01-03
390,Lindsay Jones,moralesbrenda@example.org,"390 Rush Shoals Suite 924 North Debrachester, OR 01161",2023-09-28
391,Kiara Mendoza,todd14@example.org,"73613 Bates Fords Apt. 654 South Erinmouth, WA 17592",2024-04-26
392,Margaret Kim,trogers@example.org,Unit 1886 Box 1341 DPO AA 26940,2021-12-15
393,David Lambert,christiandoyle@example.org,"62904 Miles Haven Suite 025 East Rachelburgh, TN 40895",2023-04-13
394,Garrett Wise,margaret67@example.com,"9436 Garner Bridge Veronicamouth, ND 14214",2022-06-19
395,Kenneth Holloway,cynthia67@example.com,"2924 Melissa Forest Lopezmouth, WV 84646",2024-08-14
396,Mary Torres,xday@example.net,"796 Clark Plain Apt. 537 Lake Rickyborough, WY 76881",2023-10-12
397,Katelyn Harris,jburton@example.org,"8438 Larson Branch Suite 964 South Thomasside, MA 97638",2023-04-10
398,Mr. Dustin Whitaker PhD,mullenbrian@example.com,"PSC 9938, Box 6392 APO AP 09063",2020-09-17
399,Leslie Mitchell,jimmypatterson@example.org,"077 Lori Crescent Woodsberg, CO 08899",2024-02-07
400,Daniel Krause,andersonsusan@example.com,Unit 1775 Box 9674 DPO AP 64670,2020-04-20
