id,name,email,address,date_joined
1,Thomas Whitehead,sanchezanthony@example.com,"929 Manuel Meadow Apt. 071 Michelleport, MP 43239",2020-04-18
2,Derek Smith,christopher00@example.org,"8523 Pena Neck Suite 348 Collinstown, GA 62651",2021-10-26
3,Joann Mcgee,andrew30@example.org,"362 Anthony Underpass West Andrewburgh, GA 50087",2021-05-27
4,Leslie Lee,carrillojared@example.org,"6471 Anthony Common South Debrabury, WA 36445",2020-11-08
5,Jennifer Rogers,dennis50@example.com,"0946 Kevin Hills New Joshua, NY 24624",2023-12-13
6,Kelsey Lopez,david33@example.org,"84560 Mitchell Lights Lake Annashire, VT 20168",2022-08-11
7,Jeffrey Gardner,kimmeagan@example.org,"16159 Bennett Forest New Samanthaberg, WV 44980",2021-12-09
8,Michael Moore,tinaprice@example.com,"227 Hernandez Lane Suite 391 North Brian, AR 89460",2023-06-19
9,Courtney Osborne,simpsonmaria@example.com,"59847 Jonathan River Apt. 920 North Benjamin, MH 69320",2020-09-04
10,Michael Bradley,bowmanwilliam@example.com,"1413 Jordan Locks West Jeffreybury, GU 43534",2024-04-29
11,Christopher Montes,alejandra26@example.com,"2667 Scott Corner Coleview, NJ 82620",2023-07-13
12,Melissa Reed,patricia40@example.org,"4544 Deanna Path Lake Jamiemouth, NH 93243",2023-05-02
13,Nancy Bell,aliciahill@example.org,"388 Caleb Path Bellberg, MN 69610",2021-11-16
14,Kyle Santos,robert83@example.net,Unit 0728 Box 4778 DPO AA 53040,2024-05-31
15,Eric Rollins,ahernandez@example.org,USS King FPO AE 33686,2021-05-18
16,Jason Castaneda,dan32@example.com,"708 Stephen Cape Abigailstad, MI 27875",2023-05-30
17,Tyler White,carrie27@example.org,"22110 Hamilton Bridge Suite 613 North Sabrina, AL 94179",2022-12-23
18,Christian Williams,tanyaarmstrong@example.com,"239 Katherine Mall Apt. 560 Andreland, AR 68466",2023-08-27
19,Elizabeth Graves,davisjacob@example.org,"910 Melissa Courts Suite 567 Masonshire, ID 14443",2023-03-11
20,Stephanie Lewis,juliamiller@example.org,"4492 Charles Run Suite 580 Lake Rebeccaside, OK 88606",2021-08-25
21,Kimberly Fleming,dcoleman@example.com,"29166 Freeman Freeway Apt. 642 Fowlerland, KY 62321",2023-05-25
22,Kim Davis,cynthia85@example.org,"542 Crystal Wall West Michaelton, CO 45084",2021-06-29
23,Andrew Fisher,sandrathompson@example.org,"7664 Christopher Divide Apt. 618 Emilychester, IN 98947",2023-02-26
24,James Brown,cbrown@example.com,"435 Jackson Field Brownville, DC 03453",2020-01-21
25,Kevin Gibson,aspencer@example.org,"1979 Adkins Street Suite 353 Crystalfurt, IL 06660",2023-06-05
26,Crystal Cortez,douglastyler@example.net,"1034 Timothy Divide Suite 009 East Gabrielchester, WY 01785",2021-02-21
27,Joseph Smith,katherine46@example.net,"PSC 4697, Box 2551 APO AE 00917",2024-09-15
28,Michael Deleon,donnablack@example.com,"8003 Andrew Forest Austinton, MP 00906",2023-03-19
29,Michael Vega,diazveronica@example.org,"0104 Dawn Road Suite 188 Lake Carla, VI 27954",2020-06-27
30,Christina Taylor,gfowler@example.com,"5870 Elliott Highway Apt. 857 South Stephanie, MA 77307",2024-03-20
31,Jessica Mcgrath,jason19@example.net,"04455 Charles Springs Emmashire, LA 30274",2021-07-09
32,Anna Carter,smatthews@example.com,"6053 Perez Court Apt. 411 Lake Bryan, NE 64147",2020-08-14
33,Patrick Noble,kirbyandrea@example.com,"52829 Curtis Center Joshuafurt, NY 41347",2020-10-11
34,Steven Potter,rachel99@example.com,"1782 Rachel Drive Daughertyhaven, FL 13359",2023-08-15
35,Mr. Ryan Marsh,lisagood@example.net,"63930 Ryan Plaza Patrickport, CT 57368",2024-06-11
36,Patricia Smith,ppatel@example.net,"00990 George Stream Ericshire, PR 02008",2020-12-19
37,Barbara Vincent,kaufmanheather@example.net,"322 Stephanie Mountain Reyesborough, KY 16714",2024-09-03
38,Megan Boone,owengene@example.com,"678 Roth View North Robertville, OK 74623",2024-07-17
39,Angela Wilkerson,jamesspencer@example.com,"290 Victor Court Lake Alexis, ND 47058",2023-03-01
40,Kevin Garcia,matthewflowers@example.org,"89048 Michael Lane Apt. 580 Gregorystad, NC 74128",2023-06-29
41,Crystal Hayes,jonathan38@example.com,"021 Cannon Mission Suite 687 West James, MD 72633",2024-06-07
42,Gregory Ortiz,lozanogordon@example.org,"660 Harris Way North Rebecca, MO 61550",2023-12-28
43,Taylor Silva,maurice01@example.net,"08530 Mcdaniel Unions West Roberthaven, PA 89246",2020-12-06
44,Sarah Booth,amandablair@example.org,"6935 Miranda Spurs Carlview, SC 63373",2023-04-06
45,Mark Davis,michaelcastro@example.org,"947 Lucas Vista Suite 967 Stevenberg, NH 72000",2020-09-22
46,Jonathan Sullivan,pgreen@example.org,"4671 Bonnie Avenue Suite 354 Kennethland, MN 63286",2020-11-21
47,Brett Sheppard,christinewallace@example.net,"9001 Douglas Cliff North Sarah, AZ 54598",2024-05-04
48,Sherry Walker,rhowell@example.com,"32305 Adam Plains Apt. 144 Alexanderville, IA 46206",2022-08-02
49,Jennifer Murray DDS,calvin06@example.net,USCGC Morrow FPO AP 68719,2020-02-15
50,Beth Harris,rosejohns@example.com,"762 Lindsey Springs Harveyside, ME 74868",2022-01-27
51,Shawn Ford,keith31@example.org,"PSC 2767, Box 2959 APO AA 19095",2020-04-14
52,Francisco Steele,christopher32@example.com,"976 Jordan Flats New Josephshire, NJ 96293",2022-11-30
53,Amanda Kim,etaylor@example.com,"3368 Nguyen Stravenue Bradleyside, SC 83345",2021-09-23
54,Keith Casey Jr.,hollandsusan@example.net,"481 Kevin Branch North Victorville, KS 15612",2022-12-16
55,Kelly Kelley,mccannjoshua@example.com,"850 Alicia Plains Port Emilybury, OH 05693",2023-12-21
56,Tracy Davis,melissachang@example.com,"PSC 5589, Box 2848 APO AP 78937",2023-05-12
57,Joshua Phillips,pamelagraham@example.com,"7813 Torres Mountains Suite 646 North Mistyberg, AS 98158",2020-08-10
58,Amber Schneider,joshua00@example.com,"65051 Reilly Square Shellyview, NV 75399",2023-03-24
59,Richard Byrd,hbrown@example.net,"46156 Fields Ridges West Melanie, AR 67580",2024-01-29
60,Carlos Hinton,brian28@example.com,"PSC 9263, Box 9809 APO AE 44735",2023-03-04
61,Samantha Friedman,alec78@example.org,"237 Amanda Route Apt. 928 New Chelseafort, AZ 98804",2021-06-22
62,Brian Miller,mruiz@example.net,"7361 Amanda Hollow Tylerview, VA 01313",2021-05-02
63,Kristen Payne,oolsen@example.com,"349 Melissa Stravenue Lake Tamarafort, MI 55848",2021-01-13
64,Joseph Mccoy,hfoster@example.net,Unit 2997 Box 6547 DPO AA 12309,2022-04-14
65,Shawn Lawrence,smithjohn@example.org,"106 Arroyo Rapids Kaylaburgh, PR 42134",2023-05-13
66,Amy Collins,john05@example.org,"7879 Tony Streets Hallton, DC 42508",2020-02-06
67,Robert Castillo,johnsonstephanie@example.com,"4029 Navarro Field Suite 407 Clarkmouth, AR 35240",2021-01-02
68,Tammy Franklin,justin32@example.org,USCGC Mata FPO AP 76246,2020-11-28
69,Lauren Mayer,uroberts@example.org,"778 Diaz Stravenue Apt. 402 Davidton, FM 53653",2023-09-02
70,Antonio Lopez,ebailey@example.net,USCGC Moore FPO AA 79364,2024-05-31
71,Andrew Neal,joseph20@example.com,"3667 Garcia Forest Suite 422 South Carla, VI 37558",2022-12-09
72,Michael Pierce,reneeterry@example.net,"1793 Tiffany Center New Heather, PA 06594",2022-03-08
73,Kimberly Williams,annalang@example.org,"9265 White Villages Suite 540 Yatesburgh, AK 58843",2021-08-24
74,Michael Coleman,paige69@example.net,"935 Monroe Lodge Jasonshire, KY 21700",2020-08-09
75,Matthew Berg,dhouston@example.org,Unit 4962 Box 6164 DPO AP 63728,2024-06-23
76,Rachel Cruz,robin72@example.net,USS Edwards FPO AP 06190,2021-06-28
77,Richard Mcgee,jessicawilliams@example.org,"PSC 5263, Box 9566 APO AP 59189",2024-07-05
78,Victoria Rodriguez,ypeters@example.com,"695 Paige Mountains Lake Michael, MS 20074",2024-07-31
79,Stephanie Vega,perryjeffrey@example.net,"PSC 9748, Box 6130 APO AA 51629",2023-04-26
80,Brenda Munoz,hammondcynthia@example.org,"42311 Bishop Drives Apt. 915 West Patricia, MT 57716",2020-02-09
81,Gregory Garcia,jennifer34@example.com,"0238 Vance Passage Suite 091 East Kevin, ME 65564",2023-07-23
82,Jessica Johnson,wkelly@example.org,"667 Shaw Course Suite 449 Jackstad, FL 96516",2021-04-12
83,Mrs. Andrea Silva,branchthomas@example.net,"9475 Jones Well Suite 453 Dianahaven, VA 00532",2024-06-01
84,Micheal Moss,moniquelee@example.org,"567 Justin Bypass East Stephanie, GA 76823",2021-06-26
85,Peter Smith,ibranch@example.net,"2220 Danielle Rapids Suite 894 Walkerstad, PR 78464",2023-01-18
86,Jillian Cardenas,kevin55@example.org,"950 Barnes Trafficway Lake Shawn, MD 86571",2020-08-12
87,Robert Caldwell,kellysandra@example.net,"713 Rebecca Ways Suite 873 East Ariana, MA 82325",2020-10-03
88,Brian Rivera,gregpollard@example.com,"0003 Cristina Views Nicholsmouth, TX 62505",2020-07-29
89,John Smith,jenniferharrison@example.com,USNV Waller FPO AP 42408,2020-05-19
90,Brianna Elliott,brodgers@example.net,USNS Perez FPO AA 72011,2023-02-22
91,Jordan Leonard,djackson@example.org,"6673 Owen Lodge Apt. 960 Port Karenland, GA 61591",2021-10-23
92,Nicole Chambers,nataliegarcia@example.org,USS Campbell FPO AA 16505,2024-05-18
93,Cameron Lopez,debra95@example.net,"00271 Raven Cape Johnview, CO 48867",2022-12-17
94,Debra Chapman,fletchersarah@example.com,"44688 Bradley Shore Sandratown, AR 16312",2024-03-05
95,Pamela Mcclure,hudsoncolleen@example.com,"37887 Tracy Station Suite 826 Port Johnathan, WA 78938",2020-02-27
96,Julie Silva,clarkemily@example.net,"880 Christine Mountain Apt. 474 Georgeborough, IL 65298",2023-03-03
97,Megan Thomas,wheelercarlos@example.org,"440 Seth Freeway New Charles, MH 46028",2022-03-30
98,Derrick Baker,thomasmontoya@example.org,"7296 Guerra Shoal North Michael, ME 47850",2022-08-04
99,Matthew Edwards,shawna34@example.com,"911 Joshua Heights Esparzaberg, MO 84873",2023-11-17
100,Juan Smith,torresjoann@example.net,"8134 Michelle Harbors West Caseyton, LA 23870",2023-11-02
101,Heather Gallagher,vfox@example.net,"815 Julie Spur Apt. 138 West Michael, WA 80948",2023-06-16
102,Mr. Eric Holder,john99@example.org,"09039 Ryan Prairie West Melindastad, MI 81528",2024-02-08
103,Tyler Hester,ericahurley@example.com,"146 Mary Mountains Shelbyside, WI 88592",2021-05-01
104,Eric Lane,znelson@example.org,"10749 Mary Rest Suite 230 Ayersmouth, IL 63395",2023-05-27
105,Jessica Morrison,munozkyle@example.com,"2407 Sharon Manors South Christinebury, HI 19007",2021-10-26
106,Jeremy Fitzpatrick,millercarla@example.net,"535 Denise Grove Port Richardmouth, MD 61525",2021-11-13
107,Matthew Cox,ballsophia@example.org,"4078 Knight Locks South Maxwellstad, KS 85630",2023-11-06
108,Theresa Obrien,hansenpamela@example.com,"5238 Ayala Key West John, SC 04427",2022-08-11
109,Kevin Atkins,danielsalas@example.org,"6956 Andrade Burgs Suite 744 Port Elaineland, IA 52492",2022-10-21
110,Jacob Castro,savannahbrown@example.net,"58594 Murillo Plains Suite 661 Lake Teresa, IN 49981",2024-07-28
111,Erika Haley,andrew45@example.org,"32997 Melendez Dam Apt. 435 Jeffreyborough, NV 19804",2020-03-09
112,Tracey Parker,jonesjill@example.net,"58485 Katrina Turnpike Suite 965 Brooksland, MP 77601",2022-11-30
113,George Walton,zcharles@example.org,"03691 Petersen Drive Jamesstad, VT 23242",2023-09-28
114,Miss Pamela Howard,patrick09@example.net,"3989 Kimberly Station East Samantha, PR 77974",2024-08-14
115,Christopher Rogers,stephenskristen@example.com,"7403 Kristine Stravenue Suite 169 Leslieborough, FL 37721",2020-11-11
116,Patrick Heath,mitchellstephen@example.net,"2130 Brown Isle Davidborough, AL 59302",2020-11-26
117,Alexis Williams,imiller@example.net,USNV Martinez FPO AA 03396,2020-02-14
118,Kristine Holmes,flemingkristin@example.net,"742 Melissa Plaza Suite 101 South Shawnland, GA 16193",2024-06-12
119,Chad Vargas,aliciaoliver@example.org,"13565 James Port Apt. 653 Port Prestonmouth, DE 99129",2023-10-07
120,Ryan Giles,rachel29@example.com,Unit 8747 Box 9393 DPO AE 12148,2021-08-28
121,Stacy Garza,brianna52@example.com,"411 Lopez Camp Andreburgh, FM 23528",2022-03-06
122,Teresa Newton,dthompson@example.org,"933 Scott Springs Suite 164 New Aprilshire, TN 46068",2021-04-30
123,Daniel Hall,michaelmorrow@example.org,"8823 Jill Point Suite 230 Kimville, WA 13836",2021-12-26
124,Jerry Williams,jennifer06@example.com,"82193 Terry Land Suite 407 South Robertburgh, UT 16841",2020-01-22
125,Stephanie Gomez,christina19@example.net,"2698 Villanueva Lodge Apt. 861 Michaelshire, WV 79860",2022-10-01
126,Jason Williams,jasminevillarreal@example.org,"32739 Frances Creek Suite 963 Victorialand, CA 62289",2021-12-12
127,Shawn Barrett,amyfigueroa@example.com,Unit 9172 Box 1414 DPO AA 76506,2021-11-25
128,Donald Cox,aorr@example.net,USNV Thompson FPO AE 76296,2020-04-24
129,Anthony Boyd,halejasmine@example.org,"3770 Kelly Dam Suite 424 East Matthew, PA 49864",2024-01-24
130,Matthew Johnson,valerie17@example.org,"828 Kyle Vista Clarkfort, SD 01582",2023-02-07
131,Carl Craig,hfox@example.org,"3195 Tran Islands Suite 249 Lake Tonya, GU 63825",2021-04-03
132,Renee Thompson,smclaughlin@example.net,"PSC 4353, Box 1608 APO AP 15492",2023-02-18
133,Michael English,laurie76@example.net,"4488 Brian Lakes Apt. 446 South Richardview, MT 58993",2020-01-13
134,Jennifer Orr,brianavazquez@example.org,"8087 Anthony Lock Gomezmouth, KS 42951",2021-01-27
135,Robert Rose,carlagarcia@example.org,"40366 Petersen Divide Riceside, SD 05086",2023-08-29
136,Lauren Gillespie,nicoleclayton@example.org,"307 Lauren Lakes Davisbury, ID 98053",2022-02-23
137,Amy Zimmerman,sgolden@example.org,"386 Jacobson River Richardchester, WV 32202",2021-01-26
138,Louis Colon,roblesmonica@example.org,"698 Erin Forest Denisefurt, MD 07543",2023-09-27
139,Andrea Wood,salazarmegan@example.org,"8092 Kristen Roads Greerport, TN 02230",2021-07-07
140,Rachel Robinson,michael53@example.org,"769 Thomas Valley New Brandon, CA 81840",2024-03-09
141,Michael Jefferson,brogers@example.net,"31333 Wade Forest Alexandrachester, NM 32200",2023-03-17
142,Bryan Diaz,emilygreen@example.net,"2494 Young Highway North Juliefort, OH 35492",2020-07-07
143,Alexis Nixon,mendezjennifer@example.com,"7173 Ashley Key Apt. 357 Jacksonburgh, OH 26618",2023-05-27
144,Shaun Franklin,fanthony@example.com,"139 Reed Shores North Kathleenmouth, FM 21907",2022-08-28
145,Kimberly Mclean,allisonbrown@example.net,"09155 Jones Shores Suite 438 Margaretshire, RI 80267",2021-11-03
146,Sarah Silva,paula79@example.org,"5872 Cruz Falls Ryanmouth, TN 26783",2022-08-16
147,Angela Yates,rwillis@example.org,"72351 Larson Lake Apt. 488 Carterbury, ND 28036",2024-02-22
148,Jessica Flores,allen52@example.com,"79979 Hayes Station Brooksfurt, GA 15433",2022-08-10
149,Mr. Noah Rivas,alexishall@example.net,Unit 0980 Box 8263 DPO AA 78305,2023-08-29
150,Brent Wilkerson,prattandrew@example.org,"19289 Gillespie Corners Johnsonstad, CO 86971",2023-02-18
151,Mary Ross,thompsonjoseph@example.org,"8872 Larry Bridge Patriciaberg, WV 52510",2022-04-08
152,Nancy Clarke,mgutierrez@example.org,"46807 William Meadows Apt. 194 West Roberto, CT 84504",2020-07-28
153,Nicole Robinson,whitemelinda@example.org,"8143 Terry Wells Lake Shelbyberg, WA 25238",2024-01-08
154,Stephen Morris,armstrongcrystal@example.com,"7055 Stacey Throughway Lake Tammiefort, VA 61984",2023-12-05
155,Travis Brown,branchtyler@example.org,Unit 1949 Box 5183 DPO AP 45811,2020-04-30
156,Jonathan Carter,espinozakristopher@example.com,"1121 Jensen Divide Apt. 690 Gordonborough, RI 68086",2021-08-20
157,Jacob Cooper,yday@example.org,"0952 Justin Circle Suite 232 New Larry, MT 50158",2020-07-08
158,David Shaw,vincentmullins@example.org,"184 Thomas Junction Apt. 755 North Matthewport, TN 02276",2024-06-13
159,Mrs. Erin Contreras,gina14@example.net,"360 Johnson Ville Lake Brianmouth, TN 53133",2021-06-03
160,Christopher Brown,oscaroneill@example.net,"32141 Anderson Walks Apt. 210 Taylorton, OR 21276",2020-04-16
161,Rachel Cain,romeroteresa@example.com,"80382 Oliver Summit Lake Christian, UT 48866",2024-08-30
162,Emily Miller,bankssteve@example.org,"9586 Laura Groves Suite 180 Bradleybury, AL 47562",2021-08-01
163,David Harris,kathleensalazar@example.org,"329 Levi Hollow South Loriland, TX 61212",2022-09-30
164,Holly Mueller,gibbsbrandon@example.net,"1904 Lester Centers Suite 306 Pattonberg, GA 01823",2020-10-13
165,Mike Rogers,tapiashannon@example.com,"868 Kelly Mission North Mariabury, KY 12087",2023-03-07
166,Dawn Smith,michael99@example.com,"67096 Klein Prairie Cooperside, SD 37120",2023-04-06
167,Nicole Valdez,fitzpatrickjessica@example.com,"828 Simpson Oval Francisview, WI 62560",2024-02-25
168,Erica Martin,jasminedavis@example.net,"95267 Brian Ranch Suite 137 Seanburgh, AL 45506",2020-10-09
169,Michael Harper,kelli58@example.org,USS Simmons FPO AA 23193,2020-12-19
170,Bryan Davila,cherylchung@example.org,"0572 Krista Freeway Lake William, ND 44216",2020-09-28
171,Timothy Perez,sean62@example.org,"5326 Carroll Fields Apt. 594 New Daniel, WI 42231",2022-06-13
172,Cory Maldonado,clee@example.com,"973 Davis Passage Suite 586 Richmondville, WA 97513",2022-05-25
173,Jeanette Smith,amiller@example.com,"52367 Alyssa Ford South Jacobmouth, MP 04899",2023-04-10
174,Crystal Johnson,fsalazar@example.org,"060 Eric Fall Suite 649 East Robert, ID 27272",2024-01-19
175,Steven Ford,ytran@example.org,"PSC 7588, Box 6857 APO AE 13891",2022-01-26
176,Reginald Reid,whitakerchristina@example.net,"587 Flores Greens Suite 734 Ryanbury, OK 32135",2020-04-21
177,Thomas Hall,brianna11@example.org,"674 Ethan Forks Apt. 402 South Williamton, LA 67064",2022-07-31
178,Amanda Welch,alejandrobowman@example.com,"5654 Jason Lights Williamsport, WV 67388",2022-11-01
179,Sarah Harris,hray@example.com,"73394 Nicholas Point Apt. 021 North John, WY 87382",2022-02-02
180,Sarah Fowler,cookjoel@example.net,"54423 Baker View West Michellebury, NM 55320",2023-11-16
181,Rebecca Yates,mmartinez@example.net,"184 Samantha Dam Christopherfort, PR 51449",2021-07-19
182,Dr. Cheryl Gutierrez,kschwartz@example.org,"8809 Alyssa Burgs East Danielstad, NC 14019",2022-12-27
183,Melanie Mcdaniel,vsmith@example.net,"423 Ramirez Plains South Jessica, MS 61215",2021-01-05
184,Katherine Gregory,brianna81@example.net,"PSC 5102, Box 8469 APO AA 30809",2023-10-19
185,Sandra Sims,robertsnicholas@example.com,Unit 8307 Box 0709 DPO AE 53616,2020-01-20
186,John Cabrera,monicayoung@example.org,"385 Ramirez Forges West Elizabethchester, OK 21549",2024-05-20
187,Tanya Hunt,patricia45@example.org,"8471 Stacy Locks Donnaborough, ME 33926",2021-03-29
188,Lisa White,alexandra58@example.org,"5697 Butler Gardens Ryanton, WY 91251",2023-09-08
189,Amanda Parrish,osbornetheresa@example.org,"7283 Vasquez Loop Apt. 371 Ronaldton, NC 77338",2023-02-28
190,Jessica Miller,cynthiameyer@example.com,"786 Nicholas Circles Suite 005 Port Nicholas, AZ 73484",2021-08-07
191,Sarah Pham,jennifer25@example.net,"82910 Joshua Landing Roblesbury, NY 81048",2023-01-13
192,James Wiggins,jweiss@example.com,"20139 Lewis Drive Browntown, ND 45991",2021-07-13
193,Michael Scott,uchang@example.org,USNS Rocha FPO AE 03125,2020-06-20
194,Philip Bartlett,nandrews@example.org,"15170 Brian Bypass Apt. 413 South Carolberg, NM 02818",2020-12-10
195,Kayla West,pfreeman@example.net,"17110 Laura Gateway Apt. 574 West Christina, IN 28430",2021-12-06
196,James Jones,meyersmelissa@example.com,"576 Walker Circles Garciamouth, OR 79648",2021-12-27
197,Marissa Patterson,hheath@example.net,"0685 Wiley Causeway Apt. 450 Gonzalezmouth, AK 77091",2023-10-10
198,Christopher Wilson,toddcraig@example.org,Unit 0745 Box 1541 DPO AP 02942,2021-09-25
199,Casey Myers,sarah65@example.com,"5300 Dustin View Apt. 729 Port Kelly, IA 92357",2020-02-25
200,Manuel Lopez,gregcalderon@example.net,"770 David Gateway New Jacquelineburgh, GU 98300",2023-07-22
201,Renee Jones,perkinsamber@example.net,"254 Henry Forks Apt. 888 Kimberlyshire, IL 48757",2020-04-09
202,Steven Hunter,ashea@example.com,"096 Ferguson Path Apt. 627 Janeview, ND 30272",2023-11-23
203,Bryan Davis,coxgrant@example.net,"167 Charles Spring South Patricia, IL 99221",2023-03-30
204,Heidi Bird,pattersonbecky@example.com,"85582 Ian Land Apt. 583 East Lisaland, FM 24541",2021-06-16
205,Amy Lopez,katherine66@example.com,"7053 Ryan Track Apt. 845 Port Sarafort, PR 56677",2024-03-30
206,Natalie Hunt,diana24@example.com,"00093 Stanley Drive Torresbury, TX 18862",2024-09-14
207,Lindsey Woods,cruzwilliam@example.org,"56260 Douglas Fort Suite 486 Emilyshire, OR 29749",2020-09-20
208,Jacob Ward IV,timothyking@example.net,"1904 Dixon Pass Suite 646 Bobbyhaven, MN 02412",2024-06-18
209,Christopher Martin,erinramirez@example.com,"986 Daryl Bridge Robertsstad, IN 34713",2024-08-01
210,David Rowe MD,gloriapatton@example.net,"3433 Martin Field Millerfurt, CA 66500",2023-07-17
211,Carlos Hughes,jeffreymurray@example.net,"646 Timothy Viaduct Suite 851 Brownville, AS 86851",2022-07-12
212,Mike Lopez Jr.,mark12@example.org,"67078 Cory Glens South Vicki, AS 18754",2020-04-14
213,Tiffany Jacobs,caseymartin@example.net,"561 Miller Stream Suite 762 Craigchester, MS 74473",2022-03-12
214,Timothy Sanchez,reyestoni@example.com,"691 Jones Ranch Apt. 022 Mayertown, PR 53605",2024-05-19
215,Lisa Dixon,uhobbs@example.org,Unit 7721 Box 4063 DPO AE 90655,2020-07-22
216,Susan Brown,greenkirsten@example.org,"6724 Bowman Drive Suite 903 Port Lucasland, NE 52505",2020-07-27
217,Jennifer Wiley,bmichael@example.com,"69794 Mercado Gardens Lake Troyfurt, FM 83503",2023-03-06
218,Jessica Valenzuela,collinstyler@example.com,"0701 Alexandra Squares West Tamarahaven, VA 97503",2020-06-18
219,Aimee Torres,watersstephanie@example.org,"27443 Jennifer Fields Robertstown, VT 39062",2021-09-07
220,Diana Torres,davidblackburn@example.com,Unit 3676 Box 6887 DPO AA 87191,2022-01-29
221,Judy Stephens,imonroe@example.org,"608 Jeffrey View Suite 365 Howardview, PA 56857",2023-02-07
222,Kelly Johnson,bdavis@example.org,"581 Amber Land Natalieland, NV 86613",2023-10-24
223,Connor Raymond,tylershaw@example.net,"63947 Leslie Parkways Davidfort, SC 61825",2024-07-16
224,Tiffany Cunningham,camposvictoria@example.net,"760 Jason Freeway Apt. 586 Lake Donald, VA 22456",2021-09-13
225,Michael Conrad,phelpsrichard@example.net,"40997 Sullivan Way Suite 736 East Crystalview, NM 49869",2023-01-08
226,John Ward,brianphillips@example.com,"07258 Douglas Mission Jacobfurt, KY 02886",2023-03-23
227,Amanda Levine,mark57@example.com,"40671 Daniel Coves Ericaland, NY 20966",2023-01-02
228,Joshua Osborne,kevin01@example.org,"7464 Garcia Spring East Keithborough, MH 92526",2022-08-31
229,Heather Mullen,morgan60@example.org,"9890 Berger Mews Apt. 312 Robertsonburgh, MA 89530",2021-07-29
230,Elizabeth Elliott,burgessjennifer@example.net,Unit 7609 Box 6167 DPO AA 21811,2022-06-02
231,Sarah Shaffer,bradycynthia@example.net,"80359 Gomez Harbors New Jacob, LA 65690",2021-06-12
232,Lisa Powers,hannahbullock@example.net,"885 Tasha Estate Apt. 554 Port William, DC 43762",2023-11-13
233,Tonya Parker,scottgrace@example.com,"22668 Willis Neck Apt. 441 Nicholemouth, KS 32587",2020-09-16
234,William Estrada,zlopez@example.net,Unit 8567 Box 8279 DPO AA 81585,2021-10-02
235,George Wright,garygreen@example.com,"6949 Hernandez Curve Suite 861 North Sean, AS 97626",2022-06-12
236,Cory Dennis,robertgreen@example.net,"6648 Deborah Crescent Suite 051 Hammondside, HI 95940",2020-10-04
237,Daniel Schmitt,dweaver@example.net,"4448 Michael Dam Suite 963 Lake David, NH 47437",2021-08-20
238,George Ray,egarcia@example.org,"864 Jamie Ways New Christopher, NV 15986",2022-07-29
239,Jeremy Savage,kevin83@example.com,"1362 Janice Vista Lake William, WY 84867",2022-02-10
240,Mary Allen,mwright@example.com,"292 Tabitha Bypass Suite 558 Amyburgh, MA 93913",2023-04-01
241,Pamela Gentry,vreed@example.org,"09816 Natalie Row Suite 339 Soniafurt, VT 24101",2020-06-22
242,Robert Cunningham,evansrichard@example.com,"792 Lee Ports Huertafurt, PA 73977",2021-07-17
243,Shannon Baird,mckaychloe@example.net,"5592 Nicole Lock Apt. 592 Castrobury, FL 78214",2020-08-23
244,John Cortez,amynichols@example.com,"75122 Gutierrez Shoal Hamiltonbury, GU 30584",2021-01-20
245,Brianna Foster,dbarton@example.org,"957 Harris Inlet Suite 046 Andersonland, KS 34267",2023-12-20
246,Stephen Russell,pattonchristopher@example.org,"1964 Amanda Courts Suite 191 Jonfurt, NH 90220",2021-07-21
247,Jenna Lopez,diazjennifer@example.org,"PSC 8085, Box 3595 APO AA 68168",2023-11-26
248,Christine Thompson,diazamanda@example.org,"128 Mark Port South Manuelside, MI 56235",2020-10-20
249,Andrew Gonzales,lambtracy@example.org,"325 Curtis Corner New Melissa, AS 00591",2024-08-16
250,Andrea Callahan,robert94@example.com,"9511 Davis Haven Yolandaburgh, IN 02507",2022-05-14
251,Brad Lewis,vknight@example.net,"PSC 2148, Box 6369 APO AE 31646",2023-05-17
252,Wayne Durham,johnbarrera@example.com,"561 Nicholson Estate Stephanieberg, TN 69073",2020-08-31
253,Christopher Hopkins,kimberlywest@example.com,"226 Jenkins Spring Joshuaview, NE 55810",2023-09-23
254,Patrick Freeman,renee91@example.net,USNS Hodges FPO AP 96017,2023-04-19
255,Jennifer Sandoval MD,vasqueztommy@example.net,"285 Jason Mountains Apt. 094 Williamstown, ID 16005",2023-08-30
256,Donna Williams,davidrodriguez@example.net,"606 Cynthia Fords Apt. 764 New Jenniferside, MP 81014",2023-06-15
257,Krystal Gibson,donaldtownsend@example.net,"4536 Glover Parkways Suite 907 Lake Dannytown, MS 79259",2022-09-26
258,Albert Kim,john07@example.net,"40027 Steven Pass Apt. 009 New Randallfort, MO 63256",2021-06-12
259,Ashley Hayes,christopher74@example.com,"114 Barton Parks Apt. 665 South Harry, GA 87478",2021-11-28
260,Alyssa Watkins,jonathan94@example.org,"6998 Chad Pine Tammyland, OH 19370",2024-02-17
261,Susan Lewis,megansanders@example.net,"6593 Terry Circle Suite 149 West Roy, MT 04511",2023-11-16
262,Paul Wheeler,bradleyerica@example.com,"115 Michael Crest Hernandezton, GA 57222",2022-07-14
263,Paul Anderson,edward07@example.net,"918 Melissa Mews Suite 239 Allenbury, WV 76068",2024-04-17
264,Justin Fuentes,kayla49@example.org,"45590 Barrett Highway South Markchester, MP 73469",2021-06-01
265,Erik Wright,tking@example.org,"25113 Jared Mills Apt. 727 New Zachary, OH 58235",2023-02-06
266,Mary Mendez,cmarquez@example.com,"644 Matthews Shoal Shirleyland, KS 38814",2024-09-05
267,Mr. Ryan Myers MD,eblair@example.org,"0388 Lane Knoll Apt. 770 Eugeneview, FM 51250",2021-12-26
268,Nicholas Burke,melinda79@example.net,USNS Carpenter FPO AE 61979,2022-06-03
269,Gabriel Hodges,michael09@example.net,"162 Sherman Common New Calvinstad, HI 07079",2020-11-13
270,Joan Patterson MD,kayla20@example.com,"822 Steve Garden Lake Jessicaborough, NJ 63755",2020-08-18
271,Caroline Davis,pskinner@example.com,"82552 Garcia Turnpike Port Joseph, WY 56768",2022-01-01
272,Linda Nixon,dennisbrian@example.net,"893 Chris Underpass Herrerashire, KS 79722",2022-12-05
273,Dustin Williams,katie98@example.net,"95494 Marcus Shoals Suite 931 North Phyllis, VT 71671",2023-09-08
274,Gary Gonzalez,davidanderson@example.com,"15291 Smith Groves Jeanettefurt, NH 45977",2023-08-08
275,Elizabeth Bass DDS,jennifernguyen@example.com,"944 Gregory Radial Lake Toddmouth, OK 27731",2023-07-25
276,Carrie Bell,tho@example.net,"2253 Jason Meadow West Kyle, WY 90043",2020-12-25
277,Rhonda Suarez,amybell@example.net,"910 Frank Lodge Lake Brianland, AL 97708",2021-07-12
278,Jason Velez,evansaaron@example.net,"985 Amy Loop Suite 979 East Diana, MD 88058",2022-01-08
279,Kimberly Hogan,thomaskristopher@example.org,USNV Horne FPO AE 33290,2024-05-28
280,Anthony Ware,tinaherring@example.com,"34008 Johnson Rue Apt. 528 Millermouth, VI 24548",2023-05-31
281,Diana Allen,logan75@example.org,"52114 Bell Road Normantown, WV 18834",2023-01-14
282,Angela Todd,aliciawillis@example.org,"970 Steven Junctions Markview, DE 21693",2023-10-15
283,Kelly Abbott,nfisher@example.org,"82080 Hannah Dam Suite 349 Kylestad, PR 93832",2022-02-19
284,Jennifer Duncan,thomas94@example.net,"1701 Mike Unions Suite 480 Harrismouth, OH 76701",2024-09-23
285,Bradley Park,dwhite@example.com,"22079 Stanley Lodge Apt. 097 South Georgeville, AL 99837",2022-06-09
286,Cheryl Williams,osborneangela@example.net,"153 William Parkway New John, MP 41657",2020-09-12
287,Stephen Brown,tami36@example.org,"69387 Wells Views Suite 212 New Kelly, NV 22155",2024-02-07
288,Wanda Gross,johnsondeanna@example.net,"1977 Bailey Ramp New Courtneyton, AR 15278",2023-10-02
289,Lucas Glover,pthomas@example.net,"436 Kyle Motorway Henryfurt, MA 39430",2021-11-03
290,Mary Mason,michael01@example.net,"0960 Kelsey Streets Suite 431 Millerport, CT 50743",2020-02-22
291,Frances Stephenson,bashley@example.com,"79718 Russell Ramp Toddborough, LA 26801",2022-02-12
292,Willie Stark,melissa66@example.net,"839 Gilmore Forges Suite 012 Lake Sarahside, AK 96228",2020-08-23
293,Nancy Hartman,jacquelinelewis@example.com,"91505 Pruitt Heights South Jenniferview, PA 27468",2023-06-20
294,Elizabeth Keller,jonathan21@example.com,"419 Suzanne Radial East Laurie, OR 95202",2020-02-06
295,Cynthia Cruz,mhopkins@example.org,"38807 Frye Throughway North Markport, DC 62034",2023-06-15
296,Bailey Whitehead,vgriffin@example.net,"74105 Jeffrey Orchard Apt. 030 Davidland, LA 71790",2021-03-28
297,Lori Love,jasongriffin@example.org,"9693 Nolan Terrace Robertoberg, MD 35144",2022-07-01
298,Michael Russell,valerie41@example.com,"1756 Michael Corners Jamesshire, GA 13835",2021-12-21
299,Tanya Arnold,georgejohnny@example.net,"7715 Seth Ports Suite 483 Heatherfort, DC 88160",2024-01-04
300,Jack Myers,rporter@example.org,"0308 Clark Lights Apt. 315 New Autumn, DC 54158",2023-08-29
301,Rhonda Garner,ahogan@example.com,"66950 Kimberly Ford East Lawrence, KY 36003",2024-07-20
302,Jeffrey Scott,john81@example.org,"28505 Graham Island Tarabury, CO 45406",2020-11-12
303,Dustin Gonzalez,nsnyder@example.com,USCGC Harris FPO AP 29495,2021-07-10
304,Steven Blake,hannah15@example.org,"31263 Jessica Drive Apt. 872 Port Julieton, MN 88387",2020-12-01
305,Shawn Bright,jallen@example.net,"87455 Stanley Mountain Port Melissaland, ID 66836",2020-08-20
306,Emily Jones,jeremiahlee@example.org,"304 Chris Turnpike Lake Teresashire, CO 63589",2022-05-25
307,Dawn Jimenez,hallfrank@example.org,"8482 Miller Tunnel Apt. 081 Wadeburgh, WA 47362",2023-05-12
308,Alexandra Wells,tracy50@example.net,"0803 Garza Plains Turnerport, SC 51722",2023-06-29
309,Kevin Foster,johnny41@example.net,"7430 Adams Valleys Suite 556 Mccartyberg, PR 26306",2020-04-24
310,Kyle Drake,wpeters@example.org,"614 Austin Crossing Petersonburgh, NY 23099",2024-03-09
311,Amy Evans,polson@example.net,"31071 Robert Ville South Steven, AS 35176",2021-10-13
312,Alicia Gordon,lauren15@example.org,USCGC Gibbs FPO AA 08619,2023-08-11
313,Tracy Mays,jasonpope@example.org,"38289 Holloway Road Apt. 194 Fordville, VT 90385",2021-01-05
314,Christy Thompson DDS,larrylee@example.com,Unit 7527 Box 5824 DPO AE 08958,2022-12-11
315,Jamie Norris,kimberlyvelazquez@example.com,"6583 Klein Ridge Apt. 908 East Stephanie, ME 30013",2021-08-06
316,Anita Campos,karen42@example.org,"1878 Stacy Pines South Gary, NY 70546",2021-06-05
317,Benjamin Ayala,william28@example.net,"23028 Simmons Route Apt. 460 North Ronnieville, MN 79032",2024-09-21
318,Christopher Hess,vunderwood@example.net,"89117 Todd Fork Cliffordmouth, ID 35654",2020-10-01
319,Mark Erickson,salinasdavid@example.org,"31555 William Centers Suite 439 Katherineview, WA 11386",2021-12-26
320,Andrea Whitney,fstokes@example.org,"0473 Jeremy Pass South Tammy, SC 30901",2022-05-14
321,Nancy Rowland,sabrina85@example.com,"009 Le Meadows South Andrea, AL 27034",2021-03-29
322,Ann Nichols,igates@example.net,"30009 Morgan Skyway Port Tinaville, FL 35619",2021-10-09
323,Christopher Escobar,melinda98@example.org,"6515 Davis Drive Wandabury, NE 40244",2020-02-02
324,Jason Harris,butlerdaniel@example.com,"71786 Joshua Trace Suite 688 West Jamie, PR 04219",2024-06-13
325,Jonathan Johnson,yolandafernandez@example.org,"200 Baxter Way Lake Daltontown, MT 70735",2022-05-09
326,George Reyes,ashleyrowe@example.com,"0576 William Keys Dorothyborough, AK 21889",2024-07-04
327,Dr. Donna Contreras,timothylopez@example.org,"350 George Bypass East Ashleystad, NV 09476",2021-07-27
328,Matthew Kelly,jennifergibbs@example.com,"700 Lisa Plains Richardport, DE 85348",2024-02-27
329,Ronald Bradley,npayne@example.org,"7085 Tammy Radial Suite 114 Prestonbury, MO 71703",2021-09-19
330,Alisha Burton,smithtiffany@example.net,Unit 8660 Box 2400 DPO AA 36915,2020-12-09
331,William Reese,xwood@example.org,"23243 Allen Cliff Suite 895 Jamesmouth, WY 60555",2024-08-28
332,Lisa Sanchez,hawkinsbrittany@example.net,"105 Robin Estates East Erinfort, VA 34428",2021-07-09
333,Kyle Webster,markhorn@example.net,"3399 Sean Mountains Heatherborough, AR 82411",2024-02-09
334,Jeffrey Mcdaniel,brian13@example.org,"3417 Murray Mountain Simston, ME 21614",2024-05-23
335,Mrs. Patricia Thomas,greenjoseph@example.com,"5873 Cody Forest Apt. 911 Normanshire, MI 29888",2021-07-07
336,Audrey Ross,andrew21@example.net,"393 Melissa Parks Suite 354 Taylorside, NV 88396",2024-05-13
337,Deborah Davis,tiffany07@example.net,"49778 Peter Field Steventon, MI 37815",2020-05-27
338,Bradley Dixon,rsheppard@example.net,"7205 Crawford Locks Edwardbury, MI 28602",2021-10-28
339,Kyle Cooper,nicholejenkins@example.com,"056 Melanie Rue Suite 115 Alvarezshire, WV 74699",2022-09-13
340,Angela Thomas,johnbrown@example.org,"8315 Green Motorway Suite 315 Wagnerfurt, PW 74877",2023-12-16
341,Marc Phillips,sandersrachel@example.com,"4152 Latoya Orchard Apt. 759 Angiehaven, NY 87459",2021-09-26
342,Brian Clay,jamiejacobson@example.net,"7747 James Parks Apt. 294 Port Karen, OK 08374",2023-01-17
343,Roger Hunt,johnharris@example.com,"8608 Green Expressway South Julieville, AR 40968",2021-04-01
344,Vincent Richards,peter25@example.net,"79707 Dennis Grove South Jamesmouth, VI 36812",2021-07-03
345,Kevin Powell,davidhughes@example.net,"4184 Miles Pass Suite 538 Charlesberg, AL 55142",2023-11-04
346,Margaret Harmon DVM,kcooper@example.net,"94744 David Light Shawland, AK 54983",2023-11-16
347,Christina Fitzgerald,samuel26@example.com,"480 Matthew Highway Toddfort, MO 62676",2021-02-22
348,Lisa James,cgutierrez@example.net,"867 Cox Field Dariusstad, AS 64332",2020-03-04
349,William Washington,jamesyoung@example.net,"71515 Amy Fields New Brianshire, NV 63146",2024-04-01
350,Maria Lee,hmeyer@example.net,"027 Amber Tunnel Suite 064 Lake Shelly, OH 74676",2020-04-15
351,Pamela Wilson,jason95@example.org,"164 Daniel Crossroad West David, MO 07735",2023-02-12
352,Jonathan Simon,rosecase@example.net,"4815 Brown Club Mirandaport, NY 37479",2022-08-29
353,Kimberly Wagner,wbarnett@example.org,"773 Green Center Suite 129 Matthewmouth, VT 83358",2022-01-01
354,Sabrina Mitchell,pricevincent@example.com,"2011 Lowery Union New Valerie, KY 15631",2022-07-17
355,Brenda Hudson,jhorton@example.com,"822 Sarah Turnpike North Patrick, CA 29711",2024-06-23
356,Joshua Robertson,ricardo02@example.com,"43279 Amy Underpass Suite 776 West Henry, AZ 68011",2020-05-17
357,Matthew Riley,colemanshannon@example.org,"8891 Larry Expressway Apt. 405 North Richardview, DE 31845",2023-04-23
358,Kurt Garza,patrickwelch@example.net,"PSC 0090, Box 0809 APO AP 59435",2023-06-28
359,Frances George,lauraavery@example.org,"676 Grace Flat Suite 383 South James, PR 50225",2022-09-11
360,John Moses,seangill@example.org,"50200 Chambers Mountains Port Brendafort, ND 03103",2024-04-14
361,Amanda Ward,ymcdowell@example.com,"8471 Wood Path Kimberlyhaven, FL 84440",2023-06-25
362,Dana Romero,barronmaria@example.net,"0957 Kristen Unions Apt. 523 South Andrea, SD 95421",2024-05-01
363,Stephen Obrien,jacksonrichard@example.net,"904 Tracie Ports New Amanda, VT 90491",2021-06-06
364,Candice Schaefer,gschroeder@example.com,"512 Freeman Vista Payneshire, CO 39223",2021-09-06
365,Vanessa Harris,mccalltammy@example.com,"52598 Evan Mill Apt. 321 Smithberg, MP 38331",2021-10-02
366,Chad Cox,qcoleman@example.com,"32749 Jenna Crest South Jillburgh, NH 14340",2021-09-06
367,Sharon Russell,iharrell@example.net,"91920 Samuel Well Suite 125 Jakebury, SD 86686",2023-11-16
368,Eric Gonzalez,haroldpope@example.com,"70037 Figueroa Lodge Suite 595 Lake Jason, VA 09180",2020-10-12
369,Tony Gonzalez,juliaholmes@example.net,"969 Wilson Glen Suite 803 Christopherside, GA 45799",2024-06-21
370,James Tyler,rebeccawhitaker@example.org,"PSC 1879, Box 4337 APO AE 53320",2020-05-12
371,Joanna Nguyen,sandra21@example.net,"81998 Phillip Islands Apt. 894 Marktown, NH 01421",2020-04-02
372,Carol Price,garciaerin@example.com,"423 Edward Divide Reynoldston, CO 88034",2024-03-01
373,Meghan Taylor,espinozabrian@example.com,"743 Howell Fords Thomasport, CO 55759",2024-07-23
374,Kelly Baker,everettkimberly@example.com,"312 Tricia Ridges Apt. 596 East Stephanie, MA 89170",2021-10-13
375,Alexander Day,amy34@example.org,Unit 3138 Box 1742 DPO AA 10399,2024-02-05
376,Shannon Ramos,zhernandez@example.org,"1449 Peterson Creek Suite 108 Port Allisonland, NC 20880",2020-11-09
377,Robert Shepard,reedkelsey@example.org,"5828 Daniel Curve Suite 789 Caitlinchester, NE 59562",2021-11-25
378,Jessica Collins,zsmith@example.net,"81018 Ball Wells Thompsonchester, KY 92053",2023-04-22
379,Nicole Shaffer,nathanielgarcia@example.com,Unit 1093 Box 8968 DPO AA 21617,2023-12-04
380,Gregory Townsend,uruiz@example.net,"901 Moyer Isle West Kylefort, GA 02102",2021-06-11
381,Ian Hunter,jonathanramos@example.org,"0531 Brandon Freeway Mcdonaldfort, MP 50109",2024-02-23
382,Lori Shaw,sgarcia@example.net,"404 Danny Dam South Johnside, OH 59151",2024-08-06
383,Stephanie Williamson,zenglish@example.org,"07316 Victoria Extensions Lindaside, PA 64676",2023-09-10
384,Laura Blake,hmarsh@example.com,"7824 Floyd Locks Suite 603 Davidbury, AR 61739",2024-05-17
385,Elizabeth Padilla,breannamaldonado@example.com,USCGC Collins FPO AE 81600,2020-04-24
386,Kenneth Coleman,stephaniewelch@example.com,"74283 Long Glen Abbottville, FL 51084",2024-06-05
387,Blake Perez,phillipwashington@example.com,"91068 Tracy Locks Suite 704 New Sarah, NM 27518",2023-12-16
388,Alexis Hubbard,pittmanandrea@example.com,"4728 Monica Crescent Suite 306 Juanside, OR 60515",2022-06-05
389,Jason Jones,geraldclay@example.com,"7485 Suarez Shores Apt. 243 Weberborough, MN 97665",2023-04-07
390,Wesley Willis,kimberly99@example.net,"6087 Keith Causeway South Bridgetton, IN 73927",2023-04-02
391,Jason Christian,state@example.net,"7616 Scott Trafficway South Anthony, PW 85965",2023-05-13
392,Katelyn Garcia,danielanderson@example.org,"245 William Mills Suite 798 East Joshua, RI 64797",2021-05-07
393,Erica Benjamin,mollylewis@example.com,"218 Gross Springs New Sarah, MO 03835",2022-03-15
394,Julie Jackson,michellebutler@example.net,"943 Martin Mountains Lake Theodore, MN 54149",2024-02-16
395,Mary Miller,hcook@example.com,"087 Wang Way Suite 139 Port Alexabury, IL 26966",2020-02-11
396,Deanna Byrd,adrianmccarthy@example.com,"967 Oliver Squares Taylorland, ND 06495",2024-09-19
397,Melanie Morgan,bonnietorres@example.com,"55328 Jennifer Village Mckeeport, NE 17040",2021-02-22
398,James Franco,beverlywhite@example.com,"872 Heather Glen Gonzalesville, IL 68660",2022-10-31
399,Angela Hernandez,allisonvazquez@example.org,"479 Victor Roads Suite 684 Port Kelly, WY 22953",2022-10-11
400,Chelsea Rodriguez,loriwang@example.com,"PSC 0663, Box 0480 APO AE 49703",2021-06-04
