id,name,email,address,date_joined
1,Anna Howe,john59@example.org,"447 Ethan Vista Lake Brianna, GA 89672",2022-03-12
2,Lori Wright,emunoz@example.org,"5651 Jason Shoals Suite 583 North Michael, IL 22946",2021-03-16
3,Vanessa Cruz,floresralph@example.org,"368 Cooper Extensions Apt. 145 North Johnnymouth, MN 49464",2021-05-22
4,Jennifer Jones,sjuarez@example.com,"5057 Patricia Crossing Suite 748 Jennifershire, TN 62359",2023-06-24
5,Beth Powell,amycooper@example.org,"546 James Run Suite 956 Sueberg, IN 13609",2020-05-19
6,Brian Henry,brian98@example.net,"8228 Bird Mission Suite 861 Tonyachester, MO 29319",2024-06-24
7,Lori Clark,dsanchez@example.com,"167 Forbes Station Apt. 525 Bryanville, GU 97624",2021-05-23
8,Andrew Wagner,blackwelljennifer@example.com,USS Perez FPO AE 87372,2023-02-23
9,Karen Osborn,mark29@example.com,"256 Leah Knolls Nicolemouth, AR 97963",2022-01-27
10,Timothy Ali,ohoffman@example.net,"75466 Kramer Village Yvettefort, GU 12138",2024-02-10
11,Aaron Mitchell,hollygoodwin@example.net,"8664 Brian Valleys Suite 682 East Mitchellville, NY 54922",2021-04-28
12,Cindy Ford,austin84@example.org,"974 Sullivan Knoll South Kathleen, WY 01487",2024-07-13
13,Mr. Jacob Sandoval,wallschad@example.net,"95177 Duncan Pines Apt. 590 Carloshaven, MT 55116",2024-03-18
14,John Logan,schwartzfaith@example.org,"7879 Tran Lock Suite 701 North Catherinefurt, SD 21332",2024-07-31
15,Bridget Fuentes,kmartin@example.org,"4622 Jeremy Port Suite 646 Hernandezmouth, MT 84624",2023-07-31
16,David Wang,patrickclayton@example.com,"PSC 8038, Box 3923 APO AP 57521",2021-02-28
17,Susan Flores,greenejames@example.org,"1019 Robert Loop Ballside, IL 09728",2023-03-05
18,Tiffany Cardenas,melindaanderson@example.com,"64905 Cynthia Road Port Steven, OK 63787",2021-10-18
19,Heather King,belladam@example.org,"1920 Collins Curve Carolinetown, AS 11414",2023-12-14
20,Tricia Galvan,leechristopher@example.net,"45933 Bowers Extensions Turnerport, NC 01974",2023-07-21
21,Michael Knapp,lopezmelissa@example.com,"74438 Gillespie Junction Apt. 049 New Tyler, AR 88812",2020-07-10
22,Bill Shields,mmcneil@example.net,"9573 Kathleen Courts Suite 790 Nortontown, MH 15956",2021-08-30
23,Edward Castaneda,obranch@example.net,"27135 Kline Walks Comptonfort, GA 38194",2022-03-17
24,Shawn Gonzalez,dadkins@example.org,"380 Singh River Suite 930 South Tracey, AK 73461",2024-02-13
25,April Young,bgreen@example.org,"67784 Molina Ports Mckayville, MA 48933",2021-10-10
26,Nathan Smith,anafrye@example.com,"6830 Maria Canyon Jeffreyburgh, KY 28386",2022-04-16
27,Jeffrey Adkins,jacksonrobin@example.net,"3317 Caldwell Ports Port Tiffanyside, GA 26294",2020-04-12
28,Nicole Mcdaniel,kendra25@example.net,"77295 Raymond Radial Suite 894 Fieldsbury, CA 77364",2020-11-11
29,Alexis Brooks,michaelhester@example.com,Unit 8564 Box 1365 DPO AP 09439,2024-04-05
30,Dawn Thompson,thompsonsharon@example.net,"6654 Mcbride Manors Apt. 642 Lake Sherrychester, OR 35831",2023-03-10
31,Aaron Price,mary48@example.com,"26870 Robert Shoal Pattersonton, FL 93598",2021-11-10
32,Jeffrey Cruz,vnavarro@example.org,"5421 Davis Squares Apt. 727 Pamelaton, NC 34538",2022-01-22
33,Samuel Mcbride,matthewjimenez@example.org,"3254 Gary Islands Suite 879 Port Rebeccahaven, GA 07374",2021-12-08
34,Carrie Clark,angela26@example.com,"51122 Eddie Lodge Apt. 170 Lake Danielle, WI 78586",2022-11-12
35,James Johnson,pharrison@example.com,"152 Roberts Forge Apt. 811 Andradetown, DC 45300",2021-12-31
36,Angel Chase,vmanning@example.com,"7522 Berry Well Lunahaven, WY 61556",2023-02-12
37,Brooke Riley,hansonwayne@example.com,"92657 Sanchez Villages South Katherine, ID 68820",2024-04-25
38,Sara Russell,harrisonamy@example.net,"0462 Gibson Ford Sethfurt, MO 55554",2024-08-27
39,Cody Allen,enunez@example.org,"14704 Fowler Island Apt. 749 Jenniferburgh, RI 32333",2022-05-03
40,Kathleen Duarte,zburns@example.org,Unit 2576 Box 2293 DPO AA 89174,2024-04-05
41,David Brown,adam15@example.com,"274 Smith Forks South Karenborough, CO 87358",2020-04-14
42,Patrick Rocha,sgalloway@example.com,"67008 Doyle Ferry South Christopher, CT 34922",2020-05-21
43,Thomas Liu,wrightsally@example.org,"416 Hendrix Forks Suite 700 Vaughnton, SD 48542",2023-06-22
44,Ryan West,rraymond@example.com,"917 Regina Parkways Suite 099 Davidfurt, MP 00741",2021-06-22
45,Joseph Lawrence,sparkstimothy@example.net,"52243 Ashley Manor New Joseph, VT 76426",2022-05-21
46,Terri Pierce,michael12@example.org,"7067 Gonzales Circles Suite 644 West Nicole, WY 40689",2021-10-14
47,Katherine Smith,mmccormick@example.org,"728 Gomez Loaf Lake Kelly, CO 35112",2021-05-09
48,Alicia Peck,christopher64@example.net,"98844 Sydney Ramp Tracyton, OK 20569",2021-03-05
49,Holly Anderson,rjones@example.org,"248 Fuller Expressway Suite 709 Port Angel, NC 81431",2024-04-29
50,Jonathan Avery,mitchelldavid@example.com,"338 Samantha Flat Suite 204 Carlchester, AR 66373",2022-03-26
51,Amanda Burke,pmiller@example.org,"271 Green Fords Brookshaven, NH 98073",2022-11-04
52,Caitlin Mcdowell,ycraig@example.net,"9892 Moreno Ridge Hammondberg, CA 29103",2023-01-19
53,Mark Powell,allison44@example.org,"86728 Peter Street Taraville, SD 60350",2024-08-20
54,Linda Fritz,sarahprice@example.com,"9663 Dominic Trail Charlesberg, OK 49070",2023-05-22
55,Joshua Alexander,fullermichael@example.net,"402 Curry Freeway Suite 669 West Donna, NH 55057",2023-11-07
56,Mrs. Krista Moon,christopher91@example.com,"11472 Blankenship Circle North Noah, AL 65557",2024-10-06
57,Dana Stevenson,yrios@example.org,"042 Hancock Mill Apt. 844 East Donaldville, MO 61089",2023-01-09
58,Scott Patrick,april42@example.org,"PSC 4443, Box 1693 APO AP 37970",2023-04-03
59,Michael West,michelle43@example.com,"7335 Amanda Track Apt. 338 Port Jasonland, FM 21765",2023-08-21
60,John Rubio,christina56@example.com,"22599 Lawrence Crest Benderport, AK 96610",2021-09-04
61,Laura Hampton,qpeters@example.com,"28025 Holmes Turnpike Lake Marciaport, AR 36377",2021-04-19
62,Jacob Jones,rachel83@example.org,"9374 King Port Suite 188 Lake Austin, NJ 88347",2021-07-18
63,Carrie Young,lisa02@example.org,"9096 Leach Lake Apt. 727 South Elizabethbury, AS 14654",2024-06-20
64,Nicole Odonnell,davidmiller@example.org,"7603 Bryce Stream Port Erinside, HI 08101",2020-06-17
65,Autumn Martin,barbara52@example.com,"70020 Kristen Terrace North Stephaniehaven, MP 02999",2023-08-26
66,Thomas Gonzales,tristanhanson@example.org,"44916 Brian Gardens Nicolechester, VI 21028",2024-03-04
67,Michael Lee,knightcurtis@example.net,"851 Harris Well Apt. 716 Mooremouth, KS 74844",2024-01-07
68,Samantha Haley,brianna51@example.com,"77843 Stewart Circles Apt. 588 East Kimberlyside, NV 54193",2021-10-31
69,Michael Sanders,melvin96@example.com,USNV Pope FPO AP 51573,2021-07-01
70,Larry Mclaughlin,williambrown@example.net,"130 Katherine Pass Lake Anthony, TN 68055",2021-01-13
71,Sarah Cross,westlisa@example.net,"2347 Barrett Station Suite 761 North Kristina, AL 78508",2024-08-03
72,Joseph Dominguez,traci31@example.net,"87121 Emily Shores Suite 481 South Charlesland, KY 40793",2020-06-12
73,Jennifer Williams,peterbaker@example.com,"54693 Johnson Crescent Suite 894 Francisbury, RI 47990",2021-10-30
74,Edward Salinas,wtaylor@example.org,"7982 Woods Gateway Apt. 257 Castillostad, TX 27004",2020-01-30
75,Nicole Hardin,collinsmary@example.net,"27974 Edwin Fall Apt. 780 North Douglasville, PR 29641",2022-09-03
76,Abigail Serrano,amysanchez@example.org,"638 Shepherd Estate East Robert, RI 58119",2020-02-22
77,Gregory Davis,jacob27@example.net,"726 Robert Crest Apt. 967 Garciaview, CO 07986",2023-09-10
78,Aaron Hall,cesarwise@example.net,"758 Ryan Landing Suite 899 Moodyton, FL 57668",2020-04-07
79,Megan Hudson,rhodesearl@example.com,"757 Welch Plains Millershire, IL 81545",2022-06-18
80,Rebekah Estes,kellimedina@example.net,"6602 Mitchell Lake Suite 163 East Cristianfort, CA 51553",2020-05-23
81,Christine Moss,zreid@example.com,"7889 Moss Pine Lake Raymondchester, NH 95419",2021-11-29
82,Dr. John Wallace,sherryyoung@example.com,"7810 Tina Rest Apt. 104 Jacksonview, KY 59399",2021-06-04
83,John Wu,aguirrewendy@example.com,"53127 Knight Key Apt. 729 Elizabethshire, OH 79158",2020-11-06
84,Tom Hernandez,mariah91@example.net,"556 Larsen Drive Suite 553 Lisafurt, MA 47864",2023-08-15
85,Ryan Harrison,david46@example.net,"63526 Rogers Neck Suite 031 North Michaelstad, OK 66950",2020-06-03
86,James Camacho,rebecca74@example.net,"8633 Melissa Haven Martinton, AL 37588",2021-06-25
87,Christina Jimenez,jennifermitchell@example.net,"99439 Garner Valley Apt. 936 Julieburgh, ND 54883",2023-08-23
88,Tamara Roach,jonesannette@example.org,"PSC 7102, Box 5427 APO AA 30450",2021-06-11
89,Shawn Keller,laura02@example.com,"6304 Smith Fall Suite 408 Mariefurt, CA 41780",2021-03-04
90,Carrie Gibson,mcneiltaylor@example.net,"77477 Munoz Freeway Robertofort, IA 96614",2023-03-02
91,Christy Stafford,marknichols@example.org,"5128 Combs Drive Gilesville, WA 78149",2022-03-23
92,Theresa Williams,rachel46@example.net,"02654 Bryan Lock Suite 126 Lambmouth, FL 34248",2021-11-09
93,Jennifer Lawrence,lmunoz@example.net,"7928 Jones Bridge West Laurastad, MA 66008",2024-04-06
94,Kimberly Stewart,rtucker@example.net,Unit 3886 Box 4717 DPO AA 43221,2021-08-10
95,Daniel Bautista,jedwards@example.org,"199 Raymond Knoll Suite 590 Mooreberg, FM 36017",2020-10-11
96,David Durham,amy36@example.com,"85918 Melissa Groves Suite 387 New Karen, AL 08402",2024-03-06
97,Arthur Bond,robin25@example.net,"2523 Kayla Wells Suite 178 South Lauraland, LA 14253",2023-04-24
98,Kent Richmond,johncampbell@example.org,"2388 Livingston Drives Suite 484 Lake Nicole, CO 35924",2020-05-27
99,David Maddox,lbenton@example.net,"9712 Lester Locks Michelleport, WA 10947",2020-04-28
100,Joe Nichols,ojackson@example.com,"1331 Gilbert Glens Apt. 606 Shannonmouth, NY 54880",2022-06-19
101,Sandra Noble,brandicarson@example.net,"35939 Mark Ridge Port Susanville, NC 11085",2022-08-30
102,Linda Hill,rodriguezlori@example.org,"2689 Bailey Avenue Apt. 346 Russellview, NV 99714",2022-06-01
103,Cory Costa,colehenry@example.com,"136 Eric Field South John, KS 46823",2021-02-13
104,Beth Turner,stephenwalker@example.org,"565 Kristy Trace Ramseymouth, KS 61897",2022-03-30
105,Joshua Murray,theresahall@example.org,"4144 Jason Circle North Cristian, VA 66950",2022-01-04
106,Douglas Scott Jr.,petersoncaleb@example.com,"48338 Smith Forge Suite 835 Kimberlyberg, ID 39265",2020-01-12
107,Corey Dominguez,paul79@example.com,"1993 Alexander Locks New Vickie, MS 04827",2023-04-26
108,Patricia Brown,kristen09@example.net,"4741 Wilson Drive Suite 600 Port Jesus, GA 76761",2021-12-11
109,Jordan Stewart,johnathan83@example.org,"72762 Whitney Ridge Suite 775 Evelynport, AS 76149",2024-09-03
110,Taylor Collier,robertsgeorge@example.org,"149 Gutierrez Rapids Apt. 038 Leeville, MI 42531",2020-11-16
111,Jenna Martin,julia82@example.com,"728 Brian Island Apt. 887 Jonesbury, ND 08884",2023-06-20
112,Jonathan Jenkins,ramosadam@example.net,"90325 Mason Motorway Apt. 224 Christineville, HI 86384",2020-02-15
113,Miranda Diaz,james96@example.com,"PSC 9535, Box 0749 APO AE 57225",2023-01-14
114,Alexandria Jones,martin32@example.org,Unit 6279 Box 5569 DPO AE 80990,2023-10-26
115,Jennifer Hill,ljohnston@example.org,USNV Peters FPO AE 51581,2023-03-27
116,John Graves,nicole27@example.com,"0020 Phillips Fields Suite 834 Taylorton, RI 09040",2024-04-09
117,Jonathan Greene,jessicamendez@example.com,"74389 Terrell Views Gabriellaport, KS 99517",2023-07-06
118,Amy Hicks,powellkevin@example.net,"6056 Reyes Road Patricialand, MD 69276",2020-02-06
119,Sandy Santiago,anne87@example.net,Unit 8396 Box 4375 DPO AA 33762,2024-04-22
120,Barbara Ferguson,morenostephanie@example.com,"583 Lawrence Key Apt. 664 South Jennifertown, FL 61456",2021-08-12
121,Kenneth Robinson,currytammy@example.net,"366 Curtis Flat North Linda, WA 93288",2021-04-29
122,Robert Jones,mcgrathzachary@example.org,"990 Susan Parks North Jessehaven, NC 70268",2023-05-23
123,Michelle Roberts,hendersonsteven@example.org,"80171 Mark Burg Castanedaburgh, FM 95117",2022-02-12
124,Dr. Michelle Cook MD,jessica44@example.com,"PSC 8649, Box 0456 APO AA 05724",2023-06-18
125,Ian Obrien,zvelasquez@example.net,"72864 Maria River Suite 421 East Stevenville, NM 77637",2022-03-21
126,Bradley Cook,psharp@example.org,"43172 Haynes Cape Apt. 653 Jessicafort, WY 15875",2024-07-26
127,Thomas Mccoy,wesleydaniels@example.org,"PSC 7725, Box 4841 APO AP 06695",2023-07-08
128,Daniel Ward DVM,robert66@example.org,"2030 Lee Alley Apt. 046 West Elizabethfurt, AL 60694",2020-03-06
129,Clinton Terry,donna92@example.org,"80053 Matthew Lakes Sabrinahaven, NC 92272",2023-05-09
130,Miss Kathleen Schultz MD,fdominguez@example.com,"7225 Derek Dale East Tracy, MP 46941",2023-10-03
131,Julie Reid,craiglane@example.org,"9894 Wyatt Drive Suite 826 East Scott, CT 23660",2023-11-24
132,Cynthia Singleton,cherylpearson@example.net,"59862 Jessica Highway Suite 976 South Seanmouth, IN 58286",2022-06-09
133,Robert Cain,steven24@example.com,"596 Natasha Mill Suite 233 North Scottchester, WA 61285",2021-12-04
134,Destiny Wolf,michaelnelson@example.com,"82708 Miller Village West Ericastad, KY 69469",2023-09-03
135,Jeremy Smith,paulpena@example.org,Unit 3710 Box 9445 DPO AA 22517,2023-07-28
136,Lisa Warren,melinda82@example.com,"2882 Andrew Square Rodgersport, KS 92423",2020-11-29
137,Dylan Forbes,frostjason@example.org,"646 Patricia Junctions Suite 740 South Williammouth, CT 70493",2024-01-07
138,Donna Chavez,tomwilliams@example.org,"3815 Gonzalez Vista Suite 756 Tristanton, AS 41851",2021-01-23
139,Jason Williams,michelleharris@example.net,"568 Reynolds Forks Apt. 090 Patrickland, GU 24432",2023-05-13
140,Beverly Escobar,johnsoncynthia@example.org,"84040 Miller Throughway Shannonview, NY 92926",2021-10-07
141,Alan Thomas,uhiggins@example.net,"9691 Karl Roads East Kayla, MD 05467",2021-04-26
142,James Parker,brodriguez@example.org,"465 Travis Cape Stevenborough, NJ 20570",2024-03-08
143,Jeffrey Perry,jason86@example.com,USNS Zuniga FPO AE 40106,2024-05-11
144,Brittany Hunter,mallorymorris@example.net,"6359 Sherry Plaza West Jonathan, NC 55929",2020-10-03
145,Brandy Huffman,shorton@example.net,"984 Russell Trail Apt. 597 Port Janet, SC 42827",2020-05-12
146,Patrick Taylor,fwilson@example.org,"94147 Fuentes Alley Frankport, MT 99047",2023-03-29
147,Kevin Arroyo,hughesvictoria@example.net,"0759 Walker Glen Nicholasport, MN 50199",2021-02-18
148,Shawna Reeves,joseph02@example.com,"24474 Stephanie Corner Suite 289 Gallagherfort, PR 81195",2022-02-17
149,Keith Cain,lindseyhoward@example.com,"428 Julia Light Suite 434 Wisebury, DE 44489",2021-05-21
150,Thomas Hernandez,dwhite@example.com,"551 Parsons Ranch South Brian, CT 46020",2021-08-07
151,Joseph Velez,andersonandrew@example.com,"37877 Phillips Forks East Anthony, KS 06947",2020-07-09
152,Denise Miller,hayley31@example.org,"464 Danny Pike New Michael, FL 15630",2022-12-24
153,Ashley Gibson,dennishall@example.net,"8775 Samantha Falls Apt. 540 Harpermouth, AS 08508",2021-07-03
154,Steven Maxwell,onealjames@example.net,"479 Brittany Knolls East Markmouth, WY 45058",2024-03-27
155,Chloe Maddox,pgarrett@example.org,"08148 Alexander Key Brandishire, VI 41208",2021-02-26
156,Desiree Dudley,matthew49@example.org,Unit 6596 Box 4012 DPO AE 48595,2024-09-21
157,Crystal Mcdonald,jamie70@example.org,"066 Justin Branch Suite 370 Port Matthew, HI 49418",2023-10-30
158,Vincent Bird,wintersdavid@example.org,"4767 Kevin Canyon Suite 810 Reneehaven, MH 95987",2021-03-20
159,Dawn Mcdaniel,lindabaldwin@example.net,"26602 Webb Shores Leeborough, MT 09905",2020-07-24
160,Nicholas Pittman,danielle32@example.net,"00050 May Ferry Lake Mariahaven, VI 94482",2024-03-09
161,Melissa Morrow,gouldjennifer@example.net,"84656 Eduardo Alley Apt. 261 East Wendy, IN 54304",2023-10-14
162,Bradley Gonzalez,jonathanmartin@example.com,"297 Hunt Villages Suite 987 West Arieltown, PR 58415",2020-08-28
163,Jo Gonzalez,kellylucas@example.net,"12674 Gomez Track Suite 406 Davidberg, VA 61671",2022-07-12
164,Carol Estrada,megan78@example.net,"058 Klein Spring West Hannahburgh, VI 31765",2021-06-30
165,Sandra Jackson,dsmith@example.org,"1439 Phelps Cliff Apt. 253 Carolville, IL 65938",2022-08-16
166,Miss Stephanie Blanchard,carly00@example.net,"006 Melissa Fords Apt. 576 Port Martinshire, AL 43777",2021-02-28
167,Gabrielle Long,wgibson@example.net,"273 White Stravenue Apt. 519 North Johnny, ND 28764",2023-11-19
168,Angela Carter,wkelly@example.net,"7896 Pamela Islands Gonzalezfort, HI 25815",2023-09-29
169,Carol Ramos,iduncan@example.com,"767 Benjamin Ports East Ericbury, CO 94261",2022-03-23
170,Nicole Whitney,brownchristopher@example.com,"465 Willie Fords East Matthew, NE 29386",2023-06-24
171,Bryan Lopez,venglish@example.com,"000 Ford Walks Apt. 030 Port Josephton, NV 44882",2022-10-20
172,Carl Kelly,kbrown@example.org,"89030 Tina Spur Monicaland, LA 53185",2021-03-29
173,Shannon Taylor,karensanchez@example.net,"515 Amy Inlet Barrychester, WA 63441",2022-02-27
174,Michael Eaton,dorothy23@example.net,"5097 Melissa Spring New Daniellechester, MA 36772",2023-04-27
175,Stephen Miller,amandathomas@example.net,"519 Paul Crossroad Jimmystad, WY 65473",2024-06-10
176,Julie Russell,cmaxwell@example.net,"519 Garrett Stravenue Suite 235 Cindyberg, LA 83612",2020-04-25
177,Adrian Webb,rlopez@example.com,"75030 Jesus Plain Apt. 721 Amandaport, CO 86067",2021-05-25
178,Jennifer Howe,patricia17@example.org,"31904 Erin Springs Apt. 428 Lewisfort, CT 92962",2020-03-26
179,Christine Norton,rodriguezandrew@example.com,"39272 Alexander Square Jonathanton, OH 86363",2020-05-15
180,Patricia Clark,andreavillanueva@example.com,"219 Lester Circle Suite 492 North Katiefort, PR 91215",2021-11-12
181,Kimberly Wright,rwalsh@example.net,"073 Andrews Street Apt. 639 Port Elizabethmouth, NE 03663",2021-07-09
182,Mr. Justin Mullins,douglassusan@example.org,Unit 5243 Box 2650 DPO AP 40966,2023-02-02
183,Miss Ashlee Smith,pjackson@example.net,"265 Kristine Dale East Jacqueline, ME 12317",2020-09-20
184,Sara Young,yolanda38@example.net,"PSC 7633, Box 9730 APO AP 29599",2020-04-29
185,Angel Berry,brandon12@example.org,"23394 Robin Islands South David, RI 20336",2020-08-09
186,Jennifer Alvarado,kellystone@example.org,"6384 Mccullough Circles South Stephaniechester, AR 68256",2022-05-07
187,Kim Kelley,heather45@example.net,"45334 Morgan Crest Suite 185 Markmouth, GU 37722",2024-03-30
188,Linda Estrada,colleen47@example.org,"9747 Anthony Village Suite 152 New Patrickton, MI 01934",2020-01-30
189,Sarah Sanchez,usanchez@example.com,"1782 Harper Brook North Manuel, AZ 07178",2024-02-11
190,Deborah Jones,zspencer@example.net,"816 Lopez Gardens Lake Danielchester, MP 22717",2023-10-23
191,Debra Juarez,hwilliams@example.com,"5165 Anderson Port Markland, OK 72183",2020-02-10
192,Jeffrey Zamora,devon99@example.com,"722 Patrick Shoal Suite 328 South Samanthahaven, WI 11811",2024-06-07
193,John Cameron,kimberlyzimmerman@example.org,"200 Tina Flats Suite 242 East Bethfort, GU 65624",2020-04-04
194,Samuel Hammond,erica58@example.net,"31547 Jesse Throughway Apt. 916 Sandersport, WI 38857",2021-09-23
195,Jonathan Solomon,vwilkerson@example.net,"0500 Hunter Oval Suite 610 Brooksland, GU 40739",2023-10-21
196,Stephanie Benjamin,randycruz@example.org,"09165 Walsh Mission Danielside, ND 08915",2020-04-08
197,Michael Gibson,george61@example.com,"91075 Perez Stream Apt. 132 Lake Michaelport, DE 99086",2020-09-30
198,Brandon Herring,jessica19@example.net,"730 Barrett Vista Danielville, UT 77293",2024-02-24
199,John Mcmillan,sanchezsteven@example.com,"1920 Tanya Corners Apt. 693 South Roger, CT 89936",2021-03-09
200,Frances Lynch,robinsonnathan@example.org,"09314 Rogers Cliff Tammyborough, FM 72931",2024-07-03
201,Terry Newman,andersongregory@example.net,"9272 Reed Ridges East Annette, ND 68599",2024-05-25
202,Michael King,roy04@example.net,"732 Elliott Harbors New Elizabethmouth, TN 31315",2023-09-26
203,Amanda Carlson,janderson@example.net,"012 Stevens River Suite 232 Frazierborough, WY 75153",2021-02-21
204,Anthony Leonard,annettelittle@example.com,"6183 Kathleen Well Apt. 290 Rickyshire, SC 48463",2022-01-03
205,Janice Gray,suzanne33@example.org,"171 Ruiz Track Smithmouth, VI 67701",2022-08-26
206,Amanda Rojas,bensonmark@example.net,"98370 Mercer Plaza Suite 645 Greenmouth, OH 94183",2020-12-09
207,Nathan Obrien,timothylewis@example.net,"135 Garcia Square Stephenfurt, PR 63537",2024-07-17
208,Brenda Barnett,wyoung@example.net,"21032 Victoria Stream North Trevorburgh, TX 35231",2022-09-21
209,Deborah Johnson,nguyenmichelle@example.net,"959 Andrew Turnpike Cindymouth, ID 83085",2023-10-07
210,Emma Rivera,znash@example.com,USS Cohen FPO AP 44297,2024-01-18
211,Kristy Nelson,brandi74@example.net,"6271 Shepard Inlet Parkerton, WA 61566",2022-12-03
212,Matthew Miller,levymargaret@example.net,"9071 Benjamin Grove Ravenmouth, MH 77812",2023-12-06
213,Curtis Allen,jasonbrewer@example.org,"57123 Rivera Prairie North Patrick, RI 56665",2024-08-30
214,David York,smithlindsey@example.com,"21104 Rodriguez Points West Jenniferburgh, SD 84472",2022-09-21
215,Benjamin Webster,pgutierrez@example.org,"36905 Love Junction Apt. 113 Harrisstad, NM 68926",2023-01-17
216,Lauren Silva,terry03@example.org,"31672 Wise Shores Suite 495 West Brandonfort, MH 04394",2022-10-02
217,Michael Robinson,william83@example.com,"767 Preston Orchard Apt. 622 Heathview, DC 78544",2021-07-06
218,Connor Allen,sarahnielsen@example.net,"4412 Elaine Squares Johnville, MP 94447",2021-09-03
219,Anthony Long,toni15@example.org,"557 Edwards Roads Apt. 797 North Lori, WV 40254",2020-12-18
220,John Cameron,pateljohn@example.net,"158 Kristin Park Jonesbury, SC 72479",2023-02-24
221,Sheena Stanley,zmay@example.org,"0039 Elizabeth Stream Suite 345 Lake Cynthia, MN 90719",2023-07-21
222,Andrew Cardenas,qlee@example.com,"4828 Peggy Burg Suite 741 Willisstad, AZ 65700",2021-04-15
223,Amy Harris,greenescott@example.org,USNV Anderson FPO AA 55371,2023-09-08
224,Peter Nunez,oschaefer@example.org,"080 Gonzales Place Lake Michelleton, VT 83664",2022-08-04
225,Michael Thompson,leejoel@example.com,"755 Flores Burg Apt. 960 Robertberg, HI 55628",2024-02-22
226,Amy Newton,kristi25@example.com,"1991 Walker Fields Apt. 055 North Jocelynborough, IN 70818",2020-01-15
227,Elizabeth Gonzalez,boydamy@example.org,"14669 Felicia Rue Suite 636 South Genehaven, DC 58707",2022-10-06
228,Mrs. Jessica Cline DDS,owenkristen@example.org,"PSC 5570, Box 3588 APO AP 69844",2022-07-28
229,Ronald Colon,jamie10@example.com,"4836 Wood Point Lorrainehaven, MH 95956",2020-10-31
230,Nancy Howard,justinphelps@example.com,"7310 Christopher Drive South Josephville, TX 45670",2024-08-24
231,Holly Ray,brianrobinson@example.org,"54093 Scott Streets Suite 424 Brandichester, CA 90516",2021-02-06
232,Lisa Green,smithamanda@example.com,"951 Castro Park Apt. 865 Alexandrachester, AK 60393",2023-11-04
233,Lauren Thompson,flynnrachel@example.com,"086 Erik Drives Apt. 723 Ryanport, PA 33723",2024-03-14
234,Johnny Munoz,brian77@example.org,"66579 Davis Unions Apt. 181 Elizabethside, MT 80432",2023-02-13
235,Heather Gaines,charlesthornton@example.net,USNV Tran FPO AA 05900,2021-05-19
236,Vanessa Allen,twalsh@example.com,"18360 Amy Estates Lake Judy, CT 31846",2020-10-16
237,Judy Wise,fhernandez@example.org,"922 Wright Viaduct New Jasonhaven, UT 42721",2020-12-01
238,Juan Smith,hgraham@example.net,"48502 Christensen Center Suite 752 East Chelsea, FM 27617",2022-11-28
239,Charles Tucker,grayjeremiah@example.net,"2405 Stanton Isle Williamsfort, KS 85399",2023-07-16
240,Paul Clark,robertsonkevin@example.org,"784 Sara Heights Lake Michaelbury, MA 28355",2021-07-31
241,Megan Miller,simonchristopher@example.net,"5792 Lang Fords South Davidstad, SC 25205",2020-12-21
242,Mr. Darren White PhD,melissa82@example.org,"8924 Madeline Courts Apt. 870 Michellefurt, KY 86532",2023-07-01
243,Barry Garza,sarahharris@example.org,"93588 Romero Points Suite 966 North Brianbury, DC 40692",2023-04-20
244,Michelle Bowen,ashley31@example.org,"75764 Nichols Island Krystalmouth, OK 50804",2021-11-20
245,Deborah Clarke,annahamilton@example.com,"5749 Baldwin Springs New Larrybury, WV 46466",2024-06-23
246,Justin Coleman,vcabrera@example.net,"0311 Christopher Divide Suite 498 New Elizabethhaven, MA 45841",2023-01-06
247,Dr. Kara Bernard,edwardsmark@example.com,"5028 Abigail Parkways Suite 369 Port Jamie, NV 37794",2020-05-28
248,Lynn Goodman,hayneskristin@example.org,"0874 Laura Trail Jonathanbury, NV 52710",2022-04-06
249,Heather Wilson,rhart@example.com,"35229 Mora Burgs Apt. 242 Hillchester, KS 43283",2024-06-17
250,Veronica Reed,williamssara@example.com,"1799 Dorothy Throughway East Melissa, IN 24281",2024-08-16
251,Alyssa Copeland,johnjenkins@example.com,"382 Bonnie Center Apt. 483 Lake Shawnside, IL 62048",2022-04-06
252,David Bolton,kathywilliams@example.com,"714 Jose Place Apt. 657 South Allisonland, LA 94754",2023-12-27
253,Steven Young PhD,susanwise@example.org,"1344 Bullock Orchard Apt. 827 Lake Allison, NM 05537",2022-02-16
254,Scott Wise,preyes@example.com,"53521 Reynolds Ferry Wellsburgh, TX 51884",2021-07-13
255,Mary Crawford,ronaldhill@example.com,"187 Matthew Estates Teresahaven, SC 64767",2022-05-10
256,Kimberly Payne,lhodges@example.com,"1564 Jason Grove New Ashley, KY 51674",2024-06-20
257,Marc Benjamin,tlucas@example.org,"6985 Richardson Villages Apt. 255 Tammymouth, MP 80365",2020-09-19
258,David Contreras,bakerchristian@example.com,"42285 Thomas Union Josephland, RI 09787",2023-07-05
259,Jamie Bell,brandonwatson@example.org,"58570 Robertson Hollow Suite 391 Brandyshire, CA 74468",2024-04-23
260,Tammy Martin,kjohnson@example.net,Unit 9352 Box 0097 DPO AE 52417,2020-02-03
261,Cody Davis,vmiller@example.net,"2390 Mejia Groves South Emilyfort, AR 40933",2023-06-13
262,Jon Scott,austin41@example.net,"571 Myers Curve Tamaraport, WY 11033",2024-04-27
263,Alicia Bailey,khawkins@example.com,"657 Buck Parkway Apt. 288 Kathyland, AS 80033",2024-07-26
264,Teresa Villanueva,cherryjoyce@example.org,Unit 9729 Box 0325 DPO AA 51886,2021-11-28
265,Ryan Wright,websterbethany@example.com,Unit 8814 Box 0509 DPO AP 40313,2020-02-13
266,Olivia Bradford,yrivera@example.net,"152 Flores Orchard Suite 966 Port Hannah, WV 95252",2022-10-22
267,Shannon Elliott,tara22@example.net,"65665 Page Court South Katherine, WI 19744",2021-11-06
268,Nicole Cook,hunterrussell@example.com,"881 Kyle Courts Apt. 813 Lake Morgan, VI 82488",2022-05-24
269,Daniel Harrison,jeffreywilliams@example.net,"71214 Jason Island Johnside, CT 23618",2024-05-17
270,Stephanie Rich,xmcmillan@example.net,"7188 Smith Underpass Heathershire, MT 35840",2020-04-16
271,Holly Larson,colleendoyle@example.org,USNS Archer FPO AA 75778,2022-05-23
272,Jennifer Fuentes DDS,nthomas@example.org,"3195 Richards Spurs Lake Melissaland, FM 50528",2020-09-05
273,Dr. Natalie Thompson MD,wileyjessica@example.net,"12171 Stuart Walks Apt. 425 Hernandezhaven, IN 64266",2021-07-26
274,Jared Owens,davissamuel@example.com,"8109 William Crossroad Warnerberg, DE 98701",2022-08-21
275,Samantha Brown,robertsnicholas@example.org,"3408 Steele Road Apt. 211 Lake Kevin, NY 80412",2022-04-22
276,Amy Diaz,lherrera@example.org,"8779 Hart Crossing New Stephanie, MD 41737",2022-12-07
277,Michael Marsh,abbottphilip@example.net,"84298 Cox Turnpike Suite 503 Normanton, NJ 24666",2024-07-17
278,Amanda Khan,matthewbrown@example.com,"PSC 0439, Box 8559 APO AA 04067",2023-05-15
279,Jessica Sweeney,gonzalesjennifer@example.com,"95880 Johnson Street South Stacy, RI 63936",2021-01-23
280,Alan Bates,sara13@example.org,USNS Scott FPO AA 90328,2021-04-04
281,Michelle Hinton,llopez@example.org,"43404 Veronica Unions Port Nancyland, GA 03428",2020-08-03
282,Richard Gordon,moorerachel@example.net,Unit 8788 Box 3310 DPO AA 11806,2024-09-06
283,Antonio English,gsharp@example.net,Unit 8176 Box 0705 DPO AE 97514,2024-08-08
284,Cody Roach,kimberlybarr@example.com,"38690 Jill Gateway Suite 138 North Lisa, KY 56709",2022-02-26
285,Richard Mason,qflynn@example.com,"827 Katie Shore Suite 004 Aaronside, MP 59576",2023-10-02
286,Marissa Giles,wardkarl@example.com,"51268 Morris Ports Apt. 932 Port Stephanie, NH 85649",2023-05-05
287,Tiffany Morales,andrewsmith@example.org,"238 Smith Burgs New Jonathanberg, PW 82947",2024-08-16
288,Ashley Russell,eric18@example.org,"90472 Rose Street Reginaldville, CT 41204",2021-01-23
289,Troy Johnson,umitchell@example.net,"8765 Lewis Fields Apt. 446 Davidfort, MO 50285",2023-10-03
290,Maria Moran,amiller@example.net,Unit 0206 Box 9123 DPO AA 43608,2021-05-29
291,Christopher Arroyo,josephpalmer@example.net,"441 Shane Port Apt. 449 Port Anthony, VT 46506",2021-07-10
292,Cynthia Villanueva,scottthompson@example.org,"276 Susan Camp Suite 005 New Katie, DC 53558",2023-04-26
293,Priscilla Griffith DVM,tammy87@example.org,"PSC 3651, Box 4926 APO AP 29389",2022-07-28
294,Jamie Meyer,ohickman@example.net,"61998 Sweeney Coves Apt. 882 Karenside, GA 28398",2024-08-10
295,Courtney Williamson,roberttaylor@example.org,USNV Brown FPO AA 96209,2023-09-29
296,Timothy Greer,trandouglas@example.org,"75272 Robert Well Suite 335 Snowhaven, HI 55724",2023-07-21
297,Frederick Noble,xpoole@example.net,"829 Good Knolls Suite 680 West Jason, FL 05343",2020-07-08
298,Juan Lewis,douglashector@example.net,"67074 Hawkins Junctions Apt. 571 East Stephen, NJ 07575",2024-05-01
299,Melissa Nichols,michaelsmith@example.com,"99715 Susan Dam Suite 742 Ryanfort, AZ 49408",2022-07-19
300,Karen Larsen,kevinlewis@example.org,"6242 Dale Mountains Apt. 812 North Jasonhaven, FL 87843",2021-03-07
301,Rebecca Daniels,hebertmelissa@example.com,"7207 Matthew Pike Suite 715 East Craig, MI 21682",2024-07-16
302,Toni Wilson,lori37@example.org,"1988 Kevin Corner Suite 015 Darrellview, HI 29142",2021-04-04
303,Amy Martin,kennethboyd@example.net,"632 Michael Trail Johnfurt, HI 99317",2023-05-05
304,Mrs. Elizabeth Cline MD,castroeugene@example.org,"5688 David Cliff Andrefort, MN 07873",2020-08-05
305,Jared Watkins,davidrobert@example.org,"957 Daisy Lakes West Kaylee, IL 07649",2023-07-02
306,Stacey Lopez,ronald26@example.org,Unit 0365 Box 2307 DPO AP 62641,2023-05-14
307,Ana Randall,parkercheryl@example.net,"234 Cardenas Trafficway Suite 805 South Ryan, MO 75136",2023-10-28
308,Luis Young,juliahodges@example.com,"970 Reyes Fort Smithton, CT 79526",2023-05-07
309,Thomas Burke,kevin62@example.com,"6713 Austin Mountain Apt. 968 Jimmyfurt, TX 58929",2021-06-18
310,Rachel Vargas,moonmandy@example.org,"757 Jeffery Springs Isabellahaven, AZ 76292",2020-10-07
311,Ronald Smith,rodriguezelizabeth@example.com,USNS Hodge FPO AA 69638,2021-12-02
312,David Banks,hardyanthony@example.net,"7044 Jones Square Alexandermouth, OK 71696",2020-05-08
313,Michael Coleman,perrykaren@example.net,"911 Samantha Highway Port Billy, SC 79098",2024-07-16
314,Cameron Robinson,bradley07@example.org,"937 Christopher Stravenue Suite 646 Colestad, NJ 75920",2023-11-01
315,Helen Byrd,johnrichardson@example.net,"80886 Brown Spur Suite 176 Lake Julie, NH 63816",2020-12-22
316,Charles Pineda,lfischer@example.org,"5650 Jason Neck Haroldland, KY 14302",2021-01-21
317,Ricky Young,reedscott@example.org,"89500 Martin Road Apt. 258 Wyattmouth, DC 37670",2020-04-21
318,Caleb Nichols,aimee69@example.org,"1397 Anderson Keys West Stephanieland, NJ 34556",2021-01-22
319,Joseph Snyder,michaelpeterson@example.org,Unit 5572 Box 9926 DPO AA 55393,2021-11-10
320,Sarah Raymond,brianrichardson@example.com,"51086 Dickerson Lodge Andersonhaven, CO 31060",2024-06-24
321,Jennifer Harrison,andrewfreeman@example.org,"669 Meghan Shores Port Jamesmouth, MD 48341",2023-03-30
322,Jennifer Johnson,daniel27@example.com,"21321 Hanson Pines New John, WY 88597",2021-12-06
323,Derek Martinez,julie84@example.org,"9980 Montoya Islands Barbaraview, MA 35411",2020-03-08
324,Christopher Russell,kristyfigueroa@example.com,"1087 Campbell Shoal Suite 163 Stacieside, MO 50026",2023-06-28
325,Erin Hernandez,lstewart@example.net,"PSC 2467, Box 8009 APO AP 62820",2022-11-23
326,Bryan Rodriguez,opadilla@example.com,"7858 Joy Parks Apt. 580 Johnchester, FM 30158",2023-02-16
327,Michael Rodriguez,joseph34@example.com,"242 Walker Forest Suite 254 South Samanthaberg, ND 51306",2022-08-07
328,Danielle Carr,kristina84@example.org,"6596 Gomez Road Elizabethchester, SC 91892",2023-04-01
329,Sean York,mckayjames@example.com,USCGC Wells FPO AP 35580,2021-11-25
330,Lori Jones,amiles@example.net,"94321 Pamela Parkways South Ethan, KS 89996",2023-04-03
331,Paul Wilson IV,briangibson@example.net,"81685 Troy Wall Suite 232 North Jonathan, VI 34867",2022-05-06
332,Michelle Romero,jessicaspencer@example.org,"1778 Samuel Inlet Suite 958 Noahport, ME 55815",2023-02-15
333,Eric Mcdonald,kfisher@example.net,"3107 Ward Center Popeland, MS 70081",2022-09-01
334,Wendy Coffey,gallegosjessica@example.com,"7666 Best Valley Suite 970 Ferrellhaven, AL 42819",2023-03-25
335,Lawrence Taylor,collinsandrew@example.org,"19162 Robinson Grove Hayshaven, MN 60897",2024-05-02
336,Carolyn Smith,alvarezmichael@example.net,"0836 Stephanie Ridge Apt. 849 Curryville, NH 86301",2021-04-01
337,William Wilkins,rebekah38@example.net,"64876 Ball Court Suite 412 Lake Michellehaven, AS 96350",2022-05-03
338,Joy Ortega,ericfleming@example.net,"522 Gina Estate South Krystal, AR 63423",2023-12-12
339,Jaime Stephens,robertssusan@example.com,"53105 Rebekah Center Apt. 869 South Derekland, IL 02351",2020-05-07
340,Brian Moses,kcontreras@example.org,"35809 Elizabeth Ways North Alejandro, AS 80249",2020-08-14
341,Ashley Woods,cathycopeland@example.org,"048 Erickson Bypass Suite 246 Alisonfort, TX 47267",2022-04-22
342,Anthony Murphy,sararivers@example.com,"PSC 4268, Box 7425 APO AE 80365",2023-09-18
343,Mr. Joel Frank,mark96@example.net,"2965 Rivera Crossroad South Donald, RI 28616",2022-08-01
344,Kyle Wallace,ivance@example.org,"91798 Rebecca Prairie Port Kevinport, OH 77477",2021-08-26
345,Taylor Ward,juliewalker@example.net,"714 Joshua Valleys Smithmouth, WA 05760",2023-03-12
346,Timothy Fuller,kingtaylor@example.com,"75047 Judith Landing Apt. 958 West Steven, DC 84936",2024-09-25
347,Kevin Joyce,courtneymiles@example.net,"006 Amanda River Lake Patrickborough, GA 69343",2024-03-15
348,Sabrina Wilkerson,deanna64@example.net,"240 Chapman Club Apt. 063 East Billymouth, WI 40914",2021-01-22
349,Jennifer Jefferson,amandadavis@example.org,"814 Robin Burgs Suite 234 Lake Matthew, WA 99483",2021-10-16
350,Michael Larson,kevin31@example.com,"43734 Cox Hill Meredithbury, NE 56038",2021-09-23
351,Stephanie Grant,cmiller@example.com,"5887 Thomas Estates Cummingstown, VT 16418",2023-07-13
352,Kelly Dominguez,patricia55@example.net,"4880 Tim Mountain Suite 204 Jonesland, MH 45880",2020-01-08
353,Joel Johnson,beltransarah@example.com,"8068 Sara Court Wardchester, IL 85438",2023-10-18
354,Justin Williams,robinthomas@example.org,"621 Martinez Wells Apt. 920 North Russellland, FL 03246",2024-02-19
355,Lauren Taylor,katherineherring@example.com,"095 Gallagher Garden South Tammy, MN 92946",2021-11-21
356,Kristen Jones,richardsluis@example.org,"84914 Beasley Ports Apt. 783 New Timothyton, CO 84262",2021-09-22
357,Dawn Carter,felicia96@example.com,"87629 Heather Pine Rachelberg, SC 10315",2020-05-28
358,Donald Obrien,hcastillo@example.org,"940 Weaver Spur Suite 531 North Elizabethshire, MD 31088",2022-11-04
359,Cesar Lewis,kyle98@example.net,"28671 Misty Spur New Juliaburgh, VT 69744",2022-12-08
360,Brenda Austin,taylor78@example.com,"4919 Selena Drives New Lisahaven, VA 19410",2024-07-12
361,Lisa Williams,briansmith@example.net,"PSC 4561, Box 2801 APO AP 89921",2020-07-18
362,Bradley Wright,deanhenderson@example.com,Unit 8143 Box 3937 DPO AA 04459,2023-03-06
363,Sarah Downs,shawngomez@example.net,"9612 Ashley Creek Markmouth, AK 08064",2023-05-04
364,Lee Wilson,lukestephens@example.com,"741 Nathaniel Mount Apt. 665 North Erinview, MH 91223",2021-08-28
365,Evan Harper,parker83@example.org,"96249 Daniel Ways Suite 719 Wilsonfurt, WY 06519",2021-01-27
366,Heather Parker,rayellen@example.net,"0484 Thompson Terrace Apt. 959 South Natashaland, CO 58374",2021-03-12
367,Oscar Blackburn,adamaguilar@example.org,"903 Reid Flats Suite 408 North Joanna, IA 12764",2024-08-19
368,Jason Bennett,galvarez@example.net,"21187 Megan Streets South Feliciafort, FL 00631",2023-10-13
369,Jessica Stewart,gregorymyers@example.org,"6022 Alvarez Coves Suite 440 Hancockshire, ID 92354",2023-02-07
370,Christina Martinez,johnsonbenjamin@example.org,"362 Andrew Ville Alexanderville, OR 97158",2021-04-14
371,Cynthia Sawyer,kcabrera@example.net,"70058 Lester Points Apt. 594 West Gavin, SD 21895",2023-03-29
372,Kevin Bullock,andersonpatricia@example.net,"5712 Kathryn Mall Thomasland, PW 34538",2020-06-07
373,Riley Thomas,nmcneil@example.org,"613 Barrett Pass North Henryview, NY 38945",2022-08-03
374,Dana Foster,qreid@example.net,"739 Kelley Garden East Lauren, WY 58380",2022-09-12
375,Sarah Evans,hwilliams@example.net,"386 Leonard Locks Suite 607 Richardsonberg, CT 45257",2021-01-28
376,Shelia Weaver,kjones@example.com,"66331 Nicole Bypass Angelachester, KY 98355",2020-10-14
377,Brittany Hamilton,annagill@example.com,"PSC 3953, Box 2776 APO AE 63643",2022-07-01
378,Katie Ramirez,blopez@example.com,"88810 Sherry Rapid Suite 235 Port Shannon, NH 08597",2023-12-31
379,Jasmine Braun,balexander@example.org,"0702 Daniel Expressway Apt. 586 Lake Garyfort, NY 15779",2020-09-19
380,Phillip Gates,danielle96@example.com,"PSC 0053, Box 8750 APO AP 02534",2023-02-03
381,Laura Morales,tracy66@example.net,"617 Mathew Ports New Donnaberg, SD 83635",2023-06-12
382,Brandon Kramer,sandy70@example.com,"504 Tamara Parkway North Jamesville, AR 83760",2024-07-28
383,Kathy Murphy,charles30@example.com,"40342 Lyons Coves Suite 125 Shanemouth, ND 17137",2021-10-11
384,Todd Bryant,william92@example.com,"884 Rebecca Orchard Wardmouth, MD 52411",2024-03-18
385,Tiffany Massey,kimberly90@example.org,"213 King Street Suite 964 Annafort, RI 35895",2024-04-08
386,Jeremy Smith,epeterson@example.net,"69204 William Freeway Suite 083 Friedmanview, CT 77629",2020-08-06
387,Jordan Miller,albertparker@example.org,"7827 Long Points Suite 909 South Mark, AZ 57949",2023-11-24
388,Joseph Gonzalez,alisontaylor@example.org,"534 Brent Ferry East Lindsay, SC 13975",2021-05-28
389,Lindsay Brown,bradfordjesse@example.org,"1725 Amy Terrace East Susan, RI 63820",2020-11-04
390,Garrett Martin,rioscheryl@example.com,"112 Watson Drive Port William, CO 69952",2021-11-10
391,Erica Sherman,patrick18@example.net,"988 Jeremy Dam Caldwellborough, ND 03090",2024-04-17
392,Donna Powell,danielkent@example.net,"457 Michelle Overpass Suite 698 Lake Madeline, IA 01640",2024-08-24
393,Jeffrey Thompson,emily68@example.com,"7849 Goodwin Coves New Morgan, OK 84520",2023-07-13
394,Richard Abbott,gayala@example.com,"89162 Hall Knolls North Allisonhaven, CA 53633",2020-03-12
395,Kristin Bond,gberry@example.org,"5428 Rodney Valleys Apt. 076 Thompsonbury, NH 06877",2020-02-17
396,Robert Thompson,xfry@example.net,"3492 Amanda Well Catherinefort, GA 89462",2023-10-25
397,Tammy Pham,davidlee@example.com,"04901 Mills Circle Larsonmouth, IN 28279",2023-09-27
398,Leslie Rodriguez,savannahatkinson@example.net,"3672 Catherine Rue Apt. 167 Cookburgh, GA 90685",2023-03-27
399,Sandra Ross,dickersonmark@example.org,"446 Mann Ville Suite 420 New Kristaton, MH 57529",2020-10-16
400,James Daniel,ritawhite@example.org,"724 Gina Harbors South Kaitlynmouth, WV 26501",2024-01-08
